date,country,local,industry_sector,accident_level,potential_accident_level,gender,employee_type,critical_risk,description,year,month,day,weekday,weekofyear,season,severity_score,high_severity,date.1,time,factory,region,shift,workers,exp,training,temp,pressure,humidity,vibration,speed,age,service_days,gas,sparks,alarm,risk,accident,clean_description,root_causes,description_length,word_count,forecast_risk_probability,risk_category,recommendation
2016-01-01,Country_01,Local_01,Mining,I,IV,Male,Third Party,Pressed,"While removing the drill rod of the Jumbo 08 for maintenance, the supervisor proceeds to loosen the support of the intermediate centralizer to facilitate the removal, seeing this the mechanic supports one end on the drill of the equipment to pull with both hands the bar and accelerate the removal from this, at this moment the bar slides from its point of support and tightens the fingers of the mechanic between the drilling bar and the beam of the jumbo.",2016,1,1,Friday,53,Summer,1,0,2021-06-14,12:45:00,Factory_C,Industrial_Zone,Night,48.0,Junior,Yes,29.35,24.39,74.21,0.02,1605.78,12,41,9.93,0,Off,42.74,0,while removing the drill rod of the jumbo    for maintenance  the supervisor proceeds to loosen the support of the intermediate centralizer to facilitate the removal  seeing this the mechanic supports one end on the drill of the equipment to pull with both hands the bar and accelerate the removal from this  at this moment the bar slides from its point of support and tightens the fingers of the mechanic between the drilling bar and the beam of the jumbo,equipment_failure,456,79,0.8933333333333333,High Risk,Increase preventive maintenance frequency and install predictive sensor monitoring systems.
2016-01-02,Country_02,Local_02,Mining,I,IV,Male,Employee,Pressurized Systems,"During the activation of a sodium sulphide pump, the piping was uncoupled and the sulfide solution was designed in the area to reach the maid. Immediately she made use of the emergency shower and was directed to the ambulatory doctor and later to the hospital. Note: of sulphide solution = 48 grams / liter.",2016,1,2,Saturday,53,Summer,1,0,2021-01-09,23:00:00,Factory_C,Industrial_Zone,Day,15.0,Junior,Yes,25.61,23.24,39.93,3.25,3458.25,9,271,1.42,4,Off,55.09,0,during the activation of a sodium sulphide pump  the piping was uncoupled and the sulfide solution was designed in the area to reach the maid  immediately she made use of the emergency shower and was directed to the ambulatory doctor and later to the hospital  note  of sulphide solution      grams   liter,equipment_failure,306,51,0.75,High Risk,Increase preventive maintenance frequency and install predictive sensor monitoring systems.
2016-01-06,Country_01,Local_03,Mining,I,III,Male,Third Party (Remote),Manual Tools,"In the sub-station MILPO located at level +170 when the collaborator was doing the excavation work with a pick (hand tool), hitting a rock with the flat part of the beak, it bounces off hitting the steel tip of the safety shoe and then the metatarsal area of ​​the left foot of the collaborator causing the injury.",2016,1,6,Wednesday,1,Summer,1,0,2023-03-12,05:00:00,Factory_A,Urban,Day,30.0,Junior,No,32.44,25.25,56.57,4.67,2421.23,3,147,2.59,3,Off,53.93,0,in the sub station milpo located at level      when the collaborator was doing the excavation work with a pick  hand tool   hitting a rock with the flat part of the beak  it bounces off hitting the steel tip of the safety shoe and then the metatarsal area of   the left foot of the collaborator causing the injury,other,313,57,0.94,High Risk,Perform comprehensive industrial safety inspection.
2016-01-08,Country_01,Local_04,Mining,I,I,Male,Third Party,Others,"Being 9:45 am. approximately in the Nv. 1880 CX-695 OB7, the personnel begins the task of unlocking the Soquet bolts of the BHB machine, when they were in the penultimate bolt they identified that the hexagonal head was worn, proceeding Mr. Cristóbal - Auxiliary assistant to climb to the platform to exert pressure with your hand on the ""DADO"" key, to prevent it from coming out of the bolt; in those moments two collaborators rotate with the lever in anti-clockwise direction, leaving the key of the bolt, hitting the palm of the left hand, causing the injury.",2016,1,8,Friday,1,Summer,1,0,2022-07-26,17:30:00,Factory_A,Industrial_Zone,Night,30.0,Senior,No,24.04,21.51,62.26,4.52,1309.75,12,162,9.38,1,Off,50.47,0,being      am  approximately in the nv       cx     ob   the personnel begins the task of unlocking the soquet bolts of the bhb machine  when they were in the penultimate bolt they identified that the hexagonal head was worn  proceeding mr  crist bal   auxiliary assistant to climb to the platform to exert pressure with your hand on the  dado  key  to prevent it from coming out of the bolt  in those moments two collaborators rotate with the lever in anti clockwise direction  leaving the key of the bolt  hitting the palm of the left hand  causing the injury,equipment_failure,561,96,0.8733333333333333,High Risk,Increase preventive maintenance frequency and install predictive sensor monitoring systems.
2016-01-10,Country_01,Local_04,Mining,IV,IV,Male,Third Party,Others,"Approximately at 11:45 a.m. in circumstances that the mechanics Anthony (group leader), Eduardo and Eric Fernández-injured-the three of the Company IMPROMEC, performed the removal of the pulley of the motor of the pump 3015 in the ZAF of Marcy. 27 cm / Length: 33 cm / Weight: 70 kg), as it was locked proceed to heating the pulley to loosen it, it comes out and falls from a distance of 1.06 meters high and hits the instep of the right foot of the worker, causing the injury described.",2016,1,10,Sunday,1,Summer,4,1,2021-03-07,06:15:00,Factory_C,Industrial_Zone,Day,9.0,Senior,No,34.08,25.86,69.79,1.01,2711.68,17,53,3.9,2,On,55.78,0,approximately at       a m  in circumstances that the mechanics anthony  group leader   eduardo and eric fern ndez injured the three of the company impromec  performed the removal of the pulley of the motor of the pump      in the zaf of marcy     cm   length     cm   weight     kg   as it was locked proceed to heating the pulley to loosen it  it comes out and falls from a distance of      meters high and hits the instep of the right foot of the worker  causing the injury described,"equipment_failure, human_error, fall_slip",486,84,0.8133333333333334,High Risk,Increase preventive maintenance frequency and install predictive sensor monitoring systems.
2016-01-12,Country_02,Local_05,Metals,I,III,Male,Third Party (Remote),Pressurized Systems,"During the unloading operation of the ustulado Bag there was a need to unclog the discharge mouth of the silo truck. In performing this procedure, there was a maneuver of unhooking the hose without the total depressurisation of the mouth, projecting ustulado powder in the collaborator caused irritation in the eyes.",2016,1,12,Tuesday,2,Summer,1,0,2023-05-09,04:30:00,Factory_D,Rural,Night,19.0,Senior,Yes,31.68,26.04,50.48,0.92,3792.2,18,118,9.93,3,On,57.28,0,during the unloading operation of the ustulado bag there was a need to unclog the discharge mouth of the silo truck  in performing this procedure  there was a maneuver of unhooking the hose without the total depressurisation of the mouth  projecting ustulado powder in the collaborator caused irritation in the eyes,other,315,51,0.9566666666666667,High Risk,Perform comprehensive industrial safety inspection.
2016-01-16,Country_02,Local_05,Metals,I,III,Male,Employee,Fall prevention (same level),"The collaborator reports that he was on street 09 holding in his left hand the volumetric balloon, when he slipped and when placing his hand on the ground the volumetric balloon ended up breaking caused a small wound in his left hand.",2016,1,16,Saturday,2,Summer,1,0,2022-01-23,10:30:00,Factory_A,Urban,Night,26.0,Senior,Yes,23.59,20.91,54.7,1.55,2552.73,3,41,8.13,0,On,28.81,0,the collaborator reports that he was on street    holding in his left hand the volumetric balloon  when he slipped and when placing his hand on the ground the volumetric balloon ended up breaking caused a small wound in his left hand,fall_slip,233,41,0.9366666666666666,High Risk,"Improve floor traction, housekeeping, and PPE compliance."
2016-01-17,Country_01,Local_04,Mining,I,III,Male,Third Party,Pressed,"At approximately 04:50 p.m., when the mechanic technician José of the Tecnomin verified the transmission belts of the HM-100 pump at the Acid plant, he proceeded to turn the pulley manually; unexpectedly at that instant the electrician supervisor Miguel of the EKA Mining grabs the transmission belts to verify their tension, at which point the finger traps.",2016,1,17,Sunday,2,Summer,1,0,2023-07-01,10:30:00,Factory_C,Industrial_Zone,Night,49.0,Senior,Yes,26.1,20.88,58.91,4.23,3917.43,2,151,4.76,4,On,42.97,0,at approximately       p m   when the mechanic technician jos  of the tecnomin verified the transmission belts of the hm     pump at the acid plant  he proceeded to turn the pulley manually  unexpectedly at that instant the electrician supervisor miguel of the eka mining grabs the transmission belts to verify their tension  at which point the finger traps,"equipment_failure, human_error",357,57,0.93,High Risk,Increase preventive maintenance frequency and install predictive sensor monitoring systems.
2016-01-19,Country_02,Local_02,Mining,I,IV,Male,Third Party (Remote),Others,"Employee was sitting in the resting area at level 326 (raise bore), when he suffered sudden illness, falling and suffering excoriation on the face.",2016,1,19,Tuesday,3,Summer,1,0,2022-04-05,16:45:00,Factory_A,Urban,Night,28.0,Senior,Yes,29.29,25.08,64.67,3.92,1592.98,1,302,5.53,3,On,58.68,0,employee was sitting in the resting area at level      raise bore   when he suffered sudden illness  falling and suffering excoriation on the face,fall_slip,146,23,0.9166666666666666,High Risk,"Improve floor traction, housekeeping, and PPE compliance."
2016-01-26,Country_01,Local_06,Metals,I,II,Male,Third Party,Chemical substances,"At the moment the forklift operator went to manipulate big bag of bioxide in section 70 and just in front of the ladder that leads to the area of ​​manual displacement, he splashed spent at the height of his forehead from a fissure in pipe G -069, subsequently spilling to his left eye. The collaborator went to the nearby eyewash for cleaning and immediately to the medical center.",2016,1,26,Tuesday,4,Summer,1,0,2022-09-20,17:45:00,Factory_D,Urban,Day,12.0,Junior,Yes,10.0,13.22,37.8,2.79,1989.35,6,110,0.49,4,On,9.45,0,at the moment the forklift operator went to manipulate big bag of bioxide in section    and just in front of the ladder that leads to the area of   manual displacement  he splashed spent at the height of his forehead from a fissure in pipe g       subsequently spilling to his left eye  the collaborator went to the nearby eyewash for cleaning and immediately to the medical center,human_error,381,66,0.9433333333333334,High Risk,Conduct advanced worker safety training and strengthen operational supervision.
2016-01-28,Country_01,Local_03,Mining,I,III,Male,Employee,Others,"While installing a segment of the polyurethane pulley protective lyner - 60x4x5cm weighing 1.2 kg - on the head pulley of the ore winch, when the pulley is rotated to compress the lyner inside the channel, it falls from its housing 1.50 m rubbing the right side of the worker's hip, generating the injury described.",2016,1,28,Thursday,4,Summer,1,0,2021-06-16,21:45:00,Factory_A,Rural,Day,23.0,Junior,Yes,29.27,26.61,75.65,1.37,1270.52,16,348,4.02,4,On,71.1,0,while installing a segment of the polyurethane pulley protective lyner     x x cm weighing     kg   on the head pulley of the ore winch  when the pulley is rotated to compress the lyner inside the channel  it falls from its housing      m rubbing the right side of the worker s hip  generating the injury described,"human_error, fall_slip",314,54,0.9066666666666666,High Risk,Conduct advanced worker safety training and strengthen operational supervision.
2016-01-30,Country_01,Local_03,Mining,I,IV,Male,Third Party,Others,"While preparing the rice for the lunch of the day, when moving the pot # 60 - 35 Kg of weight including the contents - to evacuate the residual water of the cooking of the rice, when positioning the pot on a jaba it tilts backwards spilling some 200 ml of hot water on the cook's leg. The cook immediately after the event applies first aid, pouring cold water on the area of ​​the injury and go to the medical post for evaluation.",2016,1,30,Saturday,4,Summer,1,0,2022-03-05,00:30:00,Factory_C,Urban,Night,24.0,Junior,Yes,27.89,25.45,57.69,3.27,3105.31,17,203,8.87,1,Off,64.45,0,while preparing the rice for the lunch of the day  when moving the pot           kg of weight including the contents   to evacuate the residual water of the cooking of the rice  when positioning the pot on a jaba it tilts backwards spilling some     ml of hot water on the cook s leg  the cook immediately after the event applies first aid  pouring cold water on the area of   the injury and go to the medical post for evaluation,other,429,78,0.93,High Risk,Perform comprehensive industrial safety inspection.
2016-02-01,Country_02,Local_05,Metals,I,I,Male,Employee,Liquid Metal,The collaborator reports that he was working in the Ustulación and realized that the cyclone duct was obstructed and opened the door to try to unclog the same and the material detached and projected towards the employee causing small burn in the right heel.,2016,2,1,Monday,5,Summer,1,0,2022-12-02,05:15:00,Factory_B,Industrial_Zone,Day,41.0,Senior,No,16.56,20.4,77.98,3.02,3460.92,7,92,6.55,2,On,25.94,0,the collaborator reports that he was working in the ustulaci n and realized that the cyclone duct was obstructed and opened the door to try to unclog the same and the material detached and projected towards the employee causing small burn in the right heel,other,256,45,0.9,High Risk,Perform comprehensive industrial safety inspection.
2016-02-04,Country_02,Local_05,Metals,I,III,Male,Employee,Confined space,"Due to the accumulation of Waelz on the conveyor and trailer of the Filter 08FI0502, the employee performed the cleaning of the shutter using the air lance, when he was surprised by the fall of the product that was above the door, passing between the neck and the collar of the aramid jacket and causing burn in the neck and shoulder.",2016,2,4,Thursday,5,Summer,1,0,2021-01-09,00:15:00,Factory_D,Urban,Night,27.0,Senior,Yes,30.44,24.26,55.15,2.22,1640.03,18,194,7.05,4,Off,61.63,0,due to the accumulation of waelz on the conveyor and trailer of the filter   fi      the employee performed the cleaning of the shutter using the air lance  when he was surprised by the fall of the product that was above the door  passing between the neck and the collar of the aramid jacket and causing burn in the neck and shoulder,fall_slip,333,61,0.9433333333333334,High Risk,"Improve floor traction, housekeeping, and PPE compliance."
2016-02-04,Country_02,Local_05,Metals,I,IV,Male,Employee,Liquid Metal,"The employee was working in the When a thermal shock caused a splash of zinc in his direction, the employee, despite using all the indicated PPE, was hit by small spatters that passed between the facila and the hood. small burn in the face region.",2016,2,4,Thursday,5,Summer,1,0,2022-09-15,05:45:00,Factory_B,Urban,Night,35.0,Junior,Yes,16.16,15.43,73.29,0.43,3255.32,17,198,5.7,4,On,35.0,0,the employee was working in the when a thermal shock caused a splash of zinc in his direction  the employee  despite using all the indicated ppe  was hit by small spatters that passed between the facila and the hood  small burn in the face region,electrical,246,45,0.89,High Risk,Perform electrical safety audits and strengthen cable insulation inspections.
2016-02-07,Country_01,Local_06,Metals,I,II,Female,Third Party,Others,"Due to the overheating of 2 bars in row 5 of cell 7 a spark is produced, which is projected and manages to reach the Chief of guard who was in the corridor, producing a first degree burn in the neck.",2016,2,7,Sunday,5,Summer,1,0,2022-11-08,07:15:00,Factory_D,Rural,Day,44.0,Junior,No,14.36,13.53,78.41,3.62,3950.06,15,82,0.76,3,Off,23.79,0,due to the overheating of   bars in row   of cell   a spark is produced  which is projected and manages to reach the chief of guard who was in the corridor  producing a first degree burn in the neck,other,198,38,0.9166666666666666,High Risk,Perform comprehensive industrial safety inspection.
2016-02-08,Country_01,Local_06,Metals,I,II,Male,Employee,Others,"An auxiliary wheel of the cathode crane G2133 was changed in area 75, when when a bearing was heated and hit with a hammer and chisel at one end of the bearing track, a detachment of a bearing piece occurred, impacting it in the thigh of the right leg producing a cut. The ambulance is called and you are transferred to the clinic.",2016,2,8,Monday,6,Summer,1,0,2022-12-10,00:15:00,Factory_D,Industrial_Zone,Night,29.0,Junior,Yes,21.14,23.45,66.2,0.72,1048.47,5,170,7.19,2,Off,38.4,0,an auxiliary wheel of the cathode crane g     was changed in area     when when a bearing was heated and hit with a hammer and chisel at one end of the bearing track  a detachment of a bearing piece occurred  impacting it in the thigh of the right leg producing a cut  the ambulance is called and you are transferred to the clinic,other,330,62,0.9233333333333333,High Risk,Perform comprehensive industrial safety inspection.
2016-02-21,Country_01,Local_06,Metals,I,III,Male,Employee,Others,"The worker Manuel was making the disconnection of the power cables of the gate that is at the intersection of Manco streets with Cajamarquilla in order to remove it. In circumstances that Mr. José worker of the company ITS, was removing the rope tied in the body of the gate, this yields and falls pulling the warning post which hits the helmet of Mr. who He was standing at his side.",2016,2,21,Sunday,7,Summer,1,0,2021-02-25,07:45:00,Factory_B,Rural,Day,19.0,Junior,Yes,33.7,22.15,37.14,2.05,2368.38,15,150,2.64,3,On,57.56,0,the worker manuel was making the disconnection of the power cables of the gate that is at the intersection of manco streets with cajamarquilla in order to remove it  in circumstances that mr  jos  worker of the company its  was removing the rope tied in the body of the gate  this yields and falls pulling the warning post which hits the helmet of mr  who he was standing at his side,"human_error, fall_slip",383,71,0.92,High Risk,Conduct advanced worker safety training and strengthen operational supervision.
2016-02-25,Country_01,Local_06,Metals,I,II,Male,Third Party,Others,"At 14:16, the operator Samuel was about to open the container for its subsequent loading with silver concentrate, and opened the first gate. Afterwards, he tries to open the second door and it is when product of the opening of the latter, the first one opens and impacts with the handle the safety lens and generates the injury in the left cheekbone of the face of the operator.",2016,2,25,Thursday,8,Summer,1,0,2023-05-16,16:00:00,Factory_D,Urban,Day,42.0,Junior,Yes,33.59,25.79,49.19,0.29,1635.87,2,169,1.98,2,Off,52.03,0,at        the operator samuel was about to open the container for its subsequent loading with silver concentrate  and opened the first gate  afterwards  he tries to open the second door and it is when product of the opening of the latter  the first one opens and impacts with the handle the safety lens and generates the injury in the left cheekbone of the face of the operator,human_error,377,67,0.87,High Risk,Conduct advanced worker safety training and strengthen operational supervision.
2016-02-09,Country_01,Local_03,Mining,I,IV,Male,Third Party,Others,"In the Raise chamber, when the operator and assistant removed the drilling bar from the 71R drilling machine - weight approx. 500 Kg - holding it at the top with a 2 TM stroke and assisted with jibs to move horizontally, the operator's jib on the bottom slides by moving the top of the drill bar causing the assistant's bar to enforce his assistant's hand between the bar and the piston of the equipment.",2016,2,9,Tuesday,6,Summer,1,0,2022-07-14,10:45:00,Factory_C,Industrial_Zone,Night,15.0,Senior,No,22.4,23.07,59.4,3.1,3377.71,19,225,4.53,4,On,47.1,0,in the raise chamber  when the operator and assistant removed the drilling bar from the   r drilling machine   weight approx      kg   holding it at the top with a   tm stroke and assisted with jibs to move horizontally  the operator s jib on the bottom slides by moving the top of the drill bar causing the assistant s bar to enforce his assistant s hand between the bar and the piston of the equipment,"equipment_failure, human_error",403,73,0.9166666666666666,High Risk,Increase preventive maintenance frequency and install predictive sensor monitoring systems.
2016-02-14,Country_01,Local_06,Metals,I,II,Male,Third Party,Others,"An operator of the G-2142 deslaminadora in section 75 was unlocking a sheet of zinc stuck so that it can enter the slide of the stacking table, for this requires the support of Mr. Mollares and this helps to hold the sheet to place it in the entry chute to the slide. At the moment of releasing the blade, it tilted and brushed Mr. Mollares's left leg. The collaborator went to the nearby eyewash for cleaning and immediately to the medical center.",2016,2,14,Sunday,6,Summer,1,0,2023-01-20,07:00:00,Factory_C,Industrial_Zone,Night,20.0,Senior,Yes,26.88,23.48,65.37,4.24,2778.4,7,234,2.01,2,Off,52.39,0,an operator of the g      deslaminadora in section    was unlocking a sheet of zinc stuck so that it can enter the slide of the stacking table  for this requires the support of mr  mollares and this helps to hold the sheet to place it in the entry chute to the slide  at the moment of releasing the blade  it tilted and brushed mr  mollares s left leg  the collaborator went to the nearby eyewash for cleaning and immediately to the medical center,human_error,447,82,0.8466666666666667,High Risk,Conduct advanced worker safety training and strengthen operational supervision.
2016-02-15,Country_01,Local_06,Metals,I,II,Male,Employee,Manual Tools,"The operator was willing to manually displace the zinc sheet adhered to the aluminum cathode. At the moment when the blade was detached, the blade was released from the cathode, bending and grazing the collaborator's right hand, producing 2 small cuts at the knuckles of the fingers, the worker made use of his gloves. leather. The worker is transferred to the medical unit for first aid.",2016,2,15,Monday,7,Summer,1,0,2023-08-27,22:00:00,Factory_D,Rural,Night,5.0,Junior,Yes,26.45,24.42,63.4,3.36,3233.09,11,251,7.18,1,On,58.17,0,the operator was willing to manually displace the zinc sheet adhered to the aluminum cathode  at the moment when the blade was detached  the blade was released from the cathode  bending and grazing the collaborator s right hand  producing   small cuts at the knuckles of the fingers  the worker made use of his gloves  leather  the worker is transferred to the medical unit for first aid,human_error,387,66,0.8266666666666667,High Risk,Conduct advanced worker safety training and strengthen operational supervision.
2016-02-13,Country_01,Local_01,Mining,I,I,Male,Employee,Others,"At the end of lunch in an enabled place on the side of the winche control room. He gets up and after a short walk he slips and sits with the floor and making contact with the left knee and not taking importance in the rest of the guard, when the guard is finished, he goes to safety and communicates the fact, for which reason it is derived Natclar, for your attention.",2016,2,13,Saturday,6,Summer,1,0,2021-09-25,06:30:00,Factory_C,Rural,Day,21.0,Junior,Yes,15.23,16.54,76.69,2.53,1003.19,9,240,0.07,3,Off,36.18,0,at the end of lunch in an enabled place on the side of the winche control room  he gets up and after a short walk he slips and sits with the floor and making contact with the left knee and not taking importance in the rest of the guard  when the guard is finished  he goes to safety and communicates the fact  for which reason it is derived natclar  for your attention,fall_slip,368,72,0.7833333333333333,High Risk,"Improve floor traction, housekeeping, and PPE compliance."
2016-02-15,Country_01,Local_03,Mining,I,III,Male,Third Party,Others,"At the end of the rock break at the intersection of the ramp -1055 and the opening of the access to the ventilation chimney, the master loader identifies rocks on the mesh proceeding to unload them, at the end he decides to verify if there are still remains by positioning himself under the line of fire, at which time a fragment of rock falls - 5x4x3cm .; 180 gr - between the cocada mesh impacting between the lens and the helmet causing the injury.",2016,2,15,Monday,7,Summer,1,0,2023-05-30,23:30:00,Factory_C,Urban,Night,6.0,Senior,No,33.3,22.96,70.58,2.31,3506.64,13,311,7.83,0,On,71.61,0,at the end of the rock break at the intersection of the ramp       and the opening of the access to the ventilation chimney  the master loader identifies rocks on the mesh proceeding to unload them  at the end he decides to verify if there are still remains by positioning himself under the line of fire  at which time a fragment of rock falls    x x cm        gr   between the cocada mesh impacting between the lens and the helmet causing the injury,"fire_explosion, fall_slip",450,81,0.8966666666666666,High Risk,"Improve gas leakage monitoring, fire suppression systems, and emergency shutdown protocols."
2016-02-16,Country_01,Local_01,Mining,I,IV,Male,Employee,Others,"The worker carried out his work at level 2940, stop 896; and placed metal mesh on the basket (SOIL HALF) of the Scissor the mesh falls and hits the back of his right hand.",2016,2,16,Tuesday,7,Summer,1,0,2021-07-11,23:45:00,Factory_D,Industrial_Zone,Day,23.0,Junior,No,27.83,24.26,37.25,3.66,3544.48,16,205,5.36,2,Off,63.87,0,the worker carried out his work at level       stop      and placed metal mesh on the basket  soil half  of the scissor the mesh falls and hits the back of his right hand,"human_error, fall_slip",170,32,0.9133333333333333,High Risk,Conduct advanced worker safety training and strengthen operational supervision.
2016-02-17,Country_01,Local_03,Mining,I,II,Male,Employee,Others,"When the plant operator was semi-kneeling when lifting the lid or gate (15 kg) of the distributor box of the secondary mill No. 4 and No. 5, his right knee slips due to the presence of debris spilled on the platform or floor (Grating) - which gave him an extra effort in his left leg, generating a muscle contracture.",2016,2,17,Wednesday,7,Summer,1,0,2022-09-09,03:30:00,Factory_C,Industrial_Zone,Night,14.0,Senior,Yes,15.61,15.9,64.28,1.67,2408.98,17,194,4.68,0,Off,33.52,0,when the plant operator was semi kneeling when lifting the lid or gate     kg  of the distributor box of the secondary mill no    and no     his right knee slips due to the presence of debris spilled on the platform or floor  grating    which gave him an extra effort in his left leg  generating a muscle contracture,"human_error, fall_slip",316,56,0.9333333333333333,High Risk,Conduct advanced worker safety training and strengthen operational supervision.
2016-02-19,Country_01,Local_03,Mining,I,II,Male,Employee,Others,"At level -1095 - Access 6 A2 - at times when the engineer trainee planamieto entered to verify the amount of split set placed by the Scissor 184 in the support - holding his notebook and pen in his left hand - while inspecting the roof of the work, he lost the balance when stepping on a rock holding the right hand on a rock on the floor causing the injury. The worker at the time of the accident wore gloves but did not use them because it made it difficult to take notes.",2016,2,19,Friday,7,Summer,1,0,2022-11-16,15:15:00,Factory_C,Industrial_Zone,Day,8.0,Senior,Yes,11.68,16.61,73.58,3.96,3608.28,16,165,5.02,4,On,32.37,0,at level         access   a    at times when the engineer trainee planamieto entered to verify the amount of split set placed by the scissor     in the support   holding his notebook and pen in his left hand   while inspecting the roof of the work  he lost the balance when stepping on a rock holding the right hand on a rock on the floor causing the injury  the worker at the time of the accident wore gloves but did not use them because it made it difficult to take notes,human_error,473,87,0.8966666666666666,High Risk,Conduct advanced worker safety training and strengthen operational supervision.
2016-02-15,Country_02,Local_05,Metals,I,II,Male,Employee,Others,The employee was clearing the pipe when he tapped his right thumb against the flange causing little trauma.,2016,2,15,Monday,7,Summer,1,0,2022-12-04,10:45:00,Factory_D,Industrial_Zone,Night,30.0,Senior,Yes,20.28,17.69,53.7,4.02,2407.96,9,323,2.97,3,On,53.87,0,the employee was clearing the pipe when he tapped his right thumb against the flange causing little trauma,other,106,18,0.9533333333333334,High Risk,Perform comprehensive industrial safety inspection.
2016-02-18,Country_02,Local_05,Metals,I,III,Male,Third Party (Remote),Pressed,"When replacing the telescopic expansion joint of the HDPE pipe of the storm drainage pumping system, it reports that the piece involuntarily moved when it was positioned in the holder, pressing its finger against the holder, causing a wound 1 right chemo.",2016,2,18,Thursday,7,Summer,1,0,2022-08-16,13:30:00,Factory_A,Urban,Night,34.0,Senior,No,20.94,19.14,72.14,2.07,2255.68,5,251,1.01,1,Off,49.53,0,when replacing the telescopic expansion joint of the hdpe pipe of the storm drainage pumping system  it reports that the piece involuntarily moved when it was positioned in the holder  pressing its finger against the holder  causing a wound   right chemo,equipment_failure,254,41,0.8933333333333333,High Risk,Increase preventive maintenance frequency and install predictive sensor monitoring systems.
2016-02-22,Country_01,Local_01,Mining,I,IV,Male,Third Party,Others,"During the withdrawal the Kelly bar (conductive bar of 45 Kg, 1.5 m of length and 10 cm of diameter) of the equipment of perforation on the part of two workers, one of them is positioned in the low part to tie the bar and the injured one is position in the upper part to hold the bar, when positioning the bar on the platform they lose control of the bar moving 5 cm with the 2nd finger of the right hand against the pulleys of the frame. At the time of the accident, the worker was wearing safety gloves and the drill rig was blocked.",2016,2,22,Monday,8,Summer,1,0,2022-11-27,20:45:00,Factory_D,Industrial_Zone,Day,47.0,Junior,No,17.83,18.93,65.61,0.58,3408.0,1,214,0.36,2,On,35.84,0,during the withdrawal the kelly bar  conductive bar of    kg      m of length and    cm of diameter  of the equipment of perforation on the part of two workers  one of them is positioned in the low part to tie the bar and the injured one is position in the upper part to hold the bar  when positioning the bar on the platform they lose control of the bar moving   cm with the  nd finger of the right hand against the pulleys of the frame  at the time of the accident  the worker was wearing safety gloves and the drill rig was blocked,"equipment_failure, human_error",534,102,0.92,High Risk,Increase preventive maintenance frequency and install predictive sensor monitoring systems.
2016-02-24,Country_02,Local_07,Mining,I,V,Male,Employee,Others,When starting the activity of removing a coil of electric cables in the warehouse with the help of forklift truck the operator did not notice that there was a beehive in it. Due to the movement of the coil the bees were excited. Realizing the fact the operator turned off the equipment and left the area. People passing by were stung.,2016,2,24,Wednesday,8,Summer,1,0,2021-11-25,15:45:00,Factory_A,Urban,Night,23.0,Senior,Yes,14.12,15.27,37.32,2.14,2356.57,7,118,9.93,0,On,21.93,0,when starting the activity of removing a coil of electric cables in the warehouse with the help of forklift truck the operator did not notice that there was a beehive in it  due to the movement of the coil the bees were excited  realizing the fact the operator turned off the equipment and left the area  people passing by were stung,"equipment_failure, human_error",333,61,0.9266666666666666,High Risk,Increase preventive maintenance frequency and install predictive sensor monitoring systems.
2016-02-24,Country_02,Local_07,Mining,I,V,Female,Third Party,Others,When starting the activity of removing a coil of electric cables in the warehouse with the help of forklift truck the operator did not notice that there was a beehive in it. Due to the movement of the coil the bees were excited. Realizing the fact the operator turned off the equipment and left the area. People passing by were stung.,2016,2,24,Wednesday,8,Summer,1,0,2021-04-29,16:30:00,Factory_C,Industrial_Zone,Night,,Senior,Yes,32.5,25.81,49.61,3.57,2083.88,4,195,8.54,2,On,50.28,0,when starting the activity of removing a coil of electric cables in the warehouse with the help of forklift truck the operator did not notice that there was a beehive in it  due to the movement of the coil the bees were excited  realizing the fact the operator turned off the equipment and left the area  people passing by were stung,"equipment_failure, human_error",333,61,0.9233333333333333,High Risk,Increase preventive maintenance frequency and install predictive sensor monitoring systems.
2016-02-24,Country_01,Local_01,Mining,I,IV,Male,Employee,Others,"During the pre-use inspection of the Jumbo 15 (check list) equipment, the operator of the equipment finds behind the seat a plastic bottle filled with a liquid apparently mineral water, without any label or labeling. Take the bottle and take a small sip of the liquid, expelling it immediately when noticing that it was not water, immediately proceeds to wash with enough water and is transferred to the medical center for your attention. The liquid with which it had contact is an esengrasante product of equipment and machinery of low toxicity.",2016,2,24,Wednesday,8,Summer,1,0,2022-12-21,17:00:00,Factory_C,Urban,Night,42.0,Junior,Yes,21.99,19.44,73.12,0.85,2672.75,16,310,1.82,3,Off,58.26,0,during the pre use inspection of the jumbo     check list  equipment  the operator of the equipment finds behind the seat a plastic bottle filled with a liquid apparently mineral water  without any label or labeling  take the bottle and take a small sip of the liquid  expelling it immediately when noticing that it was not water  immediately proceeds to wash with enough water and is transferred to the medical center for your attention  the liquid with which it had contact is an esengrasante product of equipment and machinery of low toxicity,"equipment_failure, human_error",545,91,0.89,High Risk,Increase preventive maintenance frequency and install predictive sensor monitoring systems.
2016-02-29,Country_02,Local_02,Mining,II,IV,Male,Employee,Others,"During maintenance of the Flyght pump rotor, the oil pressure of the the lubrication chamber caused the chamber cover to be projected towards the employee's face, striking him superficially on the forehead, causing injury.",2016,2,29,Monday,9,Summer,2,0,2021-02-10,12:30:00,Factory_B,Urban,Night,40.0,Junior,Yes,32.08,25.27,77.39,3.63,2830.21,6,287,9.75,1,On,64.94,0,during maintenance of the flyght pump rotor  the oil pressure of the the lubrication chamber caused the chamber cover to be projected towards the employee s face  striking him superficially on the forehead  causing injury,equipment_failure,221,35,0.7233333333333334,High Risk,Increase preventive maintenance frequency and install predictive sensor monitoring systems.
2016-02-26,Country_01,Local_06,Metals,I,IV,Male,Third Party (Remote),Pressurized Systems / Chemical Substances,"Approx. at 11:22 am there is a leakage of sulfur dioxide (SO2) from section 20/30 due to water seal blowing due to overpressure of the acid plant, at that moment there were 13 collaborators of CORMEI companies, EISSA and COSAPI doing work near the impacted area; who were evacuated to the medical center for their care, then returned to their usual work.",2016,2,26,Friday,8,Summer,1,0,2022-03-10,09:30:00,Factory_B,Urban,Night,24.0,Junior,Yes,40.11,28.73,50.9,1.29,2354.49,19,195,5.93,2,On,75.24,1,approx  at       am there is a leakage of sulfur dioxide  so   from section       due to water seal blowing due to overpressure of the acid plant  at that moment there were    collaborators of cormei companies  eissa and cosapi doing work near the impacted area  who were evacuated to the medical center for their care  then returned to their usual work,other,353,59,0.9233333333333333,High Risk,Perform comprehensive industrial safety inspection.
2016-02-27,Country_01,Local_01,Mining,I,III,Male,Third Party,Others,"While performing the cutting of the meshes protruding in the gables of the work, the assistant loader is positioned at 1.40mt. on the floor using a portable ladder which was held at the base by the master loader, at which time the loader assistant loses balance and when falling is held by the mesh with the hand hanging at 0.80mt. of the floor causing the injury.",2016,2,27,Saturday,8,Summer,1,0,2023-09-30,21:00:00,Factory_B,Urban,Night,43.0,Senior,No,14.12,16.93,52.28,3.7,2140.07,6,273,8.25,0,Off,37.39,0,while performing the cutting of the meshes protruding in the gables of the work  the assistant loader is positioned at     mt  on the floor using a portable ladder which was held at the base by the master loader  at which time the loader assistant loses balance and when falling is held by the mesh with the hand hanging at     mt  of the floor causing the injury,fall_slip,363,66,0.8833333333333333,High Risk,"Improve floor traction, housekeeping, and PPE compliance."
2016-03-02,Country_02,Local_08,Metals,I,III,Male,Employee,Pressed,"The operator was in the center (Demag IV), performing maintenance. When transporting the hydraulic cylinder with the help of another operator the official was unbalanced coming the cylinder that carried to press his finger (Left thumb) against the pillar of support of the oven specified below (figure).",2016,3,2,Wednesday,9,Autumn,1,0,2023-04-14,17:30:00,Factory_D,Urban,Night,49.0,Junior,No,33.49,23.37,41.34,4.84,3366.37,11,307,6.37,1,On,67.49,0,the operator was in the center  demag iv   performing maintenance  when transporting the hydraulic cylinder with the help of another operator the official was unbalanced coming the cylinder that carried to press his finger  left thumb  against the pillar of support of the oven specified below  figure,human_error,301,47,0.72,High Risk,Conduct advanced worker safety training and strengthen operational supervision.
2016-03-02,Country_01,Local_06,Metals,I,III,Male,Employee,Blocking and isolation of energies,"During the start of the neutral leaching process, the employee Jhonatan proceeds to open the air valve of the tank Airlift a circumstance in which the process solution returns through the chimney, the solution coming into contact with the arm and right foot.",2016,3,2,Wednesday,9,Autumn,1,0,2023-06-29,12:15:00,Factory_B,Rural,Day,33.0,Senior,No,31.42,24.64,69.27,2.67,2676.87,15,237,9.06,4,Off,68.45,0,during the start of the neutral leaching process  the employee jhonatan proceeds to open the air valve of the tank airlift a circumstance in which the process solution returns through the chimney  the solution coming into contact with the arm and right foot,equipment_failure,257,43,0.89,High Risk,Increase preventive maintenance frequency and install predictive sensor monitoring systems.
2016-03-03,Country_01,Local_03,Mining,I,III,Male,Third Party,Others,"At a time when two assistants were carrying a bag of cement weighing 42.5 kg to the lamp of the loader - suspended about 10 cm from the floor, the left foot of one of the assistants slid and hit the edge of the baton.",2016,3,3,Thursday,9,Autumn,1,0,2021-04-21,16:45:00,Factory_C,Industrial_Zone,Day,36.0,Junior,Yes,32.86,27.24,55.75,0.88,1971.31,17,362,0.66,0,On,78.16,1,at a time when two assistants were carrying a bag of cement weighing      kg to the lamp of the loader   suspended about    cm from the floor  the left foot of one of the assistants slid and hit the edge of the baton,other,216,42,0.9,High Risk,Perform comprehensive industrial safety inspection.
2016-03-04,Country_01,Local_06,Metals,I,III,Male,Employee,Manual Tools,"The operator cleaned with spatula spear through one of the windows of the boiler, at that time by force action hit the window frame, causing injury to the little finger of the left hand, the operator had all EPP for boiler cleaning.",2016,3,4,Friday,9,Autumn,1,0,2021-04-02,14:00:00,Factory_B,Industrial_Zone,Night,35.0,Junior,Yes,35.19,29.13,63.78,3.2,3976.3,10,323,2.71,2,On,74.16,0,the operator cleaned with spatula spear through one of the windows of the boiler  at that time by force action hit the window frame  causing injury to the little finger of the left hand  the operator had all epp for boiler cleaning,human_error,231,42,0.87,High Risk,Conduct advanced worker safety training and strengthen operational supervision.
2016-03-05,Country_01,Local_03,Mining,I,IV,Male,Employee,Others,"The locomotive No. 15 operated by MAPERU personnel, was directed with 10 wagons loaded with ore from the OP4 to the waste bin. Next to the waste bin, the patrol car (which goes on the back of the wagons) the moment it passed over a change of track, the left rear wheel of the patrol car leaves the rail advancing the locomotive leaving the patrol car tilted more ahead. The assistant motorist who traveled alone in the patrol car remained inside the structure and suffered minor bruises.",2016,3,5,Saturday,9,Autumn,1,0,2023-02-10,12:15:00,Factory_A,Urban,Night,41.0,Junior,No,33.13,24.48,72.42,2.49,3543.73,7,337,4.52,1,On,71.52,0,the locomotive no     operated by maperu personnel  was directed with    wagons loaded with ore from the op  to the waste bin  next to the waste bin  the patrol car  which goes on the back of the wagons  the moment it passed over a change of track  the left rear wheel of the patrol car leaves the rail advancing the locomotive leaving the patrol car tilted more ahead  the assistant motorist who traveled alone in the patrol car remained inside the structure and suffered minor bruises,equipment_failure,486,85,0.8633333333333333,High Risk,Increase preventive maintenance frequency and install predictive sensor monitoring systems.
2016-03-06,Country_01,Local_04,Mining,I,III,Male,Employee,Others,"On pit 831 of level 1910 when radial drilling was performed of negative holes with the simba M4C ITH No. 5 equipment, when the assistant of the equipment operator made the change of the drill bit, the metal bar (hammer) is released from the coupling of the rotation unit and when abruptly withdrawing his hands hit the back of his right hand against the team's structure. At the time of the accident the team was Paid.",2016,3,6,Sunday,9,Autumn,1,0,2022-03-24,22:15:00,Factory_D,Industrial_Zone,Day,22.0,Junior,Yes,30.0,24.52,74.77,4.71,2943.27,11,359,7.34,2,Off,71.24,0,on pit     of level      when radial drilling was performed of negative holes with the simba m c ith no    equipment  when the assistant of the equipment operator made the change of the drill bit  the metal bar  hammer  is released from the coupling of the rotation unit and when abruptly withdrawing his hands hit the back of his right hand against the team s structure  at the time of the accident the team was paid,"equipment_failure, human_error",417,75,0.7333333333333333,High Risk,Increase preventive maintenance frequency and install predictive sensor monitoring systems.
2016-03-06,Country_01,Local_03,Mining,III,IV,Male,Third Party (Remote),Others,"At a time when a worker and another partner were preparing to move an oil cylinder (55 gallons) on a mobile platform mounted on rails (platform weighing approximately 200 kg) it is derailed (leaves the rail). In order to place the platform on the rail, both workers lift the platform and in those instants the right hand of one of them is trapped between the rail and the platform structure where it was held (metallic tube protruding from the platform). This accident caused a bruised wound on the index finger of the right hand, there was no fracture. At the time of the accident they both wore leather-type safety gloves.",2016,3,6,Sunday,9,Autumn,3,0,2023-03-09,10:00:00,Factory_C,Industrial_Zone,Day,30.0,Junior,No,31.19,27.87,46.14,4.43,2381.86,14,329,7.45,1,Off,69.53,0,at a time when a worker and another partner were preparing to move an oil cylinder     gallons  on a mobile platform mounted on rails  platform weighing approximately     kg  it is derailed  leaves the rail   in order to place the platform on the rail  both workers lift the platform and in those instants the right hand of one of them is trapped between the rail and the platform structure where it was held  metallic tube protruding from the platform   this accident caused a bruised wound on the index finger of the right hand  there was no fracture  at the time of the accident they both wore leather type safety gloves,human_error,623,109,0.7466666666666667,High Risk,Conduct advanced worker safety training and strengthen operational supervision.
2016-03-09,Country_01,Local_06,Metals,I,IV,Male,Third Party,Suspended Loads,"The operator was feeding a bag of big bag containing scraps of Zn sheets. During lifting, this loaded bag is released from the hook of the hoist, making abrupt contact with the liquid zinc of the furnace, generating an explosion and causing the operator to be hit with liquid zinc.",2016,3,9,Wednesday,10,Autumn,1,0,2021-09-06,22:15:00,Factory_D,Urban,Night,36.0,Senior,No,15.16,18.65,47.44,1.4,1257.15,19,103,3.87,1,On,32.14,0,the operator was feeding a bag of big bag containing scraps of zn sheets  during lifting  this loaded bag is released from the hook of the hoist  making abrupt contact with the liquid zinc of the furnace  generating an explosion and causing the operator to be hit with liquid zinc,"human_error, fire_explosion",280,50,0.9333333333333333,High Risk,Conduct advanced worker safety training and strengthen operational supervision.
2016-03-11,Country_01,Local_03,Mining,III,V,Male,Third Party,Others,"In circumstances that two workers of the company INCIMMET made the loading of explosives using an equipment anfoloader, in a front of the work - sustained with shotcreterepentinamente of the right superior part of the crown, a piece of rock of approx. 9. kg, (0.2mx0.15mx0.10m), impacting on the basket and on the back of the helper who was in the basket suspended at 2.2 m height, moments later a block of rock is detached from the wall of the gable approx. 1,500 kg. (1.20mx1.10mx0.40m), which impacts the ampoloader team and part of this block injures the operator of the ampoloader team who was standing on the ground. The equipment anfoloader has a cabin with protection ROPs and FOPs, at the time of the accident both workers used helmets and safety boots. Both suffered polyontusions and minor scoria injuries.",2016,3,11,Friday,10,Autumn,3,0,2022-12-11,21:00:00,Factory_B,Rural,Day,28.0,Junior,Yes,19.85,19.9,39.32,0.09,1522.85,5,12,5.08,1,Off,25.87,0,in circumstances that two workers of the company incimmet made the loading of explosives using an equipment anfoloader  in a front of the work   sustained with shotcreterepentinamente of the right superior part of the crown  a piece of rock of approx     kg      mx    mx    m   impacting on the basket and on the back of the helper who was in the basket suspended at     m height  moments later a block of rock is detached from the wall of the gable approx        kg       mx    mx    m   which impacts the ampoloader team and part of this block injures the operator of the ampoloader team who was standing on the ground  the equipment anfoloader has a cabin with protection rops and fops  at the time of the accident both workers used helmets and safety boots  both suffered polyontusions and minor scoria injuries,"equipment_failure, human_error",816,138,0.7933333333333333,High Risk,Increase preventive maintenance frequency and install predictive sensor monitoring systems.
2016-03-11,Country_01,Local_03,Mining,I,V,Male,Third Party,Others,"In circumstances that two workers of the company INCIMMET fectuaban the loading of explosives using an equipment anfoloader, in a front of the work - sustained with shotcreterepentinamente of the right superior part of the crown, a piece of rock of approx. 9. kg, (0.2mx0.15mx0.10m), impacting on the basket and on the back of the helper who was in the basket suspended at 2.2 m height, moments later a block of rock is detached from the wall of the gable approx. 1,500 kg. (1.20mx1.10mx0.40m), which impacts the ampoloader team and part of this block injures the operator of the ampoloader team who was standing on the ground. The equipment anfoloader has a cabin with protection ROPs and FOPs, at the time of the accident both workers used helmets and safety boots. Both suffered polyontusions and minor scoria injuries.",2016,3,11,Friday,10,Autumn,1,0,2021-09-02,14:45:00,Factory_B,Industrial_Zone,Day,12.0,Junior,No,19.69,19.09,77.24,3.04,3570.64,10,42,8.29,2,Off,26.42,0,in circumstances that two workers of the company incimmet fectuaban the loading of explosives using an equipment anfoloader  in a front of the work   sustained with shotcreterepentinamente of the right superior part of the crown  a piece of rock of approx     kg      mx    mx    m   impacting on the basket and on the back of the helper who was in the basket suspended at     m height  moments later a block of rock is detached from the wall of the gable approx        kg       mx    mx    m   which impacts the ampoloader team and part of this block injures the operator of the ampoloader team who was standing on the ground  the equipment anfoloader has a cabin with protection rops and fops  at the time of the accident both workers used helmets and safety boots  both suffered polyontusions and minor scoria injuries,"equipment_failure, human_error",821,138,0.8833333333333333,High Risk,Increase preventive maintenance frequency and install predictive sensor monitoring systems.
2016-03-13,Country_01,Local_03,Mining,I,IV,Male,Third Party (Remote),Others,"The mechanic assistant after throwing the wooden blocks of support of the stabilizer of the Hiab crane truck to the ground, when descending from the truck by the access ladder when arriving at the last step jumps towards the ground - height of 69cm - treading the edge of one of The wooden blocks cause an injury to the left ankle.",2016,3,13,Sunday,10,Autumn,1,0,2022-05-21,18:45:00,Factory_B,Industrial_Zone,Night,29.0,Senior,No,33.57,25.05,71.22,3.7,3122.75,5,229,1.69,1,On,63.17,0,the mechanic assistant after throwing the wooden blocks of support of the stabilizer of the hiab crane truck to the ground  when descending from the truck by the access ladder when arriving at the last step jumps towards the ground   height of   cm   treading the edge of one of the wooden blocks cause an injury to the left ankle,other,330,59,0.94,High Risk,Perform comprehensive industrial safety inspection.
2016-03-14,Country_01,Local_06,Metals,II,III,Male,Third Party (Remote),Chemical substances,"During the discharge of waste, the operator proceeds to remove a bag that was under the hose rolled, in this circumstance one of the ends of the hose moves in the direction of the face of the driver, projecting the liquid contained in it and impacting it on the ear and part of the face.",2016,3,14,Monday,11,Autumn,2,0,2023-04-15,03:15:00,Factory_D,Rural,Day,44.0,Senior,Yes,33.13,25.03,52.12,1.82,1652.35,1,309,1.74,4,Off,70.41,0,during the discharge of waste  the operator proceeds to remove a bag that was under the hose rolled  in this circumstance one of the ends of the hose moves in the direction of the face of the driver  projecting the liquid contained in it and impacting it on the ear and part of the face,human_error,286,55,0.71,High Risk,Conduct advanced worker safety training and strengthen operational supervision.
2016-03-13,Country_01,Local_03,Mining,I,III,Male,Employee,Others,"In circumstances that the Operator 176 was going from level 620 to level 640, he noticed that the hydraulic pump's inspection cover (18 ""x32"" x3 / 8 "", 15 Kg approx.) Was about to fall, so he stopped the equipment, activates the cats and climbs up the upper part of the equipment and in moments that accommodated the cover it slides on its middle finger causing the injury.",2016,3,13,Sunday,10,Autumn,1,0,2022-01-10,04:00:00,Factory_A,Industrial_Zone,Day,33.0,Junior,No,25.51,21.59,42.94,3.88,1827.93,7,53,6.16,3,On,35.88,0,in circumstances that the operator     was going from level     to level      he noticed that the hydraulic pump s inspection cover      x    x            kg approx   was about to fall  so he stopped the equipment  activates the cats and climbs up the upper part of the equipment and in moments that accommodated the cover it slides on its middle finger causing the injury,"equipment_failure, human_error, fall_slip",372,61,0.8133333333333334,High Risk,Increase preventive maintenance frequency and install predictive sensor monitoring systems.
2016-03-16,Country_01,Local_04,Mining,I,II,Male,Third Party,Others,"When installing the ripper pin of the tractor D6T-N1, the ripper support arm slides by pressing the second and third fingers of the right hand against the base of the ripper causing the injury described.",2016,3,16,Wednesday,11,Autumn,1,0,2023-08-18,00:45:00,Factory_D,Rural,Day,45.0,Senior,Yes,15.97,13.66,68.5,1.75,3581.31,17,301,9.32,3,On,44.06,0,when installing the ripper pin of the tractor d t n   the ripper support arm slides by pressing the second and third fingers of the right hand against the base of the ripper causing the injury described,other,202,37,0.9166666666666666,High Risk,Perform comprehensive industrial safety inspection.
2016-03-10,Country_02,Local_05,Metals,I,II,Male,Employee,Pressed,"The employee reports that when he lowered the cloths in the purification, he arranged the cart so that it would not grab the pipe, pressing his left hand between the cloths and the cart.",2016,3,10,Thursday,10,Autumn,1,0,2022-12-01,04:15:00,Factory_B,Urban,Night,10.0,Junior,Yes,19.06,25.57,36.14,4.78,1931.44,7,106,3.22,1,On,35.02,0,the employee reports that when he lowered the cloths in the purification  he arranged the cart so that it would not grab the pipe  pressing his left hand between the cloths and the cart,other,185,34,0.9166666666666666,High Risk,Perform comprehensive industrial safety inspection.
2016-03-17,Country_01,Local_01,Mining,I,II,Male,Third Party,Others,"At the end of the loading of explosives on the work front, the master loader enters to verify the mooring of the blasting accessories, when retiring from the top (1.5 m), he hears the sound of fragments of rock rolling through the support mesh, directs its gaze towards the crown in a vertical form, at which point a small fragment of rock (2x3x2cm; 36gr) passes through the openings of the mesh. sustaining impact on the forehead. At the time of the event the collaborator used his helmet and safety lens and the front was with support to the top and sacrifice mesh. The opening of the support mesh is 3 ""x 3"".",2016,3,17,Thursday,11,Autumn,1,0,2022-12-25,17:45:00,Factory_A,Industrial_Zone,Night,30.0,Junior,Yes,21.49,22.36,47.99,4.75,2149.93,6,300,5.69,0,On,47.19,0,at the end of the loading of explosives on the work front  the master loader enters to verify the mooring of the blasting accessories  when retiring from the top      m   he hears the sound of fragments of rock rolling through the support mesh  directs its gaze towards the crown in a vertical form  at which point a small fragment of rock   x x cm    gr  passes through the openings of the mesh  sustaining impact on the forehead  at the time of the event the collaborator used his helmet and safety lens and the front was with support to the top and sacrifice mesh  the opening of the support mesh is    x,other,607,111,0.83,High Risk,Perform comprehensive industrial safety inspection.
2016-03-16,Country_02,Local_08,Metals,II,II,Male,Employee,Manual Tools,"The employee, when performing the adjustment / tightening operation of the cutter blade with which he worked, was neglected, the key to slip, causing the blade of the equipment to hit him, causing a blunt cut on his right forearm.",2016,3,16,Wednesday,11,Autumn,2,0,2023-07-22,00:45:00,Factory_C,Rural,Day,27.0,Senior,Yes,27.01,23.98,39.53,0.2,2177.04,16,363,1.0,0,Off,68.8,0,the employee  when performing the adjustment   tightening operation of the cutter blade with which he worked  was neglected  the key to slip  causing the blade of the equipment to hit him  causing a blunt cut on his right forearm,"equipment_failure, fall_slip",229,39,0.83,High Risk,Increase preventive maintenance frequency and install predictive sensor monitoring systems.
2016-03-19,Country_01,Local_01,Mining,I,III,Male,Employee,Others,"During the placement of the last support mesh cloth of the work, in moments that from the ground the injured collaborator reached the electrowelded mesh to the operator of the scissor bolter positioned in the basket, when pressing on the mesh, one of the protruding ends of the mesh, crosses the leather glove causing an injury in his right hand.",2016,3,19,Saturday,11,Autumn,1,0,2022-11-25,07:15:00,Factory_D,Urban,Day,11.0,Senior,Yes,15.92,19.61,59.85,3.61,2876.9,17,237,5.77,3,On,37.35,0,during the placement of the last support mesh cloth of the work  in moments that from the ground the injured collaborator reached the electrowelded mesh to the operator of the scissor bolter positioned in the basket  when pressing on the mesh  one of the protruding ends of the mesh  crosses the leather glove causing an injury in his right hand,human_error,345,60,0.94,High Risk,Conduct advanced worker safety training and strengthen operational supervision.
2016-03-14,Country_02,Local_05,Metals,I,IV,Male,Employee,Chemical substances,The employee checked for acid leakage in the shipping area when he was hit by splashes of solution in his right hemiface.,2016,3,14,Monday,11,Autumn,1,0,2023-03-16,01:15:00,Factory_B,Urban,Night,17.0,Junior,Yes,31.11,26.55,62.27,2.76,1998.62,13,289,9.25,3,Off,70.66,0,the employee checked for acid leakage in the shipping area when he was hit by splashes of solution in his right hemiface,other,120,22,0.7866666666666666,High Risk,Perform comprehensive industrial safety inspection.
2016-03-18,Country_02,Local_05,Metals,I,IV,Male,Employee,Fall prevention (same level),"The employee was clearing the liquid zinc pump from oven 04, when he stepped on the platform and became unbalanced with a twist in his left foot.",2016,3,18,Friday,11,Autumn,1,0,2023-04-03,10:15:00,Factory_B,Rural,Day,32.0,Senior,Yes,39.02,31.92,56.98,0.43,3831.46,13,161,8.71,2,Off,69.18,0,the employee was clearing the liquid zinc pump from oven     when he stepped on the platform and became unbalanced with a twist in his left foot,equipment_failure,144,26,0.72,High Risk,Increase preventive maintenance frequency and install predictive sensor monitoring systems.
2016-03-18,Country_02,Local_05,Metals,I,IV,Male,Employee,Chemical substances,"The employee was transiting toward the cadmium factory, near tank 1440 on copper sulphate, when acid solution spilled in his direction, reaching his legs causing minor burns.",2016,3,18,Friday,11,Autumn,1,0,2022-07-07,00:45:00,Factory_A,Urban,Day,21.0,Senior,Yes,21.01,15.61,42.43,2.15,2083.24,14,124,5.03,0,Off,32.25,0,the employee was transiting toward the cadmium factory  near tank      on copper sulphate  when acid solution spilled in his direction  reaching his legs causing minor burns,other,173,26,0.8766666666666667,High Risk,Perform comprehensive industrial safety inspection.
2016-03-22,Country_01,Local_03,Mining,I,II,Male,Employee,Others,"When carrying out the activity of cutting electrowelded mesh on the work front, the assistant positions his feet on one end of the mesh leaving the other end free, at the moment that the assistant bends down to make the cut with the shear, the end free of the mesh returns by inertia hitting the partner above his safety lens.",2016,3,22,Tuesday,12,Autumn,1,0,2022-03-01,13:15:00,Factory_D,Urban,Day,38.0,Junior,No,32.11,25.15,32.91,0.43,1196.78,12,356,1.75,4,On,75.5,1,when carrying out the activity of cutting electrowelded mesh on the work front  the assistant positions his feet on one end of the mesh leaving the other end free  at the moment that the assistant bends down to make the cut with the shear  the end free of the mesh returns by inertia hitting the partner above his safety lens,other,325,60,0.89,High Risk,Perform comprehensive industrial safety inspection.
2016-03-30,Country_01,Local_03,Mining,I,III,Male,Employee,Others,"After having carried out the mechanized support with the Scissor # 200, the heavy equipment operator picks up the water supply hose towards the drum of the equipment and, while He was heading towards the cabin of the Scissor on the way on a piece of rock - 10 cm high approx. - which displaces by sliding his right foot causing the injury described.",2016,3,30,Wednesday,13,Autumn,1,0,2023-01-12,18:45:00,Factory_C,Rural,Night,46.0,Junior,Yes,26.01,23.7,30.66,3.52,2308.27,13,92,8.52,3,Off,43.98,0,after having carried out the mechanized support with the scissor        the heavy equipment operator picks up the water supply hose towards the drum of the equipment and  while he was heading towards the cabin of the scissor on the way on a piece of rock      cm high approx    which displaces by sliding his right foot causing the injury described,"equipment_failure, human_error",348,59,0.7733333333333333,High Risk,Increase preventive maintenance frequency and install predictive sensor monitoring systems.
2016-03-31,Country_01,Local_06,Metals,I,III,Male,Employee,Others,Being approximately 14:25 h when supervising the line clamping of the POM D071 Roy Canario returning to the thickener D1304 hits his nose with the metal chute out of operation.,2016,3,31,Thursday,13,Autumn,1,0,2022-11-16,08:15:00,Factory_D,Industrial_Zone,Night,32.0,Senior,Yes,18.34,21.77,61.06,0.12,3660.29,8,194,6.48,0,On,36.5,0,being approximately       h when supervising the line clamping of the pom d    roy canario returning to the thickener d     hits his nose with the metal chute out of operation,other,175,29,0.8933333333333333,High Risk,Perform comprehensive industrial safety inspection.
2016-03-31,Country_02,Local_08,Metals,I,III,Male,Third Party (Remote),Pressed,"The employee, performing the truck's unloading operation, an iron bundle pressed his right finger and injured his left arm.",2016,3,31,Thursday,13,Autumn,1,0,2022-01-22,02:15:00,Factory_A,Rural,Night,23.0,Junior,Yes,18.53,15.94,33.97,0.38,1101.0,16,266,7.86,2,Off,41.97,0,the employee  performing the truck s unloading operation  an iron bundle pressed his right finger and injured his left arm,other,122,20,0.9366666666666666,High Risk,Perform comprehensive industrial safety inspection.
2016-04-01,Country_01,Local_03,Mining,I,III,Male,Third Party,Others,"After loading two blown holes from the previous blasting with the use of a telescopic ladder, the master loader pulls the ladder detaching from the upper support point, about 3 mt. of height, a fragment of rock - 3cm x 3cm x 2 cm; 54 gr - which is projected by the right end of the ladder hitting the master loader on the cheekbone and upper lip producing the lesion described. The master shipper used his safety glasses.",2016,4,1,Friday,13,Autumn,1,0,2023-08-18,07:15:00,Factory_A,Urban,Day,30.0,Junior,Yes,22.2,19.1,52.23,3.32,1215.24,16,210,8.62,3,Off,50.19,0,after loading two blown holes from the previous blasting with the use of a telescopic ladder  the master loader pulls the ladder detaching from the upper support point  about   mt  of height  a fragment of rock    cm x  cm x   cm     gr   which is projected by the right end of the ladder hitting the master loader on the cheekbone and upper lip producing the lesion described  the master shipper used his safety glasses,other,420,73,0.91,High Risk,Perform comprehensive industrial safety inspection.
2016-04-02,Country_01,Local_01,Mining,I,III,Male,Employee,Others,"Parking the equipment Dumper ° 18 in the maintenance workshop, the mechanic asks the operator to back off the equipment for washing, then the operator starts the reverse gear with the cab door fully open, upon reaching the washing area (8 meters behind), brakes and the cabin door closes untimely and hits your face, causing a minor injury. In the area was the mechanic at floor level in a safe place.",2016,4,2,Saturday,13,Autumn,1,0,2021-12-06,15:30:00,Factory_C,Urban,Night,16.0,Junior,No,15.27,16.05,58.11,0.03,2915.8,5,361,6.47,0,On,36.22,0,parking the equipment dumper      in the maintenance workshop  the mechanic asks the operator to back off the equipment for washing  then the operator starts the reverse gear with the cab door fully open  upon reaching the washing area    meters behind   brakes and the cabin door closes untimely and hits your face  causing a minor injury  in the area was the mechanic at floor level in a safe place,"equipment_failure, human_error",400,68,0.9233333333333333,High Risk,Increase preventive maintenance frequency and install predictive sensor monitoring systems.
2016-04-01,Country_01,Local_01,Mining,I,V,Male,Third Party (Remote),Others,"In circumstances that two workers of the Abratech company were doing putty work inside the conditioning tank (5 meters deep and covered by platforms) of metal gratings - grating- in the upper part), two other employees of the HyT company carried out maneuvers transfer of a pump with the help of a manual tick - which worked hooked to a beam H, dragging the pump on the metal gratings (grating), suddenly the pump is hooked with a metal grate (grating) and when trying to release it, the metal grid (grating - 13.0 Kg. (60 cm x 92 cm)) falls inside the tank, hits a diagonal channel inside the tank and then impacts the right arm of one of the workers and rubs the helmet of the second worker that he was crouching. The area where the bomb was being moved was marked with tape and did not have a lookout.",2016,4,1,Friday,13,Autumn,1,0,2023-09-14,01:45:00,Factory_B,Industrial_Zone,Night,35.0,Senior,No,13.12,16.06,47.72,0.44,1386.66,6,13,5.34,1,On,7.48,0,in circumstances that two workers of the abratech company were doing putty work inside the conditioning tank    meters deep and covered by platforms  of metal gratings   grating  in the upper part   two other employees of the hyt company carried out maneuvers transfer of a pump with the help of a manual tick   which worked hooked to a beam h  dragging the pump on the metal gratings  grating   suddenly the pump is hooked with a metal grate  grating  and when trying to release it  the metal grid  grating        kg      cm x    cm   falls inside the tank  hits a diagonal channel inside the tank and then impacts the right arm of one of the workers and rubs the helmet of the second worker that he was crouching  the area where the bomb was being moved was marked with tape and did not have a lookout,"equipment_failure, human_error, fall_slip",803,143,0.9133333333333333,High Risk,Increase preventive maintenance frequency and install predictive sensor monitoring systems.
2016-03-22,Country_03,Local_10,Others,I,I,Male,Third Party,Others,"During the trip to the vehicle, at the end of the work, the collaborator Rhainer stepped on an object that he could not identify, thus coming to pierce the sole of the boot and causing a small hole in the sole of the left foot of the collaborator. The perforation was possibly due to a stump of wood, since the area covered by the collaborator, was a pasture grazed recently and near a residence.",2016,3,22,Tuesday,12,Autumn,1,0,2021-01-11,14:00:00,Factory_B,Rural,Night,14.0,Senior,No,23.05,23.32,35.2,2.22,2683.88,16,102,0.94,0,Off,42.86,0,during the trip to the vehicle  at the end of the work  the collaborator rhainer stepped on an object that he could not identify  thus coming to pierce the sole of the boot and causing a small hole in the sole of the left foot of the collaborator  the perforation was possibly due to a stump of wood  since the area covered by the collaborator  was a pasture grazed recently and near a residence,fall_slip,395,74,0.9333333333333333,High Risk,"Improve floor traction, housekeeping, and PPE compliance."
2016-03-31,Country_01,Local_03,Mining,I,II,Male,Third Party,Others,"In the workshop level -970 in Box # 1, while TWO the mechanics manipulated a steel plate - 60cm x40cm x 2.5cm; 50 Kg - to place it in the gutter of the workshop and be able to remove the Scaler # 142, the plate slides and restricts the right ring finger between the gable and the plate causing the injury. The collaborator used gloves at the time of the accident",2016,3,31,Thursday,13,Autumn,1,0,2023-07-25,07:15:00,Factory_A,Rural,Day,49.0,Senior,No,24.75,25.23,68.62,2.6,2831.08,3,210,0.35,0,On,49.04,0,in the workshop level      in box      while two the mechanics manipulated a steel plate     cm x  cm x    cm     kg   to place it in the gutter of the workshop and be able to remove the scaler        the plate slides and restricts the right ring finger between the gable and the plate causing the injury  the collaborator used gloves at the time of the accident,other,362,64,0.85,High Risk,Perform comprehensive industrial safety inspection.
2016-04-04,Country_02,Local_09,Metals,III,IV,Male,Employee,Manual Tools,"When it opens the suction valve of the 420-BO-01 acid pump, the cable of the same pump comes loose by pressing the 5th finger of the employee's left hand against the tubing, causing a fracture in the distal phalanx. Photos",2016,4,4,Monday,14,Autumn,3,0,2022-08-03,01:45:00,Factory_A,Industrial_Zone,Day,10.0,Senior,No,28.45,25.12,78.98,1.09,2750.41,14,322,1.65,2,On,64.93,0,when it opens the suction valve of the     bo    acid pump  the cable of the same pump comes loose by pressing the  th finger of the employee s left hand against the tubing  causing a fracture in the distal phalanx  photos,equipment_failure,222,41,0.75,High Risk,Increase preventive maintenance frequency and install predictive sensor monitoring systems.
2016-04-05,Country_01,Local_06,Metals,I,III,Male,Third Party,Fall prevention (same level),"The worker carried out the disassembly of 03 scaffolding bodies in the pulpomatic of the thickener D2251. the dismantling of the base of the scaffold, located approximately one meter high from the floor of the sump, the rivets of the anchor support of the platform were broken, causing the fall of the worker and impacting the right knee with the support that I am anchored in one of the horizontals of the scaffolding structure.",2016,4,5,Tuesday,14,Autumn,1,0,2023-07-25,13:00:00,Factory_B,Industrial_Zone,Night,41.0,Senior,Yes,25.73,25.7,50.03,4.41,3904.65,8,114,2.48,2,On,42.25,0,the worker carried out the disassembly of    scaffolding bodies in the pulpomatic of the thickener d      the dismantling of the base of the scaffold  located approximately one meter high from the floor of the sump  the rivets of the anchor support of the platform were broken  causing the fall of the worker and impacting the right knee with the support that i am anchored in one of the horizontals of the scaffolding structure,"human_error, fall_slip",428,73,0.9166666666666666,High Risk,Conduct advanced worker safety training and strengthen operational supervision.
2016-04-05,Country_02,Local_05,Metals,I,III,Male,Third Party,Pressed,Employee reports that when handling the air conditioning pressed the 2nd right chirodactilo causing a contusion.,2016,4,5,Tuesday,14,Autumn,1,0,2021-08-31,03:45:00,Factory_D,Industrial_Zone,Night,28.0,Junior,Yes,19.05,21.21,50.21,2.6,3432.94,15,362,1.03,4,Off,51.99,0,employee reports that when handling the air conditioning pressed the  nd right chirodactilo causing a contusion,other,111,16,0.94,High Risk,Perform comprehensive industrial safety inspection.
2016-04-07,Country_01,Local_03,Mining,I,II,Male,Third Party,Others,"After parking a van next to a cluster of wooden sleepers and boards, the driver, on descending, stepped on a board in which an iron nail protruded 11/2 ""long, which he did not identify as the board was submerged in a puddle of water. This accident caused a minor wound on the sole of the left foot. At the time of the accident the worker was wearing safety boots.",2016,4,7,Thursday,14,Autumn,1,0,2021-09-11,03:00:00,Factory_B,Rural,Night,39.0,Senior,Yes,13.86,18.28,70.93,3.12,2975.15,1,238,6.66,0,On,29.05,0,after parking a van next to a cluster of wooden sleepers and boards  the driver  on descending  stepped on a board in which an iron nail protruded       long  which he did not identify as the board was submerged in a puddle of water  this accident caused a minor wound on the sole of the left foot  at the time of the accident the worker was wearing safety boots,human_error,362,68,0.9366666666666666,High Risk,Conduct advanced worker safety training and strengthen operational supervision.
2016-04-08,Country_01,Local_03,Mining,I,IV,Male,Employee,Others,"During the maintenance of the locomotive N ° 16 in the workshop of level -1170, the assistant when pulling the locomotive chair backwards stumbles against the ventilation grille, falling on the platform of the locomotive and then to the floor of the workshop from a height 1.17m generating the injury. At the time of the accident the assistant used his safety helmet and chin strap.",2016,4,8,Friday,14,Autumn,1,0,2023-02-11,12:15:00,Factory_B,Urban,Night,9.0,Junior,No,32.66,26.1,42.83,2.68,2502.47,13,191,2.87,2,On,60.46,0,during the maintenance of the locomotive n      in the workshop of level        the assistant when pulling the locomotive chair backwards stumbles against the ventilation grille  falling on the platform of the locomotive and then to the floor of the workshop from a height     m generating the injury  at the time of the accident the assistant used his safety helmet and chin strap,fall_slip,381,62,0.92,High Risk,"Improve floor traction, housekeeping, and PPE compliance."
2016-04-11,Country_01,Local_01,Mining,I,IV,Male,Third Party,Others,"Once the RB machine is lifted (weight 7 tn) at 15 cm from the floor level, the accidently proceeds to pull the RB machine with a key of 5 tons (maximum cap), to lay it on the floor, after advancing 70 cm horizontally, the anchor bolt (pig tail type, 5/8 ""diameter) to which the key was hooked, it breaks transversely, and with the pulling force, this key is projected onto the injured person's left shoulder causing the injury. - The injured was 1.50 meters from the key. - At the time of the incident, the assistant was 5 meters away doing order and cleaning",2016,4,11,Monday,15,Autumn,1,0,2023-05-13,11:30:00,Factory_A,Rural,Night,11.0,Junior,No,30.91,23.84,35.14,1.58,2229.99,1,190,1.05,4,Off,52.12,0,once the rb machine is lifted  weight   tn  at    cm from the floor level  the accidently proceeds to pull the rb machine with a key of   tons  maximum cap   to lay it on the floor  after advancing    cm horizontally  the anchor bolt  pig tail type       diameter  to which the key was hooked  it breaks transversely  and with the pulling force  this key is projected onto the injured person s left shoulder causing the injury    the injured was      meters from the key    at the time of the incident  the assistant was   meters away doing order and cleaning,equipment_failure,559,96,0.9033333333333333,High Risk,Increase preventive maintenance frequency and install predictive sensor monitoring systems.
2016-04-11,Country_01,Local_01,Mining,I,IV,Male,Employee,Others,"When positioning the scissor bolter N ° 09 in the East of stope 175 (40 meters from the top), the operator and his assistant verify that the ventilation sleeve will obstruct the support of the left gable, so they decide to section the sleeve and direct it towards the main corridor; the injured person decides to climb to the roof of the equipment cabin (surface: 1.5 square meters) to carry out the reinstallation of the sectioned sleeve and, without noticing, he steps on empty and falls from the equipment from a height of 2.50 meters. At the time of the accident, the operator was on the scissor bolter platform, the equipment was positioned and blocked to perform the maintenance and the assistant was wearing a safety helmet and chin strap.",2016,4,11,Monday,15,Autumn,1,0,2021-04-07,13:00:00,Factory_C,Rural,Day,49.0,Junior,Yes,40.36,31.93,72.08,3.07,3678.17,11,302,1.15,3,On,88.04,1,when positioning the scissor bolter n      in the east of stope         meters from the top   the operator and his assistant verify that the ventilation sleeve will obstruct the support of the left gable  so they decide to section the sleeve and direct it towards the main corridor  the injured person decides to climb to the roof of the equipment cabin  surface      square meters  to carry out the reinstallation of the sectioned sleeve and  without noticing  he steps on empty and falls from the equipment from a height of      meters  at the time of the accident  the operator was on the scissor bolter platform  the equipment was positioned and blocked to perform the maintenance and the assistant was wearing a safety helmet and chin strap,"equipment_failure, human_error, fall_slip",745,124,0.8733333333333333,High Risk,Increase preventive maintenance frequency and install predictive sensor monitoring systems.
2016-04-14,Country_02,Local_08,Metals,I,III,Male,Employee,Pressurized Systems,"During the cleaning of the 16 ""vertical pipe using the hydrojet equipment (high pressure hose), the hose returned due to obstruction of the pipe with residue, reaching the operator who was actuating the equipment pedal .",2016,4,14,Thursday,15,Autumn,1,0,2023-06-24,05:45:00,Factory_B,Industrial_Zone,Day,47.0,Junior,Yes,32.98,25.94,47.14,2.08,2445.11,5,260,2.99,1,Off,69.75,0,during the cleaning of the     vertical pipe using the hydrojet equipment  high pressure hose   the hose returned due to obstruction of the pipe with residue  reaching the operator who was actuating the equipment pedal,"equipment_failure, human_error",218,34,0.87,High Risk,Increase preventive maintenance frequency and install predictive sensor monitoring systems.
2016-04-14,Country_01,Local_04,Mining,I,II,Male,Third Party,Others,"In bypass 100 of level 1970 when the workers of the company Incimet Raul (operator of Bolter bolting team) and Rolando (assistant) retired after installing the support with helical bolt, the pink team with a mesh overhanging the gable, so the teacher tells his assistant to cut the mesh and the instant the assistant finished cutting the mesh, it suddenly rises hitting his face causing the injury described.",2016,4,14,Thursday,15,Autumn,1,0,2021-05-07,22:15:00,Factory_A,Urban,Day,44.0,Senior,No,39.43,27.92,54.22,1.11,1216.68,13,235,1.0,1,On,74.55,0,in bypass     of level      when the workers of the company incimet raul  operator of bolter bolting team  and rolando  assistant  retired after installing the support with helical bolt  the pink team with a mesh overhanging the gable  so the teacher tells his assistant to cut the mesh and the instant the assistant finished cutting the mesh  it suddenly rises hitting his face causing the injury described,human_error,407,66,0.8766666666666667,High Risk,Conduct advanced worker safety training and strengthen operational supervision.
2016-04-16,Country_01,Local_04,Mining,I,III,Male,Third Party,Others,"Being 2:40 am. Approximately, Luna - master loader of the company Incimet was carrying out the loading activity of the front in the Cruiser 771 of the 1970 level; in moments that was tying the pentacord of the crown and trying to reach the fanel on the left side, loses balance by a movement of the ladder and falls to the floor resulting in the accident.",2016,4,16,Saturday,15,Autumn,1,0,2022-10-26,14:00:00,Factory_D,Urban,Day,9.0,Junior,Yes,18.46,18.73,59.45,2.25,3457.9,10,157,3.19,0,On,34.8,0,being      am  approximately  luna   master loader of the company incimet was carrying out the loading activity of the front in the cruiser     of the      level  in moments that was tying the pentacord of the crown and trying to reach the fanel on the left side  loses balance by a movement of the ladder and falls to the floor resulting in the accident,fall_slip,354,62,0.9133333333333333,High Risk,"Improve floor traction, housekeeping, and PPE compliance."
2016-04-16,Country_01,Local_03,Mining,I,III,Male,Third Party,Others,"In moments that the worker-mechanic was the workshop of maintenance, the wire of his mining lamp is hooked with a drill hole (4.0 Kg) that was on the work table of the workshop, which fell 1.m and impacted his left foot causing a minor bruise. At the time of the accident the collaborator used his safety boots with steel toecap.",2016,4,16,Saturday,15,Autumn,1,0,2023-06-23,22:45:00,Factory_B,Urban,Night,41.0,Junior,Yes,29.31,24.8,68.05,0.51,3701.8,6,326,8.63,0,On,57.83,0,in moments that the worker mechanic was the workshop of maintenance  the wire of his mining lamp is hooked with a drill hole      kg  that was on the work table of the workshop  which fell   m and impacted his left foot causing a minor bruise  at the time of the accident the collaborator used his safety boots with steel toecap,human_error,328,60,0.8166666666666667,High Risk,Conduct advanced worker safety training and strengthen operational supervision.
2016-04-15,Country_01,Local_03,Mining,I,II,Male,Employee,Others,"In general store, while two store attendants removed the compartment a rubber mesh for material classification - 1.8 m.x1.2 m.x0.02 m .; 60 kg of weight - when lifted approx. 40 cm to position it against the edge of another mesh placed on the floor on a litter, this slightly imprisons the index finger of the right hand of one of the assistants causing a minor cutting wound. At the time of the accident the injured worker used leather gloves.",2016,4,15,Friday,15,Autumn,1,0,2022-02-12,06:45:00,Factory_A,Rural,Day,12.0,Senior,No,34.47,26.13,57.52,1.08,2017.84,18,4,8.39,1,On,55.13,0,in general store  while two store attendants removed the compartment a rubber mesh for material classification       m x    m x     m       kg of weight   when lifted approx     cm to position it against the edge of another mesh placed on the floor on a litter  this slightly imprisons the index finger of the right hand of one of the assistants causing a minor cutting wound  at the time of the accident the injured worker used leather gloves,human_error,443,76,0.9033333333333333,High Risk,Conduct advanced worker safety training and strengthen operational supervision.
2016-04-17,Country_02,Local_05,Metals,I,IV,Male,Employee,Cut,"Employee reports that when attempting to manually ingot of Zinco, on the rotary table of the L1 ingot, hit with the left hand against the angle in the structure of the ingot, by pressing the finger between the ingot and the angle.",2016,4,17,Sunday,15,Autumn,1,0,2021-03-31,06:45:00,Factory_C,Industrial_Zone,Night,48.0,Senior,Yes,34.89,26.99,54.35,2.99,3897.22,10,210,0.86,3,Off,68.93,0,employee reports that when attempting to manually ingot of zinco  on the rotary table of the l  ingot  hit with the left hand against the angle in the structure of the ingot  by pressing the finger between the ingot and the angle,human_error,229,42,0.9166666666666666,High Risk,Conduct advanced worker safety training and strengthen operational supervision.
2016-04-18,Country_01,Local_03,Mining,I,III,Male,Third Party,Others,"When moving a roll of electro-welded mesh of 95 kg of weight to place on the hopper of the truck, two operators pull the roll of mesh to bring it to the hopper of the truck at which time the imprisonment of the left hand of one of the operators between the mesh and the body of the hopper generating the described injury. At the time of the accident, both operators were wearing PVC-type safety gloves.",2016,4,18,Monday,16,Autumn,1,0,2022-02-01,07:00:00,Factory_D,Rural,Day,44.0,Junior,No,32.67,27.62,70.45,0.06,3953.32,16,87,8.27,4,On,55.41,0,when moving a roll of electro welded mesh of    kg of weight to place on the hopper of the truck  two operators pull the roll of mesh to bring it to the hopper of the truck at which time the imprisonment of the left hand of one of the operators between the mesh and the body of the hopper generating the described injury  at the time of the accident  both operators were wearing pvc type safety gloves,human_error,401,77,0.9266666666666666,High Risk,Conduct advanced worker safety training and strengthen operational supervision.
2016-04-21,Country_02,Local_02,Mining,I,V,Male,Employee,Others,"When performing cleaning with LHD in block F 9970 at level 420, the operator was surprised by a rock block displacement of the side of the gallery, reaching his right leg causing him superficial injury",2016,4,21,Thursday,16,Autumn,1,0,2022-06-18,11:30:00,Factory_B,Industrial_Zone,Night,38.0,Junior,Yes,30.61,24.49,79.01,3.89,2781.91,14,86,7.26,4,Off,55.66,0,when performing cleaning with lhd in block f      at level      the operator was surprised by a rock block displacement of the side of the gallery  reaching his right leg causing him superficial injury,human_error,201,33,0.8966666666666666,High Risk,Conduct advanced worker safety training and strengthen operational supervision.
2016-04-22,Country_01,Local_01,Mining,I,II,Male,Third Party,Others,"the workshop at the end of the welding work in the small bolter equipment, the welder proceeds to clean the inside of a metal stool, impregnated with thinner (flammable liquid) and with the help of a hammer and screwdriver proceeds to remove the oxides, when hitting The screwdriver with the hammer produces a flash in the internal base of the stool, which produces a slight burn in the right hand of the welder. - At the time of the accident, the welder only uses a glove on the left hand ..",2016,4,22,Friday,16,Autumn,1,0,2022-09-30,19:00:00,Factory_C,Urban,Night,20.0,Junior,No,12.74,16.91,66.88,1.36,1329.25,6,109,7.27,4,Off,20.01,0,the workshop at the end of the welding work in the small bolter equipment  the welder proceeds to clean the inside of a metal stool  impregnated with thinner  flammable liquid  and with the help of a hammer and screwdriver proceeds to remove the oxides  when hitting the screwdriver with the hammer produces a flash in the internal base of the stool  which produces a slight burn in the right hand of the welder    at the time of the accident  the welder only uses a glove on the left hand,equipment_failure,489,89,0.94,High Risk,Increase preventive maintenance frequency and install predictive sensor monitoring systems.
2016-04-23,Country_01,Local_04,Mining,I,III,Male,Employee,Others,"Being 12:20 pm. Approximately in NV 1680 OB5 CX 018, Mr. Cesar - Operator of mine services, in an instant that he was picking up the cat position one of the truck crane of plate ACL 804, when raising with the right hand the lower part of the cat is indexed the index finger of the left hand, between the body of the cylinder valve of the cat and the valve of the turntable that was in the upper part.",2016,4,23,Saturday,16,Autumn,1,0,2022-05-26,06:00:00,Factory_C,Urban,Day,15.0,Junior,Yes,32.27,26.95,36.96,4.17,2410.45,2,205,8.08,4,Off,59.88,0,being       pm  approximately in nv      ob  cx      mr  cesar   operator of mine services  in an instant that he was picking up the cat position one of the truck crane of plate acl      when raising with the right hand the lower part of the cat is indexed the index finger of the left hand  between the body of the cylinder valve of the cat and the valve of the turntable that was in the upper part,"equipment_failure, human_error",399,75,0.88,High Risk,Increase preventive maintenance frequency and install predictive sensor monitoring systems.
2016-04-26,Country_02,Local_05,Metals,I,II,Female,Third Party,Cut,The injured woman performed cleaning and when cleaning the sink of the collection room pierced the finger with a fragment of glass.,2016,4,26,Tuesday,17,Autumn,1,0,2021-01-27,18:00:00,Factory_D,Rural,Day,22.0,Junior,Yes,27.58,24.13,37.26,2.73,3658.85,8,170,0.56,1,Off,46.82,0,the injured woman performed cleaning and when cleaning the sink of the collection room pierced the finger with a fragment of glass,other,130,22,0.9666666666666667,High Risk,Perform comprehensive industrial safety inspection.
2016-04-28,Country_02,Local_05,Metals,I,III,Male,Third Party (Remote),Chemical substances,"after discharging sodium hydroxide and disconnecting the hose, the employee placed next to the demineralization suction pump, which was turned off, receiving projection from the pump sensor, causing a 1st degree burn.",2016,4,28,Thursday,17,Autumn,1,0,2022-10-15,00:00:00,Factory_B,Urban,Day,30.0,Senior,Yes,15.06,17.86,51.69,2.48,2540.35,18,120,2.74,4,Off,34.77,0,after discharging sodium hydroxide and disconnecting the hose  the employee placed next to the demineralization suction pump  which was turned off  receiving projection from the pump sensor  causing a  st degree burn,equipment_failure,216,32,0.9066666666666666,High Risk,Increase preventive maintenance frequency and install predictive sensor monitoring systems.
2016-04-30,Country_02,Local_05,Metals,I,IV,Male,Employee,Pressed,"The employee performed the return of the load at the entrance of the debarking machine, while trying to align a cathode was pressed in his right hand.",2016,4,30,Saturday,17,Autumn,1,0,2021-01-29,01:45:00,Factory_B,Industrial_Zone,Day,28.0,Senior,No,29.29,24.0,32.7,0.25,1878.53,17,29,5.53,3,Off,45.57,0,the employee performed the return of the load at the entrance of the debarking machine  while trying to align a cathode was pressed in his right hand,equipment_failure,149,27,0.88,High Risk,Increase preventive maintenance frequency and install predictive sensor monitoring systems.
2016-04-30,Country_01,Local_01,Mining,I,II,Male,Employee,Others,"The injured worker begins the work of presenting the support mesh cloth on the floor, making an initial cut in the mesh of a section of 0.3 m x 2.0 m for the ponchos, originating in the remaining mesh wicks (tips with prongs) protruding. When trying to make a second mesh cut, it is positioned at the edge of the remaining mesh with wicks to prevent them from curling, at which point it tries take your shear and remove the right foot of the mesh causing the mesh to roll up and embed a wick (tip with poles) through the left boot causing the injury. At the time of the accident the worker was wearing safety boots.",2016,4,30,Saturday,17,Autumn,1,0,2022-05-17,23:30:00,Factory_C,Industrial_Zone,Night,20.0,Junior,No,33.91,26.67,74.5,3.84,1247.87,2,67,2.73,4,On,49.15,0,the injured worker begins the work of presenting the support mesh cloth on the floor  making an initial cut in the mesh of a section of     m x     m for the ponchos  originating in the remaining mesh wicks  tips with prongs  protruding  when trying to make a second mesh cut  it is positioned at the edge of the remaining mesh with wicks to prevent them from curling  at which point it tries take your shear and remove the right foot of the mesh causing the mesh to roll up and embed a wick  tip with poles  through the left boot causing the injury  at the time of the accident the worker was wearing safety boots,human_error,614,115,0.8466666666666667,High Risk,Conduct advanced worker safety training and strengthen operational supervision.
2016-05-01,Country_01,Local_04,Mining,I,IV,Male,Third Party,Others,"When carrying out the maneuver to increase the HQ pipe line, the driller Wilder indicates the assistant Gilton introduce the inner pipe to the drill, the assistant introduces the inner pipe and places his hand in the box of the pipe, while the driller Without noticing, he moves the pipe over the assistant's hand and opens the chuck of the rotation unit, dropping the pipe, imprisoning the injured person's right hand causing the injury.",2016,5,1,Sunday,17,Autumn,1,0,2023-07-01,20:30:00,Factory_A,Rural,Day,39.0,Senior,Yes,23.9,23.55,48.94,3.33,3974.98,3,351,8.77,1,Off,54.21,0,when carrying out the maneuver to increase the hq pipe line  the driller wilder indicates the assistant gilton introduce the inner pipe to the drill  the assistant introduces the inner pipe and places his hand in the box of the pipe  while the driller without noticing  he moves the pipe over the assistant s hand and opens the chuck of the rotation unit  dropping the pipe  imprisoning the injured person s right hand causing the injury,other,437,76,0.9033333333333333,High Risk,Perform comprehensive industrial safety inspection.
2016-05-02,Country_02,Local_05,Metals,I,IV,Female,Third Party (Remote),Chemical substances,The employee reports that climbing the access ladder to the operating room of the Ustulation was surprised by the projection of sulfuric acid.,2016,5,2,Monday,18,Autumn,1,0,2022-02-16,12:00:00,Factory_D,Urban,Night,25.0,Junior,Yes,30.58,26.97,75.13,3.62,2572.02,3,121,6.59,1,On,50.77,0,the employee reports that climbing the access ladder to the operating room of the ustulation was surprised by the projection of sulfuric acid,other,141,23,0.93,High Risk,Perform comprehensive industrial safety inspection.
2016-05-04,Country_03,Local_10,Others,I,I,Male,Third Party,Manual Tools,"When performing geological mapping activity, it was necessary to hammer a rock for analysis, at the moment when the clerk held it, a pointed fragment slipped on the third quirodactyl of the right hand causing a superficial cut.",2016,5,4,Wednesday,18,Autumn,1,0,2021-12-12,09:45:00,Factory_D,Urban,Night,28.0,Senior,Yes,18.99,23.79,79.23,2.51,2978.27,12,354,4.97,4,Off,60.64,0,when performing geological mapping activity  it was necessary to hammer a rock for analysis  at the moment when the clerk held it  a pointed fragment slipped on the third quirodactyl of the right hand causing a superficial cut,fall_slip,226,38,0.8866666666666667,High Risk,"Improve floor traction, housekeeping, and PPE compliance."
2016-05-04,Country_01,Local_04,Mining,I,III,Male,Employee,Others,"Being 11:30 am. approximately, in the Nv. 1940, CX-791. Mr. Francisco - Operator of the Scoop 18, observes a polyethylene pipe thrown on the road, proceeding to lower his equipment and when was found by lifting the pipe to the hook of the right gable, a piece of rock that was suspended in the lectro-welded mesh, impacting on the operator's right eyebrow, causing the injury.",2016,5,4,Wednesday,18,Autumn,1,0,2022-10-07,08:30:00,Factory_A,Rural,Day,49.0,Junior,No,14.19,16.54,58.46,4.02,1066.75,16,62,5.07,4,Off,28.47,0,being       am  approximately  in the nv        cx      mr  francisco   operator of the scoop     observes a polyethylene pipe thrown on the road  proceeding to lower his equipment and when was found by lifting the pipe to the hook of the right gable  a piece of rock that was suspended in the lectro welded mesh  impacting on the operator s right eyebrow  causing the injury,"equipment_failure, human_error",375,63,0.8866666666666667,High Risk,Increase preventive maintenance frequency and install predictive sensor monitoring systems.
2016-05-04,Country_02,Local_05,Metals,I,III,Female,Third Party (Remote),Chemical substances,"When conducting inspection to evaluate activity to be carried out in the pump house of the Ustulation steam station, it was hit by sulfuric acid spills from a line located above the pump house of the thermal recovery boiler.",2016,5,4,Wednesday,18,Autumn,1,0,2021-05-12,22:30:00,Factory_D,Urban,Day,18.0,Senior,No,34.07,27.65,70.97,0.77,1090.41,15,315,4.62,3,On,75.67,1,when conducting inspection to evaluate activity to be carried out in the pump house of the ustulation steam station  it was hit by sulfuric acid spills from a line located above the pump house of the thermal recovery boiler,equipment_failure,223,39,0.8733333333333333,High Risk,Increase preventive maintenance frequency and install predictive sensor monitoring systems.
2016-05-04,Country_02,Local_05,Metals,I,III,Male,Third Party (Remote),Chemical substances,"When conducting inspection to evaluate activity to be carried out in the pump house of the Ustulation steam station, it was struck by sulfuric acid spills from a line located above the house of thermal recovery boiler pumps.",2016,5,4,Wednesday,18,Autumn,1,0,2022-02-07,17:00:00,Factory_C,Rural,Night,5.0,Senior,Yes,30.58,24.74,41.1,2.35,2239.03,10,174,8.54,4,Off,54.4,0,when conducting inspection to evaluate activity to be carried out in the pump house of the ustulation steam station  it was struck by sulfuric acid spills from a line located above the house of thermal recovery boiler pumps,equipment_failure,223,38,0.7833333333333333,High Risk,Increase preventive maintenance frequency and install predictive sensor monitoring systems.
2016-05-05,Country_02,Local_05,Metals,I,III,Male,Third Party,Manual Tools,"The employee was sanding a piece in the Electrolysis at the end of the operation, when the protective cap of the disk spun to the back of the left hand.",2016,5,5,Thursday,18,Autumn,1,0,2021-02-07,02:15:00,Factory_A,Rural,Day,42.0,Senior,No,27.73,24.63,40.04,0.42,2391.84,12,107,0.72,0,Off,45.6,0,the employee was sanding a piece in the electrolysis at the end of the operation  when the protective cap of the disk spun to the back of the left hand,other,151,30,0.81,High Risk,Perform comprehensive industrial safety inspection.
2016-05-05,Country_02,Local_08,Metals,I,II,Male,Third Party (Remote),Manual Tools,"During the die cutting of the feeder (PEAD geomembrane blanket weld seam) to store the extruder, the stylet blade came in the direction of its left forearm, resulting in blunt short injury.",2016,5,5,Thursday,18,Autumn,1,0,2021-10-07,17:30:00,Factory_D,Rural,Night,34.0,Senior,No,17.07,18.39,58.93,2.96,1846.43,13,153,9.01,2,Off,33.81,0,during the die cutting of the feeder  pead geomembrane blanket weld seam  to store the extruder  the stylet blade came in the direction of its left forearm  resulting in blunt short injury,other,188,32,0.92,High Risk,Perform comprehensive industrial safety inspection.
2016-05-11,Country_01,Local_03,Mining,I,III,Male,Third Party,Others,"In the welding workshop of level 3620 (Ex -450 tunnel quinoa), in moments that the assistant raised a wooden strut - 3m long x 4 ""diameter - 20 Kg of weight, to place it on the work table at 1.30 m of height, treads another wooden strut placed on the floor losing the balance falling at the same level lying laterally on a concrete wall causing a bruise on the left shoulder.",2016,5,11,Wednesday,19,Autumn,1,0,2022-11-03,22:15:00,Factory_B,Urban,Night,17.0,Senior,Yes,14.07,15.86,35.85,3.99,2999.67,13,150,6.42,2,Off,28.48,0,in the welding workshop of level       ex      tunnel quinoa   in moments that the assistant raised a wooden strut    m long x    diameter      kg of weight  to place it on the work table at      m of height  treads another wooden strut placed on the floor losing the balance falling at the same level lying laterally on a concrete wall causing a bruise on the left shoulder,fall_slip,374,65,0.92,High Risk,"Improve floor traction, housekeeping, and PPE compliance."
2016-05-12,Country_01,Local_06,Metals,I,II,Male,Third Party (Remote),Chemical substances,"On Sunday, 15, the collaborator goes to the medical center saying that he had an accident 3 days ago when he performed internal maintenance work on the heat exchangers, defined as a confined space and at risk of burning with acid. When leaving the confined space, the employee removes the protective gloves without having passed through the emergency shower; At that moment, skin contact occurs with sulfates, generating the lesion.",2016,5,12,Thursday,19,Autumn,1,0,2022-06-29,06:45:00,Factory_C,Rural,Day,,Senior,No,30.86,24.59,72.74,0.06,2110.52,5,24,1.28,1,Off,45.8,0,on sunday      the collaborator goes to the medical center saying that he had an accident   days ago when he performed internal maintenance work on the heat exchangers  defined as a confined space and at risk of burning with acid  when leaving the confined space  the employee removes the protective gloves without having passed through the emergency shower  at that moment  skin contact occurs with sulfates  generating the lesion,other,431,68,0.7066666666666667,High Risk,Perform comprehensive industrial safety inspection.
2016-05-11,Country_01,Local_01,Mining,I,IV,Male,Third Party,Others,"In moments that the truck of transport of personnel of the company MCEISA plate AJG-751, moved from the Nv 3300 to surface, missing 50m to reach the mouth of the Nv 3900, the gearbox does not respond so the driver stops the truck to inspect it along with maintenance personnel who At that time I was traveling in the truck. They raise the cabin to manually put the change in first and continue the trip, culminated this task the driver with the support of the maintenance personnel lower the cabin which due to the weight falls hitting the driver between the cabin and the hopper of the truck. At the time of the accident the employee was wearing his safety helmet and chin strap.",2016,5,11,Wednesday,19,Autumn,1,0,2021-08-25,01:30:00,Factory_C,Rural,Night,6.0,Senior,Yes,22.53,23.73,51.49,3.35,3033.01,12,184,6.36,4,Off,48.35,0,in moments that the truck of transport of personnel of the company mceisa plate ajg      moved from the nv      to surface  missing   m to reach the mouth of the nv       the gearbox does not respond so the driver stops the truck to inspect it along with maintenance personnel who at that time i was traveling in the truck  they raise the cabin to manually put the change in first and continue the trip  culminated this task the driver with the support of the maintenance personnel lower the cabin which due to the weight falls hitting the driver between the cabin and the hopper of the truck  at the time of the accident the employee was wearing his safety helmet and chin strap,"human_error, fall_slip",679,122,0.86,High Risk,Conduct advanced worker safety training and strengthen operational supervision.
2016-05-14,Country_01,Local_01,Mining,I,IV,Male,Third Party,Others,"After completing the welding work on the backhoe bucket made for 4 hours, during which he used glass moon # 10, the welder feels a slight discomfort in the eyes, so he is transferred to the medical service for evaluation . During the accident the welder used facial mask for welding.",2016,5,14,Saturday,19,Autumn,1,0,2021-03-29,10:00:00,Factory_A,Urban,Night,6.0,Junior,No,38.38,28.09,69.39,4.9,3122.17,11,166,1.38,3,Off,63.41,0,after completing the welding work on the backhoe bucket made for   hours  during which he used glass moon       the welder feels a slight discomfort in the eyes  so he is transferred to the medical service for evaluation   during the accident the welder used facial mask for welding,other,282,47,0.92,High Risk,Perform comprehensive industrial safety inspection.
2016-05-17,Country_01,Local_11,Others,I,II,Male,Employee,Others,"When an employee of MILPO Lima visited the facilities, when he was at level 2900, waiting for the personnel cage to go up to level 4070, drops of water fall from the ceiling from a height of 2.20 meters approximately, product of a slight filtration in the crown (sustained with shotcrete), a drop enters the right eye causing discomfort in the right eye. According to the employee, at the time of the accident the lenses had been removed to clean them, this happened after the visit to the interior of the mine.",2016,5,17,Tuesday,20,Autumn,1,0,2021-11-15,01:45:00,Factory_C,Urban,Night,11.0,Senior,No,14.51,15.14,44.15,1.46,1503.32,4,274,4.36,1,Off,37.06,0,when an employee of milpo lima visited the facilities  when he was at level       waiting for the personnel cage to go up to level       drops of water fall from the ceiling from a height of      meters approximately  product of a slight filtration in the crown  sustained with shotcrete   a drop enters the right eye causing discomfort in the right eye  according to the employee  at the time of the accident the lenses had been removed to clean them  this happened after the visit to the interior of the mine,fall_slip,510,89,0.9033333333333333,High Risk,"Improve floor traction, housekeeping, and PPE compliance."
2016-05-19,Country_01,Local_03,Mining,I,IV,Male,Third Party (Remote),Others,"At the El Porvenir sub-station at level 4240, when assembling a metal structure (approximately 120 kg) with the support of a lifting system, three operators try to accommodate the structure to anchor it on its base, at this moment the Metallic structure slides in the direction of the injured worker's right hand, producing a slight right hand accretion between the head of the bolt and the base of the structure causing the injury. At the time of the accident the operators made use of their safety gloves.",2016,5,19,Thursday,20,Autumn,1,0,2023-03-30,18:45:00,Factory_B,Rural,Day,23.0,Junior,No,40.47,28.31,30.64,3.92,2937.21,16,130,5.93,3,Off,71.39,0,at the el porvenir sub station at level       when assembling a metal structure  approximately     kg  with the support of a lifting system  three operators try to accommodate the structure to anchor it on its base  at this moment the metallic structure slides in the direction of the injured worker s right hand  producing a slight right hand accretion between the head of the bolt and the base of the structure causing the injury  at the time of the accident the operators made use of their safety gloves,human_error,506,87,0.8933333333333333,High Risk,Conduct advanced worker safety training and strengthen operational supervision.
2016-05-18,Country_02,Local_05,Metals,I,III,Male,Employee,Others,"The employee was performing carbon steel pipe marking activity when his helmet was struck by a tube, causing a scalp wound due to the impact of the helmet's sheepskin.",2016,5,18,Wednesday,20,Autumn,1,0,2022-06-29,08:00:00,Factory_C,Urban,Night,27.0,Senior,No,32.57,24.04,68.01,0.11,2665.21,13,220,7.78,3,Off,62.79,0,the employee was performing carbon steel pipe marking activity when his helmet was struck by a tube  causing a scalp wound due to the impact of the helmet s sheepskin,other,166,30,0.9366666666666666,High Risk,Perform comprehensive industrial safety inspection.
2016-05-22,Country_02,Local_08,Metals,I,III,Male,Employee,Blocking and isolation of energies,"During the maintenance on the LX-P-205B pump, there was the projection of silicate pulp, reaching the right leg of the employee.",2016,5,22,Sunday,20,Autumn,1,0,2023-07-18,11:45:00,Factory_D,Rural,Night,37.0,Senior,No,18.01,21.87,65.45,1.99,2424.54,17,178,7.93,1,Off,43.9,0,during the maintenance on the lx p    b pump  there was the projection of silicate pulp  reaching the right leg of the employee,equipment_failure,127,23,0.93,High Risk,Increase preventive maintenance frequency and install predictive sensor monitoring systems.
2016-05-20,Country_01,Local_06,Metals,I,I,Male,Third Party,Fall prevention (same level),"In circumstances that the collaborator Juveni performed the washing of the tabolas in the pot washing area, she suffers a feeling of dizziness and faintness causing the fall the same level and producing a slight concussion in the head.",2016,5,20,Friday,20,Autumn,1,0,2022-01-02,21:30:00,Factory_A,Industrial_Zone,Night,46.0,Junior,Yes,21.0,20.78,64.22,1.16,2688.3,15,165,7.34,0,Off,40.46,0,in circumstances that the collaborator juveni performed the washing of the tabolas in the pot washing area  she suffers a feeling of dizziness and faintness causing the fall the same level and producing a slight concussion in the head,fall_slip,234,39,0.9433333333333334,High Risk,"Improve floor traction, housekeeping, and PPE compliance."
2016-05-12,Country_01,Local_04,Mining,I,III,Male,Employee,Others,"Being 10:50 am. Approximately, in the workshop of mechanical maintenance (surface) Mr. Orlando of boltec) and his assistant Mr. Macedonio made the cut of the link to shorten the distance of the chain and hold the injection hose of resin, instant that the saw blade leaves its cutting position, affecting the second finger of the left hand causing the injury.",2016,5,12,Thursday,19,Autumn,1,0,2023-10-01,16:30:00,Factory_D,Urban,Day,18.0,Senior,Yes,13.8,13.67,56.12,1.87,1711.23,9,343,4.92,4,On,37.38,0,being       am  approximately  in the workshop of mechanical maintenance  surface  mr  orlando of boltec  and his assistant mr  macedonio made the cut of the link to shorten the distance of the chain and hold the injection hose of resin  instant that the saw blade leaves its cutting position  affecting the second finger of the left hand causing the injury,other,357,59,0.8866666666666667,High Risk,Perform comprehensive industrial safety inspection.
2016-05-25,Country_01,Local_04,Mining,II,III,Male,Employee,Others,"During the tests of the soft starter of the engine of belt 03 the collaborator Igor moves around the site and at approximately 19:45 pm falls into a trench for electric cables, (0.90m deep), the same as was found partially discovered.",2016,5,25,Wednesday,21,Autumn,2,0,2023-06-01,18:45:00,Factory_D,Urban,Night,42.0,Senior,No,32.85,28.47,77.46,2.06,3967.73,10,259,8.48,2,Off,64.72,0,during the tests of the soft starter of the engine of belt    the collaborator igor moves around the site and at approximately       pm falls into a trench for electric cables       m deep   the same as was found partially discovered,fall_slip,233,39,0.7033333333333334,High Risk,"Improve floor traction, housekeeping, and PPE compliance."
2016-05-27,Country_02,Local_02,Mining,I,V,Male,Employee,Others,"When checking voltage at the power outlet of the the plug and socket to make sure the connection was correct, when there was a small electrical arc in the power cord, causing a slight burn in the right hand wrist. The protection system acted immediately.",2016,5,27,Friday,21,Autumn,1,0,2022-10-22,17:45:00,Factory_C,Industrial_Zone,Night,34.0,Senior,No,10.61,14.89,38.91,0.4,1477.71,16,12,8.55,4,On,8.48,0,when checking voltage at the power outlet of the the plug and socket to make sure the connection was correct  when there was a small electrical arc in the power cord  causing a slight burn in the right hand wrist  the protection system acted immediately,electrical,253,45,0.9533333333333334,High Risk,Perform electrical safety audits and strengthen cable insulation inspections.
2016-05-25,Country_03,Local_10,Others,I,I,Male,Third Party,Bees,"The ground team coordinated by Prospector with his assistants: da Silva and Wila 14:45 p.m., in a prong opening to access and collect soil samples, Auxiliar came across some he tried to divert about 10 meters to the right of the place, but at the moment of the diversion he came across the marimbondo house in front of him, not giving time for any other action since the thugs were already agitated, da Silva 5 times: a sting in the head, another behind the neck and other 3 stings in the face. Since all have allergy tests, it was verified that there was no allergic reaction, washed the affected part and returned to normal activities.",2016,5,25,Wednesday,21,Autumn,1,0,2021-04-25,05:15:00,Factory_B,Industrial_Zone,Night,11.0,Junior,Yes,34.49,26.45,59.54,4.61,1143.39,3,92,4.63,4,On,53.03,0,the ground team coordinated by prospector with his assistants  da silva and wila       p m   in a prong opening to access and collect soil samples  auxiliar came across some he tried to divert about    meters to the right of the place  but at the moment of the diversion he came across the marimbondo house in front of him  not giving time for any other action since the thugs were already agitated  da silva   times  a sting in the head  another behind the neck and other   stings in the face  since all have allergy tests  it was verified that there was no allergic reaction  washed the affected part and returned to normal activities,other,636,112,0.7266666666666667,High Risk,Perform comprehensive industrial safety inspection.
2016-05-26,Country_03,Local_10,Others,I,I,Male,Third Party,Bees,"In the geological reconnaissance activity, in the farm of Mr. Lázaro, the team composed by Felipe and Divino de Morais, in normal activity encountered a ciliary forest, as they needed to enter the forest to verify a rock outcrop which was the front, the Divine realized the opening of the access with machete. At that moment, took a bite from his neck. There were no more attacks, no allergic reaction, and continued work normally. With the work completed, leaving the forest for the same access, the Divine assistant was attacked by a snake and suffered a sting in the forehead. At that moment they moved away from the area. It was verified that there was no type of allergic reaction and returned with normal activities.",2016,5,26,Thursday,21,Autumn,1,0,2021-09-13,14:30:00,Factory_D,Urban,Night,45.0,Junior,No,10.52,15.98,55.07,1.65,1924.03,9,72,6.33,3,On,17.78,0,in the geological reconnaissance activity  in the farm of mr  l zaro  the team composed by felipe and divino de morais  in normal activity encountered a ciliary forest  as they needed to enter the forest to verify a rock outcrop which was the front  the divine realized the opening of the access with machete  at that moment  took a bite from his neck  there were no more attacks  no allergic reaction  and continued work normally  with the work completed  leaving the forest for the same access  the divine assistant was attacked by a snake and suffered a sting in the forehead  at that moment they moved away from the area  it was verified that there was no type of allergic reaction and returned with normal activities,other,721,126,0.9533333333333334,High Risk,Perform comprehensive industrial safety inspection.
2016-05-26,Country_03,Local_10,Others,I,I,Male,Employee,Others,"In the geological reconnaissance activity, in the farm of Mr. Lázaro, the team composed by Felipe and Divino de Morais, in normal activity encountered a ciliary forest, as they needed to enter the forest to verify a rock outcrop which was the front, the Divine realized the opening of the access with machete. At that moment, took a bite from his neck. There were no more attacks, no allergic reaction, and continued work normally. With the work completed, leaving the forest for the same access, the Divine assistant was attacked by a snake and suffered a sting in the forehead. At that moment they moved away from the area. It was verified that there was no type of allergic reaction and returned with normal activities.",2016,5,26,Thursday,21,Autumn,1,0,2023-01-06,08:00:00,Factory_B,Urban,Night,21.0,Junior,No,24.28,22.26,30.0,1.45,1115.19,10,86,4.12,3,Off,43.78,0,in the geological reconnaissance activity  in the farm of mr  l zaro  the team composed by felipe and divino de morais  in normal activity encountered a ciliary forest  as they needed to enter the forest to verify a rock outcrop which was the front  the divine realized the opening of the access with machete  at that moment  took a bite from his neck  there were no more attacks  no allergic reaction  and continued work normally  with the work completed  leaving the forest for the same access  the divine assistant was attacked by a snake and suffered a sting in the forehead  at that moment they moved away from the area  it was verified that there was no type of allergic reaction and returned with normal activities,other,721,126,0.8833333333333333,High Risk,Perform comprehensive industrial safety inspection.
2016-06-01,Country_02,Local_05,Metals,I,III,Male,Employee,Cut,The clerk was peeling and pulling a sheet came another one that struck in his 5th chirodactile of the left hand tearing his PVC sleeve caused a cut.,2016,6,1,Wednesday,22,Winter,1,0,2023-10-19,00:30:00,Factory_D,Urban,Night,36.0,Junior,No,19.87,22.77,73.26,2.2,1582.87,5,234,9.01,4,On,43.36,0,the clerk was peeling and pulling a sheet came another one that struck in his  th chirodactile of the left hand tearing his pvc sleeve caused a cut,other,147,28,0.7633333333333333,High Risk,Perform comprehensive industrial safety inspection.
2016-06-02,Country_02,Local_05,Metals,I,III,Male,Employee,Cut,"During the process of washing the material (Becker), the tip of the material was broken which caused a cut of the 5th finger of the right hand",2016,6,2,Thursday,22,Winter,1,0,2021-03-26,11:30:00,Factory_C,Rural,Night,25.0,Junior,Yes,30.77,26.18,72.48,3.93,1648.73,5,267,3.54,0,Off,59.34,0,during the process of washing the material  becker   the tip of the material was broken which caused a cut of the  th finger of the right hand,other,142,27,0.8366666666666667,High Risk,Perform comprehensive industrial safety inspection.
2016-06-03,Country_01,Local_01,Mining,I,II,Male,Third Party,Others,"In circumstances that the collaborator performed the cleaning of the ditch 3570, 0.50 cm deep, removing the pipe of 2 ""HDPE material with an estimated weight of 30 Kg. Together with two collaborators, when pushing the tube to drain the dune, the collaborator is hit on the lower right side lip producing a slight blow to the lip. At the time of the event, the collaborator had a safety helmet, glasses and gloves.",2016,6,3,Friday,22,Winter,1,0,2023-04-07,03:15:00,Factory_B,Industrial_Zone,Day,29.0,Senior,No,34.28,28.91,40.63,1.94,2828.37,4,206,8.39,0,Off,62.19,0,in circumstances that the collaborator performed the cleaning of the ditch            cm deep  removing the pipe of    hdpe material with an estimated weight of    kg  together with two collaborators  when pushing the tube to drain the dune  the collaborator is hit on the lower right side lip producing a slight blow to the lip  at the time of the event  the collaborator had a safety helmet  glasses and gloves,other,412,69,0.8766666666666667,High Risk,Perform comprehensive industrial safety inspection.
2016-06-04,Country_01,Local_04,Mining,V,V,Male,Third Party,Others,"Being 01:50 p.m. approximately, in the Nv. 1800, in the Tecnomin winery. Mr. Chagua - Bodeguero was alone, cutting wires No. 16 with a grinder, previously he had removed the protection guard from the disk of 4 inches in diameter and adapted a disk of a crosscutter of approximately 8 inches. Originating traumatic amputation of two fingers of the left hand",2016,6,4,Saturday,22,Winter,5,1,2021-10-12,00:30:00,Factory_D,Industrial_Zone,Night,10.0,Senior,No,13.22,17.13,50.87,0.3,2340.34,14,264,3.93,0,Off,39.98,0,being       p m  approximately  in the nv        in the tecnomin winery  mr  chagua   bodeguero was alone  cutting wires no     with a grinder  previously he had removed the protection guard from the disk of   inches in diameter and adapted a disk of a crosscutter of approximately   inches  originating traumatic amputation of two fingers of the left hand,other,356,56,0.8033333333333333,High Risk,Perform comprehensive industrial safety inspection.
2016-06-05,Country_01,Local_03,Mining,I,III,Male,Employee,Others,"at level 2900, during the ore hauling activity with locomotive from the OP2 to the bines, at times when the convoy was traveling through the hopper of the OP1, the assistant motorist who was riding in the saddle holding the pole is struck weakly by a split set which was suspended in the HDP pipeline in the gable the work at 1.65 meters from the floor. At the time of the accident, the assistant was wearing all his safety equipment and was wearing a seatbelt. At the time of the accident the Split set only accompanied the movement path of the convoy.",2016,6,5,Sunday,22,Winter,1,0,2023-05-15,01:00:00,Factory_B,Industrial_Zone,Night,24.0,Junior,Yes,25.5,23.17,70.5,1.5,1850.02,13,1,8.39,2,On,33.02,0,at level       during the ore hauling activity with locomotive from the op  to the bines  at times when the convoy was traveling through the hopper of the op   the assistant motorist who was riding in the saddle holding the pole is struck weakly by a split set which was suspended in the hdp pipeline in the gable the work at      meters from the floor  at the time of the accident  the assistant was wearing all his safety equipment and was wearing a seatbelt  at the time of the accident the split set only accompanied the movement path of the convoy,equipment_failure,552,100,0.9133333333333333,High Risk,Increase preventive maintenance frequency and install predictive sensor monitoring systems.
2016-06-05,Country_01,Local_06,Metals,I,I,Male,Employee,Fall prevention,"The employee who works as an electrician in the management of electrometallurgy, suffers contusion in the right leg when suffering a slip at the height of step 3 of the staircase with code ELE-81-040 (ABB furnace cat ladder), immediately He is referred to a collaborator to the medical service to be treated.",2016,6,5,Sunday,22,Winter,1,0,2023-10-27,05:30:00,Factory_C,Rural,Day,17.0,Junior,No,10.0,14.67,59.31,3.32,2961.36,6,149,5.26,1,Off,16.78,0,the employee who works as an electrician in the management of electrometallurgy  suffers contusion in the right leg when suffering a slip at the height of step   of the staircase with code ele         abb furnace cat ladder   immediately he is referred to a collaborator to the medical service to be treated,fall_slip,307,51,0.9233333333333333,High Risk,"Improve floor traction, housekeeping, and PPE compliance."
2016-06-08,Country_01,Local_04,Mining,I,III,Male,Third Party,Others,"At times that the workers: Technician and Mr. Orlando of Boltec 2 of Cia. wanted to pass the hand stacker by a sardinel, the technician pulled the hydraulic arm, while Mr. was pushing from the nail of the equipment, when reaching the trench the rim is tied and the team turns forward falling on the technician.",2016,6,8,Wednesday,23,Winter,1,0,2021-03-13,23:30:00,Factory_A,Rural,Day,37.0,Junior,No,27.33,24.07,71.4,1.03,2981.37,18,214,5.96,4,On,61.95,0,at times that the workers  technician and mr  orlando of boltec   of cia  wanted to pass the hand stacker by a sardinel  the technician pulled the hydraulic arm  while mr  was pushing from the nail of the equipment  when reaching the trench the rim is tied and the team turns forward falling on the technician,"equipment_failure, human_error, fall_slip",309,55,0.9433333333333334,High Risk,Increase preventive maintenance frequency and install predictive sensor monitoring systems.
2016-06-07,Country_01,Local_01,Mining,I,I,Male,Employee,Others,"In circumstances where the employee made the connection of the electric cable of the No. 08 jumbo, the operator feels discomfort in the face cleaning with the hand while using the rubber glove, generating a superficial laceration (small wound) on the left cheekbone.",2016,6,7,Tuesday,23,Winter,1,0,2023-08-06,17:30:00,Factory_B,Rural,Day,11.0,Junior,No,25.44,23.21,40.11,2.14,3454.31,14,58,9.31,2,Off,43.74,0,in circumstances where the employee made the connection of the electric cable of the no     jumbo  the operator feels discomfort in the face cleaning with the hand while using the rubber glove  generating a superficial laceration  small wound  on the left cheekbone,human_error,265,42,0.91,High Risk,Conduct advanced worker safety training and strengthen operational supervision.
2016-06-07,Country_01,Local_03,Mining,I,III,Male,Third Party,Others,"In phase III of the concentrator plant, the maintenance personnel carried out the removal of transmission belt from the flotation cell of Pb cleaning; at the moment the mechanic removed the belt he leans on his left leg which slides towards the grating floor, leaving his foot between the two pipes generating the lesion described. The work was carried out at the floor level and at the time of the accident, the staff had put on their safety equipment.",2016,6,7,Tuesday,23,Winter,1,0,2021-01-03,03:30:00,Factory_D,Urban,Day,17.0,Senior,No,26.55,24.02,51.62,4.64,3236.5,14,42,9.23,2,Off,42.11,0,in phase iii of the concentrator plant  the maintenance personnel carried out the removal of transmission belt from the flotation cell of pb cleaning  at the moment the mechanic removed the belt he leans on his left leg which slides towards the grating floor  leaving his foot between the two pipes generating the lesion described  the work was carried out at the floor level and at the time of the accident  the staff had put on their safety equipment,equipment_failure,452,79,0.9133333333333333,High Risk,Increase preventive maintenance frequency and install predictive sensor monitoring systems.
2016-06-08,Country_03,Local_10,Others,I,I,Male,Third Party,Bees,"Project of Vazante that carried out sediment collection of current in the South of Mata target, in the drainage of Serra do Garrote. team that was composed of 04 members of the WCA company, being the S.r.s Leandro, and Jehovânio. they were moving from one collection point to another, inside a shallow drainage, they saw the bee carton, the reaction was to move away from the box as quickly as possible to avoid the stings, they ran about 50 meters, looking for a safe area, to exit the radius of attack of the bees, but the S.S. and Breno), were attacked and consequently they suffered 02 stings, in the belly and Jehovah in the hand, verified that there was no type of allergic reaction, returned with the normal activities.",2016,6,8,Wednesday,23,Winter,1,0,2023-07-05,14:15:00,Factory_B,Urban,Night,46.0,Junior,Yes,27.08,23.5,49.78,0.32,2192.13,13,309,0.24,3,Off,64.19,0,project of vazante that carried out sediment collection of current in the south of mata target  in the drainage of serra do garrote  team that was composed of    members of the wca company  being the s r s leandro  and jehov nio  they were moving from one collection point to another  inside a shallow drainage  they saw the bee carton  the reaction was to move away from the box as quickly as possible to avoid the stings  they ran about    meters  looking for a safe area  to exit the radius of attack of the bees  but the s s  and breno   were attacked and consequently they suffered    stings  in the belly and jehovah in the hand  verified that there was no type of allergic reaction  returned with the normal activities,other,725,130,0.8866666666666667,High Risk,Perform comprehensive industrial safety inspection.
2016-06-08,Country_03,Local_10,Others,I,I,Male,Third Party,Others,"Project of Vazante that carried out sediment collection of current in the South of Mata target, in the drainage of Serra do Garrote. team that was composed of 04 members of the WCA company, being the S.r.s Leandro, and Jehovânio. they were moving from one collection point to another, inside a shallow drainage, they saw the bee carton, the reaction was to move away from the box as quickly as possible to avoid the stings, they ran about 50 meters, looking for a safe area, to exit the radius of attack of the bees, but the S.S. and Breno), were attacked and consequently they suffered 02 stings, in the belly and Jehovah in the hand, verified that there was no type of allergic reaction, returned with the normal activities.",2016,6,8,Wednesday,23,Winter,1,0,2021-09-01,22:45:00,Factory_C,Urban,Day,33.0,Junior,Yes,14.73,14.97,68.21,3.64,2040.31,2,317,2.19,4,On,36.86,0,project of vazante that carried out sediment collection of current in the south of mata target  in the drainage of serra do garrote  team that was composed of    members of the wca company  being the s r s leandro  and jehov nio  they were moving from one collection point to another  inside a shallow drainage  they saw the bee carton  the reaction was to move away from the box as quickly as possible to avoid the stings  they ran about    meters  looking for a safe area  to exit the radius of attack of the bees  but the s s  and breno   were attacked and consequently they suffered    stings  in the belly and jehovah in the hand  verified that there was no type of allergic reaction  returned with the normal activities,other,725,130,0.8566666666666667,High Risk,Perform comprehensive industrial safety inspection.
2016-06-10,Country_02,Local_05,Metals,I,III,Male,Third Party (Remote),Manual Tools,"The employee reports that he was working with brushcutters near the Stone when the blade of the equipment collided with a piece of metal that was projected toward his leg, causing injury to his left leg.",2016,6,10,Friday,23,Winter,1,0,2022-06-12,11:00:00,Factory_C,Rural,Day,18.0,Junior,No,28.63,21.56,35.78,2.61,2631.49,11,339,4.01,1,Off,65.23,0,the employee reports that he was working with brushcutters near the stone when the blade of the equipment collided with a piece of metal that was projected toward his leg  causing injury to his left leg,equipment_failure,202,36,0.91,High Risk,Increase preventive maintenance frequency and install predictive sensor monitoring systems.
2016-06-13,Country_01,Local_01,Mining,I,IV,Male,Employee,Others,"Once the mooring of the faneles in the detonating cord has been completed, the injured person proceeds to tie the detonating cord in the safety guide (slow wick) at a distance of 2.0 meters from the top of the work. At that moment, to finish mooring, a rock bank (30cm x 50cm x 15cm; 67.5 Kg.) the same front, from a height of 1.60 meters, which falls to the floor very close to the injured, disintegrates in several fragments, one of which (12cmx10cmx3cm, 2.0 Kg.) slides between the fragments of rock and impacts with the left leg of the victim. At the time of the accident the operator used his safety boots and was accompanied by a supervisor.",2016,6,13,Monday,24,Winter,1,0,2022-06-05,23:45:00,Factory_D,Rural,Day,34.0,Senior,Yes,31.09,27.17,55.24,4.73,3926.34,19,105,1.34,0,Off,54.95,0,once the mooring of the faneles in the detonating cord has been completed  the injured person proceeds to tie the detonating cord in the safety guide  slow wick  at a distance of     meters from the top of the work  at that moment  to finish mooring  a rock bank    cm x   cm x   cm       kg   the same front  from a height of      meters  which falls to the floor very close to the injured  disintegrates in several fragments  one of which    cmx  cmx cm      kg   slides between the fragments of rock and impacts with the left leg of the victim  at the time of the accident the operator used his safety boots and was accompanied by a supervisor,"human_error, fall_slip",646,116,0.85,High Risk,Conduct advanced worker safety training and strengthen operational supervision.
2016-06-16,Country_01,Local_03,Mining,I,IV,Male,Third Party,Others,"During the activity of construction of wall stopper with mortar blocks to improve ventilation in the intermediate zone; in moments that the bricklayer assistant was preparing to complete the construction of the 3.05m high wall, part of the wall - 12 blocks; 1.5 Kg per block - fall towards the scaffold, so the mason assistant jumps towards an accumulation of sand located on one side to avoid being hit by the blocks, during the fall the injury described occurs. At the time of the accident the mason assistant jumps from a height of 1.40 m from the floor of the work and used his personal safety equipment which reduced the impact of the fall.",2016,6,16,Thursday,24,Winter,1,0,2022-07-20,07:00:00,Factory_A,Rural,Day,24.0,Senior,Yes,22.31,21.41,34.5,2.61,3350.86,3,182,1.7,2,On,39.14,0,during the activity of construction of wall stopper with mortar blocks to improve ventilation in the intermediate zone  in moments that the bricklayer assistant was preparing to complete the construction of the     m high wall  part of the wall      blocks      kg per block   fall towards the scaffold  so the mason assistant jumps towards an accumulation of sand located on one side to avoid being hit by the blocks  during the fall the injury described occurs  at the time of the accident the mason assistant jumps from a height of      m from the floor of the work and used his personal safety equipment which reduced the impact of the fall,"equipment_failure, fall_slip",644,109,0.88,High Risk,Increase preventive maintenance frequency and install predictive sensor monitoring systems.
2016-06-16,Country_03,Local_10,Others,I,I,Male,Third Party,Bees,"The Geologo and the auxiliary Elismar traveled to evaluate geological points following the GPS near some drainage. Following the state highway that gives access to the Aripuanã area, they stopped and got out of the vehicle to see the point identified in the GPS, Renato, when distancing himself about seven meters from the vehicle following the road, was surprised by four bites of thorns on his face and neck. Quickly he hurried back to the vehicle, moving away from the place. The clerk was wearing a girdle and goggles, he still was not wearing gloves, as he would not enter the forest area. There was no allergic reaction.",2016,6,16,Thursday,24,Winter,1,0,2023-07-06,00:45:00,Factory_C,Industrial_Zone,Night,19.0,Senior,No,17.75,17.44,63.09,3.97,3409.91,19,96,9.0,0,Off,32.28,0,the geologo and the auxiliary elismar traveled to evaluate geological points following the gps near some drainage  following the state highway that gives access to the aripuan  area  they stopped and got out of the vehicle to see the point identified in the gps  renato  when distancing himself about seven meters from the vehicle following the road  was surprised by four bites of thorns on his face and neck  quickly he hurried back to the vehicle  moving away from the place  the clerk was wearing a girdle and goggles  he still was not wearing gloves  as he would not enter the forest area  there was no allergic reaction,other,625,108,0.8966666666666666,High Risk,Perform comprehensive industrial safety inspection.
2016-06-16,Country_03,Local_10,Others,I,I,Male,Third Party,Bees,"Geologist and auxiliary Ademir traveled to the field to evaluate geological points following the GPS near some drainage. Following the state highway that gives access to Aripuanã area, stopped and got out of the vehicle to see the point identified in the GPS, Mário, when distancing himself about five meters from the vehicle following the road, was surprised by two bites of thorns on his face. Quickly he hurried back to the vehicle, moving away from the place. The clerk was wearing a girdle and goggles, he still was not wearing gloves, as he would not enter the forest area. There was no allergic reaction.",2016,6,16,Thursday,24,Winter,1,0,2021-07-08,23:15:00,Factory_C,Industrial_Zone,Day,32.0,Junior,Yes,23.4,18.94,41.46,0.29,3483.3,18,223,4.83,4,Off,51.54,0,geologist and auxiliary ademir traveled to the field to evaluate geological points following the gps near some drainage  following the state highway that gives access to aripuan  area  stopped and got out of the vehicle to see the point identified in the gps  m rio  when distancing himself about five meters from the vehicle following the road  was surprised by two bites of thorns on his face  quickly he hurried back to the vehicle  moving away from the place  the clerk was wearing a girdle and goggles  he still was not wearing gloves  as he would not enter the forest area  there was no allergic reaction,other,610,106,0.9233333333333333,High Risk,Perform comprehensive industrial safety inspection.
2016-06-16,Country_03,Local_10,Others,I,I,Male,Third Party,Bees,"The Safety and Technical moved to the field for inspection activity, on the way to the field, paused together with the other two teams in order to know the drainage points to be checked, the Safety at getting out of the vehicle, was struck by a sting of a weed in his neck, quickly returned to the vehicle and made radio communication with the other two teams which distanced themselves from the place. The clerk was wearing leggings and glasses. There was no allergic reaction.",2016,6,16,Thursday,24,Winter,1,0,2023-04-18,01:00:00,Factory_B,Rural,Day,47.0,Senior,No,38.33,29.04,46.98,2.98,2867.88,1,8,7.5,1,On,51.11,0,the safety and technical moved to the field for inspection activity  on the way to the field  paused together with the other two teams in order to know the drainage points to be checked  the safety at getting out of the vehicle  was struck by a sting of a weed in his neck  quickly returned to the vehicle and made radio communication with the other two teams which distanced themselves from the place  the clerk was wearing leggings and glasses  there was no allergic reaction,other,477,85,0.8333333333333334,High Risk,Perform comprehensive industrial safety inspection.
2016-06-16,Country_03,Local_10,Others,I,I,Male,Third Party,Bees,"Auxiliary and Geologist traveled to the field to evaluate geological points following the GPS near some drainage. Following the state highway that gives access to Aripuanã area, stopped and got out of the vehicle to see the point identified in the GPS, Ademir, distancing himself about five meters from the vehicle, accompanied by the geologist Mario, was surprised by two bites of blows on his neck. Quickly he hurried back to the vehicle, moving away from the place. The clerk was wearing a girdle and goggles, he still was not wearing gloves, as he would not enter the forest area. There was no allergic reaction.",2016,6,16,Thursday,24,Winter,1,0,2023-01-20,01:30:00,Factory_B,Urban,Night,14.0,Junior,Yes,22.9,16.66,32.17,3.6,2989.33,6,182,5.35,3,On,37.19,0,auxiliary and geologist traveled to the field to evaluate geological points following the gps near some drainage  following the state highway that gives access to aripuan  area  stopped and got out of the vehicle to see the point identified in the gps  ademir  distancing himself about five meters from the vehicle  accompanied by the geologist mario  was surprised by two bites of blows on his neck  quickly he hurried back to the vehicle  moving away from the place  the clerk was wearing a girdle and goggles  he still was not wearing gloves  as he would not enter the forest area  there was no allergic reaction,other,615,105,0.8,High Risk,Perform comprehensive industrial safety inspection.
2016-06-18,Country_03,Local_10,Others,I,I,Male,Employee,Bees,"While traveling in the field in order to make geological mapping, the geologist Manoel who was accompanied by the prospector Marcos stooped to deviate from the vegetation, at that time, received three whistling stings being them, two on the face and one on the neck. There was no allergic reaction and activities followed normally after the event.",2016,6,18,Saturday,24,Winter,1,0,2022-08-07,19:00:00,Factory_C,Urban,Day,34.0,Junior,No,19.73,20.49,69.31,4.36,3779.34,17,87,2.23,2,Off,37.81,0,while traveling in the field in order to make geological mapping  the geologist manoel who was accompanied by the prospector marcos stooped to deviate from the vegetation  at that time  received three whistling stings being them  two on the face and one on the neck  there was no allergic reaction and activities followed normally after the event,other,346,57,0.91,High Risk,Perform comprehensive industrial safety inspection.
2016-06-18,Country_03,Local_10,Others,I,I,Male,Third Party,Bees,"When moving in the field to make geological mapping, the prospector Marcos who was accompanied by the geologist Manoel stooped to deviate from the vegetation, at that moment, received a whistling sting in the ring finger of his right hand. There was no allergic reaction and activities followed normally after the event.",2016,6,18,Saturday,24,Winter,1,0,2022-12-02,03:30:00,Factory_C,Urban,Night,34.0,Senior,No,21.4,18.14,73.05,2.72,3765.93,12,250,4.56,0,Off,44.16,0,when moving in the field to make geological mapping  the prospector marcos who was accompanied by the geologist manoel stooped to deviate from the vegetation  at that moment  received a whistling sting in the ring finger of his right hand  there was no allergic reaction and activities followed normally after the event,other,319,52,0.91,High Risk,Perform comprehensive industrial safety inspection.
2016-06-21,Country_01,Local_01,Mining,I,III,Male,Third Party,Others,"When the mechanical technician proceeded to perform the maintenance of motor supports of a tipper, he decided to bring a wooden block, for which he moved to the temporary storage of materials - located at 10 m. of the tipper - in circumstances in which he sought the cue; the camera of a tire burst suddenly (it was on the right and 2 m. of the involved); the thunderous sound affected the right ear of the worker. The tire that exploded has 110 psi of pressure approximately, at the time of the event they were stacked 3 pneumatic, the second was the one that exploded (presented cut - place where the energy was released). The tire that was in the upper part was not projected. The tires were left by the previous guard (night shift), the storage area does not have a roof. In the place of the event only the affected mechanic was located (at 2m.) And at a distance of 70m. there were other workers. In the area 5 trucks were parked, none of them suffered damage to the glass.",2016,6,21,Tuesday,25,Winter,1,0,2022-10-15,07:45:00,Factory_B,Rural,Night,42.0,Senior,Yes,16.67,18.69,51.26,1.27,3053.25,5,200,1.53,4,On,29.53,0,when the mechanical technician proceeded to perform the maintenance of motor supports of a tipper  he decided to bring a wooden block  for which he moved to the temporary storage of materials   located at    m  of the tipper   in circumstances in which he sought the cue  the camera of a tire burst suddenly  it was on the right and   m  of the involved   the thunderous sound affected the right ear of the worker  the tire that exploded has     psi of pressure approximately  at the time of the event they were stacked   pneumatic  the second was the one that exploded  presented cut   place where the energy was released   the tire that was in the upper part was not projected  the tires were left by the previous guard  night shift   the storage area does not have a roof  in the place of the event only the affected mechanic was located  at  m   and at a distance of   m  there were other workers  in the area   trucks were parked  none of them suffered damage to the glass,"equipment_failure, human_error",977,174,0.8733333333333333,High Risk,Increase preventive maintenance frequency and install predictive sensor monitoring systems.
2016-06-22,Country_01,Local_03,Mining,I,III,Male,Third Party (Remote),Others,"In level 2930 access Siemag camera roof, at times when the piquero civil operator looked for a stilson key of 12 ""inside its metal tool box, open the metal lid (1m x 0.6m x 0.7m; 5 Kg of weight) with both hands, then push the lid backwards positioning your right hand near the base of the lid causing an incentration of your fifth finger between the lid and the structure of the box at the height of the hinge. At the time of the accident, the employee wore pad gloves, which reduced the consequence of the injury.",2016,6,22,Wednesday,25,Winter,1,0,2023-05-02,09:30:00,Factory_C,Urban,Night,31.0,Junior,Yes,37.16,25.48,56.61,4.8,2768.61,11,8,6.86,1,Off,50.83,0,in level      access siemag camera roof  at times when the piquero civil operator looked for a stilson key of     inside its metal tool box  open the metal lid   m x    m x    m    kg of weight  with both hands  then push the lid backwards positioning your right hand near the base of the lid causing an incentration of your fifth finger between the lid and the structure of the box at the height of the hinge  at the time of the accident  the employee wore pad gloves  which reduced the consequence of the injury,human_error,513,94,0.9233333333333333,High Risk,Conduct advanced worker safety training and strengthen operational supervision.
2016-06-23,Country_02,Local_08,Metals,I,II,Male,Employee,Manual Tools,"When handling a lever to move the sludge, the employee moved it by making a pendulum movement and striking his chin.",2016,6,23,Thursday,25,Winter,1,0,2023-02-25,22:30:00,Factory_B,Urban,Night,42.0,Senior,Yes,33.47,26.81,60.03,3.38,3772.62,12,15,7.53,0,On,53.24,0,when handling a lever to move the sludge  the employee moved it by making a pendulum movement and striking his chin,other,115,21,0.9466666666666667,High Risk,Perform comprehensive industrial safety inspection.
2016-06-24,Country_01,Local_01,Mining,I,III,Male,Third Party,Others,"During the change of rim position 1 of the Jumbo ° 15, at moments that the mechanical technician with the support of the electrician disengaged the bolts, when loosening the fourth nut with the help of a lever (metal tube 1 ""diameter, 1.8m of length and a weight of 5.5 Kg), this bouncing effect returning to the initial position hitting in the palm of the left hand the electrician technician causing the injury. The employees at the time of the accident used their PPE's including leather gloves.",2016,6,24,Friday,25,Winter,1,0,2023-09-01,04:30:00,Factory_B,Industrial_Zone,Night,49.0,Senior,No,15.51,13.6,70.16,1.55,2180.78,2,21,7.1,1,On,13.0,0,during the change of rim position   of the jumbo       at moments that the mechanical technician with the support of the electrician disengaged the bolts  when loosening the fourth nut with the help of a lever  metal tube    diameter     m of length and a weight of     kg   this bouncing effect returning to the initial position hitting in the palm of the left hand the electrician technician causing the injury  the employees at the time of the accident used their ppe s including leather gloves,other,497,83,0.8866666666666667,High Risk,Perform comprehensive industrial safety inspection.
2016-06-24,Country_01,Local_01,Mining,I,IV,Male,Third Party,Others,"In circumstances in which the operator of the scooptram proceeded to sit on his equipment, when closing the door he takes his right hand off the handrail and places it close to the door hinge, which when closing traps part of the worker's middle finger . The worker at the time of the accident made use of leather safety gloves.",2016,6,24,Friday,25,Winter,1,0,2021-08-21,06:45:00,Factory_D,Urban,Night,25.0,Senior,No,22.91,19.59,30.19,3.21,1969.26,4,270,8.34,3,Off,48.7,0,in circumstances in which the operator of the scooptram proceeded to sit on his equipment  when closing the door he takes his right hand off the handrail and places it close to the door hinge  which when closing traps part of the worker s middle finger   the worker at the time of the accident made use of leather safety gloves,"equipment_failure, human_error",327,60,0.88,High Risk,Increase preventive maintenance frequency and install predictive sensor monitoring systems.
2016-06-29,Country_01,Local_01,Mining,I,IV,Male,Employee,Others,"In plant while doing work on GEHO pump reducer N ° 1, when accompanying the rotation of the shaft of the reducer with a mixed key of 7/16 "", the wrench crown hits against the housing of the GEHO pump attributing the Union area of ​​the fifth and fourth fingers of the welder's right hand causing the injury. At the time of the accident the equipment was blocked and the employee used his leather gloves.",2016,6,29,Wednesday,26,Winter,1,0,2022-03-31,00:15:00,Factory_A,Rural,Night,12.0,Junior,Yes,31.22,27.26,74.63,1.45,3685.13,19,10,7.86,1,Off,47.21,0,in plant while doing work on geho pump reducer n      when accompanying the rotation of the shaft of the reducer with a mixed key of         the wrench crown hits against the housing of the geho pump attributing the union area of   the fifth and fourth fingers of the welder s right hand causing the injury  at the time of the accident the equipment was blocked and the employee used his leather gloves,equipment_failure,402,72,0.9366666666666666,High Risk,Increase preventive maintenance frequency and install predictive sensor monitoring systems.
2016-06-24,Country_01,Local_03,Mining,I,II,Male,Third Party,Others,"At level 3490 gallery 447, after performing the manual unlocking on load, the worker prepares to cut the sacrificial mesh that was exposed after the previous turn shot, placing himself under it with a 12-inch shear, when cutting the fifth suddenly strained wire of the mesh returns to his face casionándole the injury described. During the activity the worker used his safety glasses.",2016,6,24,Friday,25,Winter,1,0,2022-05-27,06:00:00,Factory_D,Industrial_Zone,Day,42.0,Senior,No,24.45,22.16,48.21,0.39,1211.49,17,295,0.95,4,On,61.66,0,at level      gallery      after performing the manual unlocking on load  the worker prepares to cut the sacrificial mesh that was exposed after the previous turn shot  placing himself under it with a    inch shear  when cutting the fifth suddenly strained wire of the mesh returns to his face casion ndole the injury described  during the activity the worker used his safety glasses,human_error,383,62,0.7066666666666667,High Risk,Conduct advanced worker safety training and strengthen operational supervision.
2016-07-08,Country_01,Local_01,Mining,I,II,Male,Employee,Others,"In circumstances in which the adjutant of the scissor bolter came down by the team's ladder - last step - it slides from an approximate height of 0.9 m. and falls sitting on the floor. At the time of the accident, the person involved in the use of the helmet; there were no rocks or materials in the crash site.",2016,7,8,Friday,27,Winter,1,0,2021-01-29,01:15:00,Factory_D,Industrial_Zone,Night,32.0,Senior,No,24.6,24.17,37.74,4.86,1532.4,4,361,3.66,4,Off,52.86,0,in circumstances in which the adjutant of the scissor bolter came down by the team s ladder   last step   it slides from an approximate height of     m  and falls sitting on the floor  at the time of the accident  the person involved in the use of the helmet  there were no rocks or materials in the crash site,fall_slip,310,58,0.86,High Risk,"Improve floor traction, housekeeping, and PPE compliance."
2016-07-07,Country_01,Local_03,Mining,I,IV,Male,Third Party,Others,"At moments when the MAPERU truck of plate F1T 878, returned from the city of Pasco to the Unit transporting a consultant, being 350 meters from the main gate his lane is invaded by a civilian vehicle, making the driver turn sharply to the side right where was staff of the company IMPROMEC doing hot melt work in an 8 ""pipe impacting two collaborators causing the injuries described At the time of the accident the truck was traveling at 37km / h - according to INTHINC -, the width of the road is of 6 meters, the activity had safety cones as a warning on both sides of the road and employees used their respective EPP'S.",2016,7,7,Thursday,27,Winter,1,0,2023-09-20,06:45:00,Factory_C,Rural,Night,23.0,Senior,No,17.43,18.57,62.45,0.14,3084.52,8,140,2.9,1,On,30.7,0,at moments when the maperu truck of plate f t      returned from the city of pasco to the unit transporting a consultant  being     meters from the main gate his lane is invaded by a civilian vehicle  making the driver turn sharply to the side right where was staff of the company impromec doing hot melt work in an    pipe impacting two collaborators causing the injuries described at the time of the accident the truck was traveling at   km   h   according to inthinc    the width of the road is of   meters  the activity had safety cones as a warning on both sides of the road and employees used their respective epp s,other,621,111,0.8933333333333333,High Risk,Perform comprehensive industrial safety inspection.
2016-07-14,Country_01,Local_03,Mining,I,II,Male,Employee,Others,"At level 2900 at the entrance of the locomotive workshop, the welder proceeds to inspect the mining cars and identifies that the No. 24 car has bearing problems, informs his partner about this finding and decides to enter the car to the workshop, so it operates the swing arm type mona of 15 KG. of weight to move the direction of the railway towards the central OP, is at this moment that pushes the rocker with the weight of his body until his right hand comes in contact with the rock producing the injury described. At the time of the accident the worker was wearing the safety gloves of pad.",2016,7,14,Thursday,28,Winter,1,0,2021-08-16,10:30:00,Factory_C,Urban,Day,48.0,Junior,No,18.13,18.28,31.56,1.14,2556.49,17,303,9.14,3,On,51.04,0,at level      at the entrance of the locomotive workshop  the welder proceeds to inspect the mining cars and identifies that the no     car has bearing problems  informs his partner about this finding and decides to enter the car to the workshop  so it operates the swing arm type mona of    kg  of weight to move the direction of the railway towards the central op  is at this moment that pushes the rocker with the weight of his body until his right hand comes in contact with the rock producing the injury described  at the time of the accident the worker was wearing the safety gloves of pad,human_error,595,107,0.8666666666666667,High Risk,Conduct advanced worker safety training and strengthen operational supervision.
2016-07-16,Country_01,Local_03,Mining,I,IV,Male,Third Party,Others,"At level 3490 gallery 239, during the holding activity with the Bolter equipment No. 24, the operator performs the drilling of the first hole to support the right gable; When the 7-foot-deep drill was about to end, the drill rod breaks, leaving the threads inside the drilling machine's shank; the operator and his assistant decide to make two empty percussion attempts to free the threads of the shank without success; in the third attempt the assistant enters a 3/8 ""corrugated iron to the central hole of the rest of the bar embedded in the shank to generate pressure, it is at this moment the operator activates the percussion and generates a movement of the shank which hits the palm of the victim's left hand generating a described injury. The worker was wearing safety gloves at the time of the accident. The end of the corrugated iron in contact with the left hand is shaped like a cane. The worker at the time of the accident was positioned under a roof supported with mesh and split set.",2016,7,16,Saturday,28,Winter,1,0,2021-09-29,22:15:00,Factory_C,Rural,Day,47.0,Junior,Yes,19.91,19.98,51.8,0.14,1439.99,7,176,0.73,4,On,40.67,0,at level      gallery      during the holding activity with the bolter equipment no      the operator performs the drilling of the first hole to support the right gable  when the   foot deep drill was about to end  the drill rod breaks  leaving the threads inside the drilling machine s shank  the operator and his assistant decide to make two empty percussion attempts to free the threads of the shank without success  in the third attempt the assistant enters a      corrugated iron to the central hole of the rest of the bar embedded in the shank to generate pressure  it is at this moment the operator activates the percussion and generates a movement of the shank which hits the palm of the victim s left hand generating a described injury  the worker was wearing safety gloves at the time of the accident  the end of the corrugated iron in contact with the left hand is shaped like a cane  the worker at the time of the accident was positioned under a roof supported with mesh and split set,"equipment_failure, human_error",996,175,0.8533333333333334,High Risk,Increase preventive maintenance frequency and install predictive sensor monitoring systems.
2016-07-18,Country_01,Local_06,Metals,I,III,Male,Third Party,Fall prevention (same level),"At 21:15 hours on 07/18/2016, the collaborator Warrin (welder), when trying to inspect a cracking point in the INLET of the G2143 laminator, slips and falls to the same level hitting his face and hand , he was immediately transferred to the medical service for evaluation.",2016,7,18,Monday,29,Winter,1,0,2023-03-01,05:30:00,Factory_A,Industrial_Zone,Day,49.0,Senior,No,33.2,28.14,43.45,3.39,2149.95,5,65,2.98,0,On,52.2,0,at       hours on             the collaborator warrin  welder   when trying to inspect a cracking point in the inlet of the g     laminator  slips and falls to the same level hitting his face and hand   he was immediately transferred to the medical service for evaluation,fall_slip,271,43,0.8733333333333333,High Risk,"Improve floor traction, housekeeping, and PPE compliance."
2016-07-20,Country_02,Local_05,Metals,I,III,Male,Employee,Chemical substances,"The employee reports that he was draining ammonia, used as a refrigerant, into a container of water when splashes of the solution drained onto his face.",2016,7,20,Wednesday,29,Winter,1,0,2021-06-13,14:45:00,Factory_C,Industrial_Zone,Night,28.0,Senior,No,28.04,23.61,60.91,3.01,2215.64,14,238,1.22,3,On,62.82,0,the employee reports that he was draining ammonia  used as a refrigerant  into a container of water when splashes of the solution drained onto his face,other,151,26,0.9066666666666666,High Risk,Perform comprehensive industrial safety inspection.
2016-07-21,Country_02,Local_12,Others,I,II,Female,Employee,Traffic,"At the Eusébio bridge, there was a sudden braking in which several cars had to brake quickly. The collaborator's car failed to stop in time and collided with the rear of the car ahead. They were about 40km / hour.",2016,7,21,Thursday,29,Winter,1,0,2021-08-17,22:00:00,Factory_B,Industrial_Zone,Day,7.0,Senior,No,18.92,20.94,79.26,3.3,1255.56,3,302,8.97,3,On,45.19,0,at the eus bio bridge  there was a sudden braking in which several cars had to brake quickly  the collaborator s car failed to stop in time and collided with the rear of the car ahead  they were about   km   hour,other,212,41,0.8833333333333333,High Risk,Perform comprehensive industrial safety inspection.
2016-07-23,Country_02,Local_08,Metals,I,II,Male,Third Party (Remote),Pressurized Systems,"During torch cutting activity of the new evaporator treatment fixings, there was a rupture of the hose near the torch pen, causing the injury.",2016,7,23,Saturday,29,Winter,1,0,2022-04-07,01:30:00,Factory_D,Industrial_Zone,Day,49.0,Junior,Yes,34.48,29.09,71.82,1.68,3886.6,17,287,9.7,2,On,77.21,1,during torch cutting activity of the new evaporator treatment fixings  there was a rupture of the hose near the torch pen  causing the injury,other,141,24,0.8733333333333333,High Risk,Perform comprehensive industrial safety inspection.
2016-07-29,Country_01,Local_03,Mining,I,IV,Male,Employee,Others,"At level 3390 access 2 area 2; the operator of the Scissor team No. 200 was preparing to present the second mesh to continue with the support of the work; When the operator pulls the support mesh to share its length equally on both sides of the equipment, it is at this moment that from the roof of the work a rock weighs approximately 400 Kg, which falls on the support mesh and slides towards the right side spoiler, as a result of this the mesh pushes the operator who is kneeling on the floor of the platform, which generates the lesion described. The rock falling does not directly impact the operator who was in a squatting position. The operator moves away from the area walking by his own means and is supported by the assistant.",2016,7,29,Friday,30,Winter,1,0,2021-11-10,08:00:00,Factory_C,Rural,Night,27.0,Junior,Yes,14.54,17.37,42.05,0.64,3873.29,15,132,8.21,1,Off,29.3,0,at level      access   area    the operator of the scissor team no      was preparing to present the second mesh to continue with the support of the work  when the operator pulls the support mesh to share its length equally on both sides of the equipment  it is at this moment that from the roof of the work a rock weighs approximately     kg  which falls on the support mesh and slides towards the right side spoiler  as a result of this the mesh pushes the operator who is kneeling on the floor of the platform  which generates the lesion described  the rock falling does not directly impact the operator who was in a squatting position  the operator moves away from the area walking by his own means and is supported by the assistant,"equipment_failure, human_error, fall_slip",736,131,0.94,High Risk,Increase preventive maintenance frequency and install predictive sensor monitoring systems.
2016-07-30,Country_02,Local_07,Mining,I,II,Male,Employee,Others,"employee reports that upon initiating 615RLC front loading activity, during the elevation of the aerial work platform, a rock fragment from the roof of the gallery was dropped, reaching its face, causing the lesion.",2016,7,30,Saturday,30,Winter,1,0,2022-11-28,06:30:00,Factory_C,Urban,Day,35.0,Senior,No,16.79,18.31,79.45,1.87,3840.96,6,243,5.49,2,Off,38.72,0,employee reports that upon initiating    rlc front loading activity  during the elevation of the aerial work platform  a rock fragment from the roof of the gallery was dropped  reaching its face  causing the lesion,other,214,34,0.9033333333333333,High Risk,Perform comprehensive industrial safety inspection.
2016-08-02,Country_02,Local_02,Mining,I,III,Male,Third Party (Remote),Others,"When opened the access ladder of the people carrying Truck the employee had his right hand pressed into the support bracket of the same, suffering a superficial injury.",2016,8,2,Tuesday,31,Winter,1,0,2022-10-02,07:15:00,Factory_B,Industrial_Zone,Day,20.0,Senior,Yes,11.85,13.41,46.81,2.19,3073.4,19,354,3.47,2,On,40.48,0,when opened the access ladder of the people carrying truck the employee had his right hand pressed into the support bracket of the same  suffering a superficial injury,other,167,28,0.8833333333333333,High Risk,Perform comprehensive industrial safety inspection.
2016-08-02,Country_03,Local_10,Others,I,I,Male,Third Party,Bees,"The mincing team was carrying out activities in the city of Juína and was coordinated by mining technician Felipe a time when the mining technician was last in line and more away from the team, was bitten by a blackjack on the left side of his face. There was no allergic manifestation and the team continued the work. In the afternoon, after lunch, the employee sought medical care, was medicated and released to continue activities the next day.",2016,8,2,Tuesday,31,Winter,1,0,2023-08-25,12:45:00,Factory_B,Industrial_Zone,Day,5.0,Junior,Yes,25.35,23.81,77.18,1.49,2471.4,18,256,5.87,3,Off,60.22,0,the mincing team was carrying out activities in the city of ju na and was coordinated by mining technician felipe a time when the mining technician was last in line and more away from the team  was bitten by a blackjack on the left side of his face  there was no allergic manifestation and the team continued the work  in the afternoon  after lunch  the employee sought medical care  was medicated and released to continue activities the next day,other,446,79,0.8966666666666666,High Risk,Perform comprehensive industrial safety inspection.
2016-08-04,Country_02,Local_08,Metals,I,II,Male,Employee,Cut,"When removing the cap from the wear plate of the Warman LX-BB-01 pump, the left hand of the employee who was with the glove slipped came to have contact with the cutting part of the board.",2016,8,4,Thursday,31,Winter,1,0,2021-04-09,16:30:00,Factory_A,Rural,Night,30.0,Junior,Yes,28.62,22.11,68.83,2.69,2035.87,19,17,9.53,0,Off,46.47,0,when removing the cap from the wear plate of the warman lx bb    pump  the left hand of the employee who was with the glove slipped came to have contact with the cutting part of the board,"equipment_failure, fall_slip",187,37,0.8966666666666666,High Risk,Increase preventive maintenance frequency and install predictive sensor monitoring systems.
2016-08-11,Country_02,Local_12,Others,I,IV,Female,Employee,Others,"On leaving the Company the employee stumbled onto the exit ladder of the building and fell 3 steps, causing twisting of the ankle and grating on the cinnamon",2016,8,11,Thursday,32,Winter,1,0,2021-08-17,17:45:00,Factory_A,Rural,Day,13.0,Junior,No,16.85,19.03,41.81,1.3,1118.02,11,202,5.29,2,On,33.76,0,on leaving the company the employee stumbled onto the exit ladder of the building and fell   steps  causing twisting of the ankle and grating on the cinnamon,other,157,27,0.8966666666666666,High Risk,Perform comprehensive industrial safety inspection.
2016-08-14,Country_01,Local_01,Mining,III,IV,Male,Third Party,Others,"In circumstances, the drilling assistants proceeded to assemble the inner tube to the barel; the injured person retracts the inner tube (head) to throw it manually towards the top of the catheter (inclination - 3 °) to continue with the perforation, in that moment the glove of the left hand is hooked in the speart point pushing his left hand until the edge of the box of the barel, originating the injury. At the time of the accident the injured employee used his rubber gloves and the work area was well lit.",2016,8,14,Sunday,32,Winter,3,0,2023-09-16,02:00:00,Factory_D,Rural,Night,18.0,Senior,Yes,13.84,14.98,32.16,4.97,1136.88,7,212,2.93,0,On,29.28,0,in circumstances  the drilling assistants proceeded to assemble the inner tube to the barel  the injured person retracts the inner tube  head  to throw it manually towards the top of the catheter  inclination        to continue with the perforation  in that moment the glove of the left hand is hooked in the speart point pushing his left hand until the edge of the box of the barel  originating the injury  at the time of the accident the injured employee used his rubber gloves and the work area was well lit,human_error,510,89,0.7633333333333333,High Risk,Conduct advanced worker safety training and strengthen operational supervision.
2016-08-14,Country_02,Local_08,Metals,I,III,Male,Employee,Projection,"The employee Mr. Nilton made the opening of the visit to unclog, at this moment occurred projection of hot material, occurring the accident.",2016,8,14,Sunday,32,Winter,1,0,2021-02-09,01:00:00,Factory_B,Urban,Day,41.0,Senior,Yes,34.29,28.33,61.72,4.52,3484.36,4,270,2.62,3,Off,68.41,0,the employee mr  nilton made the opening of the visit to unclog  at this moment occurred projection of hot material  occurring the accident,other,139,23,0.9266666666666666,High Risk,Perform comprehensive industrial safety inspection.
2016-08-15,Country_01,Local_01,Mining,I,IV,Male,Third Party,Others,"While maintaining the ramp 604, when placing the first cloth for the overlap with the previous mesh; the operator will check the work front, then return to the back of the team to coordinate with his assistant, at which time a fragment of rock (Weight: 0.42 kg) of the non-sustained area will be detached, which impacts on the arm of the team and reaching by bounce the collaborator causing the injury. The one involved made use of all their EPPs. At the time of the incident the assistant was in the back of the team preparing the support mesh.",2016,8,15,Monday,33,Winter,1,0,2023-10-13,16:00:00,Factory_B,Rural,Night,11.0,Senior,No,17.1,15.71,35.69,2.82,1858.85,19,362,3.86,3,Off,51.22,0,while maintaining the ramp      when placing the first cloth for the overlap with the previous mesh  the operator will check the work front  then return to the back of the team to coordinate with his assistant  at which time a fragment of rock  weight       kg  of the non sustained area will be detached  which impacts on the arm of the team and reaching by bounce the collaborator causing the injury  the one involved made use of all their epps  at the time of the incident the assistant was in the back of the team preparing the support mesh,human_error,544,98,0.8566666666666667,High Risk,Conduct advanced worker safety training and strengthen operational supervision.
2016-08-18,Country_01,Local_03,Mining,I,III,Male,Employee,Others,"At level 3450 access 4 A2, the operator of the Scissor # 200 performed the support of the crown, at which time a piece of rock (13cmx6cmx2cm; 54g) passes between the cocada of the support mesh, from a height of 1.60 meters, towards the platform of the team breaking into particles one of which reaches his right eye causing the injury.",2016,8,18,Thursday,33,Winter,1,0,2023-10-19,20:30:00,Factory_B,Rural,Day,29.0,Junior,No,12.63,14.93,76.72,0.39,3936.55,15,310,2.36,0,Off,36.06,0,at level      access   a   the operator of the scissor       performed the support of the crown  at which time a piece of rock    cmx cmx cm    g  passes between the cocada of the support mesh  from a height of      meters  towards the platform of the team breaking into particles one of which reaches his right eye causing the injury,human_error,334,58,0.93,High Risk,Conduct advanced worker safety training and strengthen operational supervision.
2016-08-19,Country_01,Local_03,Mining,I,III,Male,Employee,Others,"At level 2995 access # 6 A1 while the operator of the Scissor # 187 carried out the support of the right gable, from the platform it is arranged to place the Split set in the drill in the squat position to be introduced by the bolt, moment in which the which between the cocada of the support mesh falls from the crown a piece of rock (5cmx4cmx2cm; 112gr) from an approximate height of 2m impacting on the cervical region of the collaborator, causing the lesion described. At the time of the accident the crown was held and the collaborator used his safety glasses and gloves.",2016,8,19,Friday,33,Winter,1,0,2021-05-22,02:15:00,Factory_C,Industrial_Zone,Day,9.0,Junior,No,37.03,30.42,60.52,3.18,2879.84,16,174,9.68,0,Off,69.61,0,at level      access     a  while the operator of the scissor       carried out the support of the right gable  from the platform it is arranged to place the split set in the drill in the squat position to be introduced by the bolt  moment in which the which between the cocada of the support mesh falls from the crown a piece of rock   cmx cmx cm     gr  from an approximate height of  m impacting on the cervical region of the collaborator  causing the lesion described  at the time of the accident the crown was held and the collaborator used his safety glasses and gloves,"human_error, fall_slip",575,103,0.7633333333333333,High Risk,Conduct advanced worker safety training and strengthen operational supervision.
2016-08-22,Country_02,Local_05,Metals,I,III,Male,Employee,Pressed,"The employee was performing cutting activity on a carbon steel pipe attached to the band saw machine. Due to uneven weight distribution, the tube moved downward and the other end was projected upwards, pressing the thumb.",2016,8,22,Monday,34,Winter,1,0,2022-11-21,13:45:00,Factory_C,Rural,Night,39.0,Junior,No,17.74,14.51,71.17,1.8,3924.77,7,68,9.55,1,On,26.05,0,the employee was performing cutting activity on a carbon steel pipe attached to the band saw machine  due to uneven weight distribution  the tube moved downward and the other end was projected upwards  pressing the thumb,equipment_failure,220,36,0.9366666666666666,High Risk,Increase preventive maintenance frequency and install predictive sensor monitoring systems.
2016-08-25,Country_01,Local_03,Mining,I,IV,Male,Employee,Others,"At times when the collaborator was performing the evacuation of inchancables from the mine, present in Strip ° 1, of Phase he notices a piece of support mesh positioned between the frame and the return belt; After several attempts to remove this mesh, with the belt in movement and using a metal rake as support, the mesh yields moving in the direction of rotation of the return belt, hitting the collaborator's hand against the metal structure, causing contusion in the left hand. At the time of the accident the employee used his leather gloves.",2016,8,25,Thursday,34,Winter,1,0,2023-02-05,22:30:00,Factory_B,Rural,Day,13.0,Senior,Yes,25.62,24.47,35.84,1.24,1644.14,13,189,2.31,4,Off,57.28,0,at times when the collaborator was performing the evacuation of inchancables from the mine  present in strip      of phase he notices a piece of support mesh positioned between the frame and the return belt  after several attempts to remove this mesh  with the belt in movement and using a metal rake as support  the mesh yields moving in the direction of rotation of the return belt  hitting the collaborator s hand against the metal structure  causing contusion in the left hand  at the time of the accident the employee used his leather gloves,fall_slip,546,93,0.8933333333333333,High Risk,"Improve floor traction, housekeeping, and PPE compliance."
2016-08-24,Country_01,Local_01,Mining,I,II,Male,Employee,Others,"Once the topographic survey in the Stp. 440 (East zone), the victim and his co-worker, decide to continue with their work in the Stp. 440 (West), for this the injured person walks behind his co-worker (10 to 15 meters), when arriving at the loading zone (intersection Rpa 175 and St 440) the injured person asks the sccop operator to stop to pass, once the equipment is stopped, the victim passes behind his partner stuck to the gable, trying to avoid the accumulation of water, when he takes the third step into the puddle, the injured person steps on the false and falls to the floor, causing the injury .",2016,8,24,Wednesday,34,Winter,1,0,2023-09-02,13:15:00,Factory_C,Urban,Night,23.0,Senior,No,13.54,16.09,67.28,4.06,3081.72,18,216,2.17,1,Off,28.81,0,once the topographic survey in the stp       east zone   the victim and his co worker  decide to continue with their work in the stp       west   for this the injured person walks behind his co worker     to    meters   when arriving at the loading zone  intersection rpa     and st      the injured person asks the sccop operator to stop to pass  once the equipment is stopped  the victim passes behind his partner stuck to the gable  trying to avoid the accumulation of water  when he takes the third step into the puddle  the injured person steps on the false and falls to the floor  causing the injury,"equipment_failure, human_error, fall_slip",605,104,0.8566666666666667,High Risk,Increase preventive maintenance frequency and install predictive sensor monitoring systems.
2016-08-29,Country_02,Local_05,Metals,I,II,Male,Employee,Chemical substances,"The employee reports that after carrying out activity in the area of ​​the Expedition was to remove the overalls and had contact with material that contaminated the sleeve, which caused 1st degree burn in the right forearm.",2016,8,29,Monday,35,Winter,1,0,2022-09-29,07:45:00,Factory_D,Urban,Day,10.0,Junior,No,21.93,22.31,79.54,0.73,3369.76,15,96,6.09,4,On,42.71,0,the employee reports that after carrying out activity in the area of   the expedition was to remove the overalls and had contact with material that contaminated the sleeve  which caused  st degree burn in the right forearm,other,222,37,0.89,High Risk,Perform comprehensive industrial safety inspection.
2016-08-27,Country_01,Local_06,Metals,I,II,Male,Employee,Pressurized Systems / Chemical Substances,"At 22:50 hours in row 12 when the cell suction partner removes the suction hose, untimely splashes of electrolyte solution in the left eye. Immediately he was referred to the medical service.",2016,8,27,Saturday,34,Winter,1,0,2023-09-26,07:45:00,Factory_A,Industrial_Zone,Night,49.0,Senior,Yes,18.52,14.94,66.06,4.04,1140.83,11,199,7.58,3,On,33.95,0,at       hours in row    when the cell suction partner removes the suction hose  untimely splashes of electrolyte solution in the left eye  immediately he was referred to the medical service,other,190,30,0.8933333333333333,High Risk,Perform comprehensive industrial safety inspection.
2016-08-30,Country_01,Local_06,Metals,I,II,Male,Third Party,Others,"Collaborator was cleaning the sink of the Copper repulping area, at the moment of filling the truck with the shovel, he projects sludge towards the lenses; soiling them and obstructing vision. The worker indicates that when removing the lenses to clean them, some mud particles enter the left eye causing discomfort. It is referred to the medical center for the corresponding attention.",2016,8,30,Tuesday,35,Winter,1,0,2022-07-21,12:00:00,Factory_B,Urban,Night,32.0,Senior,Yes,25.06,22.73,38.7,3.33,1895.13,9,59,6.83,4,Off,40.26,0,collaborator was cleaning the sink of the copper repulping area  at the moment of filling the truck with the shovel  he projects sludge towards the lenses  soiling them and obstructing vision  the worker indicates that when removing the lenses to clean them  some mud particles enter the left eye causing discomfort  it is referred to the medical center for the corresponding attention,human_error,385,62,0.9133333333333333,High Risk,Conduct advanced worker safety training and strengthen operational supervision.
2016-09-01,Country_02,Local_05,Metals,II,IV,Male,Third Party (Remote),Manual Tools,"The clerk was cutting the excess fiberglass in a passing box and had contact with the blade of the marble saw, which cut the glove and caused a wound in his right hand.",2016,9,1,Thursday,35,Spring,2,0,2022-06-16,07:15:00,Factory_B,Industrial_Zone,Night,14.0,Junior,Yes,32.96,27.25,55.56,2.68,1546.81,14,213,3.94,3,On,68.66,0,the clerk was cutting the excess fiberglass in a passing box and had contact with the blade of the marble saw  which cut the glove and caused a wound in his right hand,other,167,33,0.7033333333333334,High Risk,Perform comprehensive industrial safety inspection.
2016-09-02,Country_01,Local_03,Mining,I,I,Male,Third Party,Others,"At level 4150 (+80) Unicon plant the collaborator was doing shuttering work in the concrete water sedimentation basin, at the moment of nailing a wood as it supplies on another 4 x 4 inch strip, he feels that the metallic hammer loosen the wooden handle and to fix it, he grabs the hammer by the head and hits the handle vertically on a wood, generating the injury. At the time of the accident the employee did not use his safety gloves.",2016,9,2,Friday,35,Spring,1,0,2022-05-01,04:00:00,Factory_C,Urban,Day,44.0,Senior,No,23.8,21.05,54.36,3.08,2578.44,14,98,4.52,1,Off,40.42,0,at level            unicon plant the collaborator was doing shuttering work in the concrete water sedimentation basin  at the moment of nailing a wood as it supplies on another   x   inch strip  he feels that the metallic hammer loosen the wooden handle and to fix it  he grabs the hammer by the head and hits the handle vertically on a wood  generating the injury  at the time of the accident the employee did not use his safety gloves,fall_slip,436,77,0.8433333333333334,High Risk,"Improve floor traction, housekeeping, and PPE compliance."
2016-09-04,Country_01,Local_03,Mining,I,III,Male,Third Party,Others,"On the surface, in the dining room of employees of the unit, while the collaborator performed the chicken habilitation for lunch using a kitchen knife, it comes into contact with the distal part of the second finger of the left hand causing the injury described . During the accident the employee did not use his specific height gloves for this type of work.",2016,9,4,Sunday,35,Spring,1,0,2022-02-14,22:15:00,Factory_D,Industrial_Zone,Night,24.0,Junior,No,29.61,25.65,67.29,2.83,3926.05,10,110,9.23,4,Off,48.04,0,on the surface  in the dining room of employees of the unit  while the collaborator performed the chicken habilitation for lunch using a kitchen knife  it comes into contact with the distal part of the second finger of the left hand causing the injury described   during the accident the employee did not use his specific height gloves for this type of work,other,357,62,0.9466666666666667,High Risk,Perform comprehensive industrial safety inspection.
2016-09-06,Country_02,Local_02,Mining,I,II,Male,Employee,Others,the check list of the area of ​​the survey the operator slipped in the foliage of the leucenas and fell.,2016,9,6,Tuesday,36,Spring,1,0,2022-07-04,07:15:00,Factory_A,Industrial_Zone,Day,49.0,Senior,No,24.52,24.89,51.88,4.37,2975.17,18,278,6.9,1,Off,65.05,0,the check list of the area of   the survey the operator slipped in the foliage of the leucenas and fell,"human_error, fall_slip",103,20,0.8766666666666667,High Risk,Conduct advanced worker safety training and strengthen operational supervision.
2016-09-05,Country_02,Local_05,Metals,I,II,Female,Employee,Venomous Animals,By participating in the general DDS held in the outside area of ​​the central locker room the employee was bitten by a bee.,2016,9,5,Monday,36,Spring,1,0,2022-11-12,09:30:00,Factory_A,Urban,Night,21.0,Senior,Yes,21.12,20.29,38.33,4.65,3658.63,13,351,0.32,4,Off,50.95,0,by participating in the general dds held in the outside area of   the central locker room the employee was bitten by a bee,other,122,23,0.76,High Risk,Perform comprehensive industrial safety inspection.
2016-09-06,Country_02,Local_07,Mining,I,II,Male,Employee,Others,"The employee reports that when performing the maintenance activity of pump on the tunnel of the TC-020, as he was pulling out the rotor, struck the piece with the mallet that slipped from his hand. Reaching the lower part of your left leg, causing the injury.",2016,9,6,Tuesday,36,Spring,1,0,2023-07-22,00:30:00,Factory_C,Rural,Night,5.0,Junior,Yes,29.46,26.61,42.77,1.76,3586.75,4,247,3.27,1,Off,65.98,0,the employee reports that when performing the maintenance activity of pump on the tunnel of the tc      as he was pulling out the rotor  struck the piece with the mallet that slipped from his hand  reaching the lower part of your left leg  causing the injury,"equipment_failure, fall_slip",258,46,0.7433333333333333,High Risk,Increase preventive maintenance frequency and install predictive sensor monitoring systems.
2016-09-13,Country_01,Local_03,Mining,I,IV,Male,Third Party,Others,"When trying to release the pipe (HDP pipe, 50m long and 2 ""diameter) stuck in the support mesh, the master loader and his assistant pull the pipe to release it, when the pipe is released hits the lateral part of the cheekbone and the eyelid worker's right generating the described injury.",2016,9,13,Tuesday,37,Spring,1,0,2021-09-04,12:00:00,Factory_A,Industrial_Zone,Day,30.0,Senior,Yes,12.64,15.07,40.98,3.96,1981.32,1,28,2.97,4,On,7.12,0,when trying to release the pipe  hdp pipe    m long and    diameter  stuck in the support mesh  the master loader and his assistant pull the pipe to release it  when the pipe is released hits the lateral part of the cheekbone and the eyelid worker s right generating the described injury,human_error,287,51,0.88,High Risk,Conduct advanced worker safety training and strengthen operational supervision.
2016-09-13,Country_02,Local_05,Metals,I,II,Male,Employee,Suspended Loads,"employee was removing the strap from a chemical container as it projected toward him reaching his lower lip and anterior chest, the strap was contaminated with caustic soda and caused a 1st degree burn.",2016,9,13,Tuesday,37,Spring,1,0,2023-06-11,20:00:00,Factory_B,Urban,Day,20.0,Senior,No,29.9,27.06,72.06,0.29,2416.43,14,260,2.68,2,Off,63.22,0,employee was removing the strap from a chemical container as it projected toward him reaching his lower lip and anterior chest  the strap was contaminated with caustic soda and caused a  st degree burn,other,201,34,0.87,High Risk,Perform comprehensive industrial safety inspection.
2016-09-15,Country_03,Local_10,Others,I,I,Male,Third Party,Others,"When cutting the vegetation to open the bite, using a sickle, the assistant struck the vine twice. When the liana ruptured, the top of the branch projected against the face of the auxiliary causing the cut in the upper lip.",2016,9,15,Thursday,37,Spring,1,0,2023-08-30,12:00:00,Factory_B,Rural,Night,27.0,Junior,No,26.47,21.92,69.51,4.37,3657.06,11,295,2.98,3,On,57.43,0,when cutting the vegetation to open the bite  using a sickle  the assistant struck the vine twice  when the liana ruptured  the top of the branch projected against the face of the auxiliary causing the cut in the upper lip,other,222,40,0.88,High Risk,Perform comprehensive industrial safety inspection.
2016-09-17,Country_01,Local_06,Metals,I,II,Male,Third Party,Pressed,"On September 17, 2016 at approximately 8:35 pm, during the preventive maintenance of the G2142 debarking machine, the bearing assembly is made on the anode cleaning roller; When fitting the bearing in its final position, the staff used a chisel and a 4-pound rope to position the bearing. The worker places his left hand near the head of the chisel and warps, in these circumstances a splinter is embedded in the proximal part of the thumb of the left hand, immediately the collaborator communicates to the supervisor and is evacuated to the Medical for review.",2016,9,17,Saturday,37,Spring,1,0,2021-10-06,12:00:00,Factory_C,Industrial_Zone,Night,38.0,Senior,Yes,12.24,17.83,61.18,3.15,3765.61,14,182,1.77,1,On,29.39,0,on september          at approximately      pm  during the preventive maintenance of the g     debarking machine  the bearing assembly is made on the anode cleaning roller  when fitting the bearing in its final position  the staff used a chisel and a   pound rope to position the bearing  the worker places his left hand near the head of the chisel and warps  in these circumstances a splinter is embedded in the proximal part of the thumb of the left hand  immediately the collaborator communicates to the supervisor and is evacuated to the medical for review,"equipment_failure, human_error",560,92,0.93,High Risk,Increase preventive maintenance frequency and install predictive sensor monitoring systems.
2016-09-20,Country_03,Local_10,Others,I,I,Male,Third Party,Fall,"Collaborator around 9:00 AM, cleaning the leaves of the return well of the 5021 borehole BRAPDD 0183 slipped on the canvas that was on the edge of the well, hitting the right side of the back against the metal structure of the mud-swathed box causing a slight excoriation. The employee was referred to the local hospital, medicated and released for the activities.",2016,9,20,Tuesday,38,Spring,1,0,2021-01-09,21:30:00,Factory_A,Rural,Day,43.0,Junior,Yes,29.26,23.11,49.75,2.72,1291.83,12,222,0.43,0,On,53.64,0,collaborator around      am  cleaning the leaves of the return well of the      borehole brapdd      slipped on the canvas that was on the edge of the well  hitting the right side of the back against the metal structure of the mud swathed box causing a slight excoriation  the employee was referred to the local hospital  medicated and released for the activities,fall_slip,363,60,0.7133333333333334,High Risk,"Improve floor traction, housekeeping, and PPE compliance."
2016-09-20,Country_02,Local_05,Metals,I,II,Male,Third Party (Remote),Blocking and isolation of energies,"The employee was performing maintenance of the blower, when the residual water projection occurred on his face. In an attempt to remove PPE, the injured person has had contact with contaminated gloves with the right eye causing irritation.",2016,9,20,Tuesday,38,Spring,1,0,2023-07-28,09:00:00,Factory_B,Rural,Night,18.0,Junior,Yes,24.54,21.63,58.82,4.93,1040.26,8,58,1.07,3,On,34.96,0,the employee was performing maintenance of the blower  when the residual water projection occurred on his face  in an attempt to remove ppe  the injured person has had contact with contaminated gloves with the right eye causing irritation,other,238,38,0.9166666666666666,High Risk,Perform comprehensive industrial safety inspection.
2016-09-20,Country_01,Local_06,Metals,I,II,Male,Third Party,Others,"The lubricating technician Alfredo made the oil filling to the reducer D-100, in which, he notices an oil leak (tearing) between the connection of the hose and the reducer, correcting the leak. Once the work is finished, he goes to the lubricants workshop where he removes the gloves and observes that both hands are affected by contact with the hot surface and goes to the medical center where he was treated.",2016,9,20,Tuesday,38,Spring,1,0,2022-02-07,07:45:00,Factory_B,Rural,Night,28.0,Junior,No,24.77,23.42,46.41,3.76,2510.27,19,200,1.56,1,Off,58.81,0,the lubricating technician alfredo made the oil filling to the reducer d      in which  he notices an oil leak  tearing  between the connection of the hose and the reducer  correcting the leak  once the work is finished  he goes to the lubricants workshop where he removes the gloves and observes that both hands are affected by contact with the hot surface and goes to the medical center where he was treated,other,409,71,0.8866666666666667,High Risk,Perform comprehensive industrial safety inspection.
2016-09-21,Country_01,Local_03,Mining,I,III,Male,Third Party,Others,"During the maintenance of the access, at the moment the assistant places the mini split set in the adapter, the clamp - which was locked - returns to its initial position hitting the collaborator's hand causing the described injury. At the time of the accident the team was in a sustained area, the arm of the jumbo was at a height of 0.80m from the floor and the employee was wearing rubber gloves.",2016,9,21,Wednesday,38,Spring,1,0,2021-03-19,00:00:00,Factory_C,Rural,Night,27.0,Junior,Yes,29.74,27.31,72.75,3.38,3274.3,4,45,8.33,4,Off,50.07,0,during the maintenance of the access  at the moment the assistant places the mini split set in the adapter  the clamp   which was locked   returns to its initial position hitting the collaborator s hand causing the described injury  at the time of the accident the team was in a sustained area  the arm of the jumbo was at a height of     m from the floor and the employee was wearing rubber gloves,other,398,72,0.79,High Risk,Perform comprehensive industrial safety inspection.
2016-09-21,Country_02,Local_05,Metals,II,III,Male,Third Party,Manual Tools,"Employee was preparing rice using a utensil type skimmer to stir inside the pressure cooker when part of the cable broke, reaching its hand causing a blunt cut.",2016,9,21,Wednesday,38,Spring,2,0,2022-08-04,00:00:00,Factory_D,Industrial_Zone,Night,8.0,Junior,Yes,18.34,20.9,55.91,2.88,3126.66,18,294,0.17,0,On,53.26,0,employee was preparing rice using a utensil type skimmer to stir inside the pressure cooker when part of the cable broke  reaching its hand causing a blunt cut,other,159,28,0.75,High Risk,Perform comprehensive industrial safety inspection.
2016-09-22,Country_01,Local_01,Mining,I,IV,Male,Employee,Others,In circumstances in which the operator of bolter N ° 8 went down the ladder to the height of the resting platform - at 0.80 m. floor level - slips off balance by hitting your back against the handrail of the operator's door. At the time of the event the injured person used all his EPP's.,2016,9,22,Thursday,38,Spring,1,0,2022-05-02,15:15:00,Factory_B,Urban,Night,5.0,Junior,No,25.85,22.55,32.94,4.62,2921.95,15,356,4.97,1,On,68.91,0,in circumstances in which the operator of bolter n     went down the ladder to the height of the resting platform   at      m  floor level   slips off balance by hitting your back against the handrail of the operator s door  at the time of the event the injured person used all his epp s,"human_error, fall_slip",287,53,0.8633333333333333,High Risk,Conduct advanced worker safety training and strengthen operational supervision.
2016-09-22,Country_01,Local_06,Metals,I,III,Male,Employee,Others,"The technician Operator when heading towards the zone of lifting containers of dust of zinc in the Section 50, uses a space between base of tranquera and sardinel, slipping in the edge and raspándose left side of thorax. He was treated at the medical center with local treatment, returning to his work area.",2016,9,22,Thursday,38,Spring,1,0,2023-06-27,05:00:00,Factory_A,Urban,Night,33.0,Junior,No,32.99,25.62,47.02,1.38,2832.06,12,314,5.16,4,Off,71.6,0,the technician operator when heading towards the zone of lifting containers of dust of zinc in the section     uses a space between base of tranquera and sardinel  slipping in the edge and rasp ndose left side of thorax  he was treated at the medical center with local treatment  returning to his work area,"human_error, fall_slip",306,53,0.86,High Risk,Conduct advanced worker safety training and strengthen operational supervision.
2016-09-27,Country_01,Local_06,Metals,I,II,Female,Third Party,Pressurized Systems,"At 14: 55h on 27 September, a worker from Confipetrol carried out industrial cleaning of the outside of the acid reduction tank D2055, to check the progress of the helmet mask; moment that hose pipe was released that was secured with pressure clamp (for water and air), impacting lips",2016,9,27,Tuesday,39,Spring,1,0,2022-06-14,18:45:00,Factory_B,Industrial_Zone,Day,12.0,Junior,Yes,30.4,23.61,57.88,4.02,2401.85,10,76,0.63,3,On,43.48,0,at       h on    september  a worker from confipetrol carried out industrial cleaning of the outside of the acid reduction tank d      to check the progress of the helmet mask  moment that hose pipe was released that was secured with pressure clamp  for water and air   impacting lips,human_error,284,47,0.9166666666666666,High Risk,Conduct advanced worker safety training and strengthen operational supervision.
2016-09-29,Country_01,Local_04,Mining,I,II,Male,Third Party,Others,"Being 05:30 am. Approximately Marco and Isidro TORRES they were performing the pipe standardization of the CX 771 / CX-983 Nv. 1940; in moments that Marco lifts the air pipe over the spike, this seat and the pipe impacts on the worker's safety guard.",2016,9,29,Thursday,39,Spring,1,0,2021-10-02,01:15:00,Factory_B,Industrial_Zone,Day,49.0,Senior,No,18.76,19.63,39.77,4.71,1691.13,14,36,4.47,1,On,30.43,0,being       am  approximately marco and isidro torres they were performing the pipe standardization of the cx       cx     nv        in moments that marco lifts the air pipe over the spike  this seat and the pipe impacts on the worker s safety guard,human_error,249,41,0.87,High Risk,Conduct advanced worker safety training and strengthen operational supervision.
2016-09-30,Country_01,Local_04,Mining,I,I,Male,Employee,Others,"Being at 11:00 a.m. approximately the mechanic was removing the last bolt of the 6 ""nipple in the pump 4115 (lime feeder), reactive area, the mechanic is positioned slightly flexing the legs and performs upward force with both hands, in that moment feels a pain and a spume in the right thigh. The mechanic is evacuated with the help of his colleagues to the medical post.",2016,9,30,Friday,39,Spring,1,0,2023-06-30,23:45:00,Factory_A,Industrial_Zone,Day,45.0,Senior,No,27.42,24.94,33.79,2.38,3233.6,3,275,4.93,2,Off,51.46,0,being at       a m  approximately the mechanic was removing the last bolt of the    nipple in the pump       lime feeder   reactive area  the mechanic is positioned slightly flexing the legs and performs upward force with both hands  in that moment feels a pain and a spume in the right thigh  the mechanic is evacuated with the help of his colleagues to the medical post,equipment_failure,371,64,0.7733333333333333,High Risk,Increase preventive maintenance frequency and install predictive sensor monitoring systems.
2016-10-03,Country_01,Local_04,Mining,I,II,Male,Third Party,Others,"Being 5:15 a.m. in the N. in the NV 1710 CX 018, the mixkret operator was washing the mixkret 116 with a hose with water under pressure, it is necessary to change the location; from the right side to the left and He proceeds to pull the hose then slips and feels that the left foot bends.",2016,10,3,Monday,40,Spring,1,0,2023-01-05,00:45:00,Factory_C,Urban,Day,7.0,Junior,Yes,22.34,17.82,44.51,3.16,2678.78,7,233,0.75,1,Off,43.19,0,being      a m  in the n  in the nv      cx      the mixkret operator was washing the mixkret     with a hose with water under pressure  it is necessary to change the location  from the right side to the left and he proceeds to pull the hose then slips and feels that the left foot bends,"human_error, fall_slip",287,54,0.8733333333333333,High Risk,Conduct advanced worker safety training and strengthen operational supervision.
2016-10-03,Country_02,Local_05,Metals,I,III,Male,Employee,Pressed,"After carrying out the supply operation of the zinc powder container using the crane to move it, the employee closed the lower lock of this same container and when making the movement to push the lock made an excessive effort with the thumb of the right hand, causing sprain.",2016,10,3,Monday,40,Spring,1,0,2022-07-03,13:30:00,Factory_D,Industrial_Zone,Day,6.0,Junior,No,28.63,223.82,35.09,2.1,1860.05,1,363,1.11,2,Off,70.21,0,after carrying out the supply operation of the zinc powder container using the crane to move it  the employee closed the lower lock of this same container and when making the movement to push the lock made an excessive effort with the thumb of the right hand  causing sprain,other,274,49,0.8533333333333334,High Risk,Perform comprehensive industrial safety inspection.
2016-10-03,Country_02,Local_08,Metals,I,II,Male,Employee,Pressed,During the withdrawal of cathode sample the employee came to press the finger with the tool that cuts the sample.,2016,10,3,Monday,40,Spring,1,0,2023-10-24,02:30:00,Factory_C,Rural,Night,29.0,Junior,Yes,16.36,21.05,49.5,4.34,3025.2,6,282,5.74,2,Off,39.22,0,during the withdrawal of cathode sample the employee came to press the finger with the tool that cuts the sample,other,112,20,0.9233333333333333,High Risk,Perform comprehensive industrial safety inspection.
2016-10-03,Country_01,Local_03,Mining,I,IV,Male,Third Party,Others,"At the intersection of level 3970 - main road and access to the south ramp, the collaborator, after having freed the tube 2 inches in diameter from the gable, descended holding the pipe on the fourth step of a telescopic aluminum ladder (approximately at 1.20 meters from the floor) at which point another clamping point in the gable is lifted by lifting the tube which pulls the worker causing him to lose balance and fall from a height of 1.20 meters. The described injury occurring.",2016,10,3,Monday,40,Spring,1,0,2021-05-13,04:00:00,Factory_A,Industrial_Zone,Day,14.0,Senior,No,37.18,27.25,50.16,0.14,2496.97,15,197,6.02,2,On,72.53,0,at the intersection of level        main road and access to the south ramp  the collaborator  after having freed the tube   inches in diameter from the gable  descended holding the pipe on the fourth step of a telescopic aluminum ladder  approximately at      meters from the floor  at which point another clamping point in the gable is lifted by lifting the tube which pulls the worker causing him to lose balance and fall from a height of      meters  the described injury occurring,"human_error, fall_slip",484,80,0.9,High Risk,Conduct advanced worker safety training and strengthen operational supervision.
2016-10-04,Country_03,Local_10,Others,III,III,Male,Employee,Others,"In the probe 5068 bore BAPDD00146, around 15:00 hours, the polling assistant Luciano da Silva performing the maneuver of descending rods, led the rod to the gutter, but this when not leaning suitably came to escape the gutter returning toward the easel. His hand had slipped and his little finger was between the rod and the easel. Realizing that the shaft had returned, he released it. immediately, but his little finger was partially hit by the rim of the rod against the easel resulting in a cut. The auxiliary was taken to hospital and attended to, the wound resulted in 5 points and the was released for administrative activities.",2016,10,4,Tuesday,40,Spring,3,0,2021-09-21,23:30:00,Factory_A,Rural,Night,36.0,Senior,No,12.63,16.66,62.27,2.9,3288.69,13,142,9.48,4,On,24.88,0,in the probe      bore bapdd       around       hours  the polling assistant luciano da silva performing the maneuver of descending rods  led the rod to the gutter  but this when not leaning suitably came to escape the gutter returning toward the easel  his hand had slipped and his little finger was between the rod and the easel  realizing that the shaft had returned  he released it  immediately  but his little finger was partially hit by the rim of the rod against the easel resulting in a cut  the auxiliary was taken to hospital and attended to  the wound resulted in   points and the was released for administrative activities,fall_slip,634,106,0.7066666666666667,High Risk,"Improve floor traction, housekeeping, and PPE compliance."
2016-10-10,Country_01,Local_03,Mining,I,IV,Male,Third Party (Remote),Others,"In the area of ​​equipment inspection, while the staff of the Atenuz EE, trying to remove the hydraulic hammer safety locks of the excavator, the mechanical lubricator holds with his right hand a hat-type chisel while the equipment mechanic hit the chisel with a 2-pound rubber bump to remove the safety, at which point one of the blows falls on the edge of the hat-type protector, causing it to slip and strike the fourth finger of the lubricant mechanic's right hand generating the described injury. At the time of the accident, the lubricator mechanic had put on the gloves type pad.",2016,10,10,Monday,41,Spring,1,0,2022-12-08,21:45:00,Factory_D,Urban,Day,10.0,Senior,Yes,21.77,19.27,60.43,4.68,2236.19,9,344,4.88,0,On,58.76,0,in the area of   equipment inspection  while the staff of the atenuz ee  trying to remove the hydraulic hammer safety locks of the excavator  the mechanical lubricator holds with his right hand a hat type chisel while the equipment mechanic hit the chisel with a   pound rubber bump to remove the safety  at which point one of the blows falls on the edge of the hat type protector  causing it to slip and strike the fourth finger of the lubricant mechanic s right hand generating the described injury  at the time of the accident  the lubricator mechanic had put on the gloves type pad,"equipment_failure, fall_slip",585,104,0.7866666666666666,High Risk,Increase preventive maintenance frequency and install predictive sensor monitoring systems.
2016-10-10,Country_01,Local_04,Mining,III,IV,Male,Employee,Others,"Being approx. 23:45 hrs. Mr. Eliseo secondary crushing operator, when retiring to his snack, finds the gate of the chute of strip 6 open, and when approaching to close the gate, in that At that moment, the operator Mr. Samuel who was on the upper platform, coordinates with the operator of the control room the start of strip 6-1, at that moment the start-up product projects a particle (10x6x5cm) impacting on the flange of the gate and projecting to towards the height of the lenses and respirator of Mr. Eliseo.",2016,10,10,Monday,41,Spring,3,0,2022-06-27,12:45:00,Factory_C,Urban,Night,27.0,Junior,Yes,30.27,224.0,34.47,4.71,1526.99,15,277,3.37,4,Off,66.53,0,being approx        hrs  mr  eliseo secondary crushing operator  when retiring to his snack  finds the gate of the chute of strip   open  and when approaching to close the gate  in that at that moment  the operator mr  samuel who was on the upper platform  coordinates with the operator of the control room the start of strip      at that moment the start up product projects a particle    x x cm  impacting on the flange of the gate and projecting to towards the height of the lenses and respirator of mr  eliseo,"human_error, fall_slip",513,90,0.7566666666666667,High Risk,Conduct advanced worker safety training and strengthen operational supervision.
2016-10-11,Country_02,Local_05,Metals,I,III,Male,Employee,Chemical substances,Employee was doing cleaning near the area of ​​the pneumatic conveyor when he was hit by a drop of sulfuric acid on his upper lip.,2016,10,11,Tuesday,41,Spring,1,0,2022-11-16,17:15:00,Factory_D,Industrial_Zone,Day,6.0,Senior,Yes,16.88,20.14,51.99,4.76,3797.62,11,169,4.42,4,On,30.41,0,employee was doing cleaning near the area of   the pneumatic conveyor when he was hit by a drop of sulfuric acid on his upper lip,other,129,25,0.8766666666666667,High Risk,Perform comprehensive industrial safety inspection.
2016-10-13,Country_01,Local_03,Mining,III,IV,Male,Employee,Others,"In phase I, the operator carried out the removal of inchancanbles of the reciprocating feeder, while removing a split set with the support of a rope, the staff supports the left hand on the structure of the protection against falling, it is at this moment that another split set comes out together with the load and hits on the distal phalanx of the fifth finger of the left hand, generating the described injury.",2016,10,13,Thursday,41,Spring,3,0,2021-12-28,10:30:00,Factory_D,Rural,Night,48.0,Senior,Yes,17.4,18.73,47.29,4.69,1629.07,11,127,5.05,0,Off,29.61,0,in phase i  the operator carried out the removal of inchancanbles of the reciprocating feeder  while removing a split set with the support of a rope  the staff supports the left hand on the structure of the protection against falling  it is at this moment that another split set comes out together with the load and hits on the distal phalanx of the fifth finger of the left hand  generating the described injury,"human_error, fall_slip",412,73,0.72,High Risk,Conduct advanced worker safety training and strengthen operational supervision.
2016-10-18,Country_01,Local_03,Mining,I,IV,Male,Third Party,Others,"Inside mine during the diamond drilling of a positive 15 ° drill, in moments when the control tube was rescued with the fisherman, the winch cable breaks untimely developing a whiplash effect and impacting on the left hand of the drilling assistant causing the described injury. At the time of the accident the drilling assistant was on the platform at 1.0m from the frame and was using his Hycron-type safety gloves.",2016,10,18,Tuesday,42,Spring,1,0,2021-08-25,03:45:00,Factory_D,Urban,Day,7.0,Junior,Yes,15.09,17.28,64.36,1.96,3883.62,13,37,4.32,1,On,21.81,0,inside mine during the diamond drilling of a positive      drill  in moments when the control tube was rescued with the fisherman  the winch cable breaks untimely developing a whiplash effect and impacting on the left hand of the drilling assistant causing the described injury  at the time of the accident the drilling assistant was on the platform at    m from the frame and was using his hycron type safety gloves,other,416,70,0.92,High Risk,Perform comprehensive industrial safety inspection.
2016-10-20,Country_02,Local_05,Metals,I,III,Male,Employee,Pressurized Systems,"As the employee cleaned the thermal recovery boiler using an air boom, the hose loosened from the pipe connection, drawing a jet of compressed air toward his right ear, causing impact noise.",2016,10,20,Thursday,42,Spring,1,0,2021-09-20,08:00:00,Factory_C,Rural,Day,30.0,Junior,No,17.14,18.75,51.06,1.78,1431.27,13,9,3.17,3,Off,20.37,0,as the employee cleaned the thermal recovery boiler using an air boom  the hose loosened from the pipe connection  drawing a jet of compressed air toward his right ear  causing impact noise,other,189,32,0.9133333333333333,High Risk,Perform comprehensive industrial safety inspection.
2016-10-23,Country_02,Local_02,Mining,II,IV,Male,Employee,Others,"In the activity of loading of explosives in front of level 326 GTS, there was a fall of a Rock fragment reaching right arm of the Blaster causing a cut-blunt.",2016,10,23,Sunday,42,Spring,2,0,2023-08-31,18:00:00,Factory_D,Urban,Day,18.0,Senior,Yes,18.69,16.57,57.22,2.41,1003.16,18,300,2.96,4,Off,51.61,0,in the activity of loading of explosives in front of level     gts  there was a fall of a rock fragment reaching right arm of the blaster causing a cut blunt,fall_slip,157,30,0.7566666666666667,High Risk,"Improve floor traction, housekeeping, and PPE compliance."
2016-10-24,Country_01,Local_01,Mining,I,IV,Male,Third Party,Others,"In circumstances that the mechanical technician and his work colleague arranged to accommodate the spare (Rollover) of the Small 02 on the platform of the cart on the floor, the two squat collaborators decide to push one on each side, at which time one edge of the Rollover imprisons the third finger of left hand against the handle of the cart on the right side, causing the wound on the third finger left hand. At the time of the accident both employees used their respective gloves.",2016,10,24,Monday,43,Spring,1,0,2022-03-15,14:45:00,Factory_B,Industrial_Zone,Day,39.0,Senior,No,29.49,23.96,70.1,0.42,3462.69,6,151,8.63,0,On,46.92,0,in circumstances that the mechanical technician and his work colleague arranged to accommodate the spare  rollover  of the small    on the platform of the cart on the floor  the two squat collaborators decide to push one on each side  at which time one edge of the rollover imprisons the third finger of left hand against the handle of the cart on the right side  causing the wound on the third finger left hand  at the time of the accident both employees used their respective gloves,other,484,85,0.88,High Risk,Perform comprehensive industrial safety inspection.
2016-10-26,Country_01,Local_01,Mining,III,IV,Male,Employee,Others,"Once the ore loading in the LT-30 locomotive was completed; the penultimate car derails (7th car), by the presence of fragment of rock in the railway line, (weight of the car with mineral 8 tons), and to get it back on track the mining car, the victim makes use of a metal tube (length 1.20 meters and 4 ""diameter) to maneuver and reposition the mining car; at that moment the metallic tube loses stability and imprisons the victim's hand against the strut of the mining car. The collaborator at the time of the event towards the use of his leather gloves.",2016,10,26,Wednesday,43,Spring,3,0,2023-06-17,22:30:00,Factory_A,Rural,Day,40.0,Senior,No,26.32,22.57,49.8,3.57,1586.89,15,355,7.6,4,Off,60.71,0,once the ore loading in the lt    locomotive was completed  the penultimate car derails   th car   by the presence of fragment of rock in the railway line   weight of the car with mineral   tons   and to get it back on track the mining car  the victim makes use of a metal tube  length      meters and    diameter  to maneuver and reposition the mining car  at that moment the metallic tube loses stability and imprisons the victim s hand against the strut of the mining car  the collaborator at the time of the event towards the use of his leather gloves,other,555,99,0.71,High Risk,Perform comprehensive industrial safety inspection.
2016-10-27,Country_01,Local_03,Mining,I,IV,Male,Employee,Others,"At a time when the heavy equipment operator got on the equipment to check the right front headlight (defective) of the scooptram # 181, position on the rim position # 2 his left leg which slides, causing the heavy equipment operator to fall from a height of 0.60 cm",2016,10,27,Thursday,43,Spring,1,0,2022-06-23,03:45:00,Factory_B,Urban,Day,15.0,Junior,No,31.91,24.97,40.68,2.42,3766.65,3,269,1.34,4,Off,60.04,0,at a time when the heavy equipment operator got on the equipment to check the right front headlight  defective  of the scooptram        position on the rim position     his left leg which slides  causing the heavy equipment operator to fall from a height of      cm,"equipment_failure, human_error, fall_slip",265,44,0.8833333333333333,High Risk,Increase preventive maintenance frequency and install predictive sensor monitoring systems.
2016-10-29,Country_01,Local_03,Mining,I,IV,Male,Employee,Others,"In the Alimak chimney of level 2440, the alimakero driller and his assistant are positioned in the main cage with guard heads and proceed to perform the rock untie at the top of the chimney, it is at this time that the teacher perceives a spark of rock in the top and communicates to the assistant so that this prevented, when falling the rock of 1.0x0.80x0.20 m on the guard heads is fragmented and one of the fragments fall on the chain and rebound rubs the operator's right hand generating the described injury.",2016,10,29,Saturday,43,Spring,1,0,2021-06-13,15:00:00,Factory_B,Rural,Day,33.0,Junior,Yes,26.33,19.45,48.93,1.96,2901.59,12,305,7.36,4,On,54.81,0,in the alimak chimney of level       the alimakero driller and his assistant are positioned in the main cage with guard heads and proceed to perform the rock untie at the top of the chimney  it is at this time that the teacher perceives a spark of rock in the top and communicates to the assistant so that this prevented  when falling the rock of    x    x     m on the guard heads is fragmented and one of the fragments fall on the chain and rebound rubs the operator s right hand generating the described injury,"human_error, fall_slip",513,94,0.8866666666666667,High Risk,Conduct advanced worker safety training and strengthen operational supervision.
2016-11-08,Country_01,Local_04,Mining,I,IV,Male,Employee,Others,"Mr. Eriks after having completed the change of guide pole in the conveyor belt 7-1, the collaborator moved to the other side of the belt to remove the tecl, passes under the stairs without getting to observe that in that moment the collaborator Jhon dropped an inchancable of a weight approx. of 15 kg. From the entrance platform to the chute of discharge, at a height of 1.80 meters, the iron grazed him on the forearm, finally hitting his left foot at the height of the instep.",2016,11,8,Tuesday,45,Spring,1,0,2021-01-30,06:45:00,Factory_A,Industrial_Zone,Day,8.0,Senior,Yes,23.09,23.27,69.46,4.0,2320.52,4,38,9.35,4,Off,31.27,0,mr  eriks after having completed the change of guide pole in the conveyor belt      the collaborator moved to the other side of the belt to remove the tecl  passes under the stairs without getting to observe that in that moment the collaborator jhon dropped an inchancable of a weight approx  of    kg  from the entrance platform to the chute of discharge  at a height of      meters  the iron grazed him on the forearm  finally hitting his left foot at the height of the instep,other,478,84,0.9033333333333333,High Risk,Perform comprehensive industrial safety inspection.
2016-11-19,Country_01,Local_04,Mining,III,IV,Male,Third Party,Others,"The workers: César (injured) and Nilton receive the order of their immediate supervisor Román to carry out the assembly activity of a brace (length 4.60 m, approximate weight 50 Kg) of the structure of the Nro belt. 2, said collaborators lift the brace and approach it to the installation point, leaving one end on the ground and the other resting on the corner of the pedestal (approximate height of 40 cm). After carrying out the planning of the work, the injured person lifts the end part that was on the floor to turn and position it for assembly, at that moment the other end falls generating the imprisonment of the fingers of the left hand. Staff is taken to the medical center by the supervisor.",2016,11,19,Saturday,46,Spring,3,0,2023-09-25,07:30:00,Factory_B,Industrial_Zone,Day,11.0,Senior,No,15.25,15.56,77.88,4.03,1876.87,18,89,7.75,4,On,25.5,0,the workers  c sar  injured  and nilton receive the order of their immediate supervisor rom n to carry out the assembly activity of a brace  length      m  approximate weight    kg  of the structure of the nro belt     said collaborators lift the brace and approach it to the installation point  leaving one end on the ground and the other resting on the corner of the pedestal  approximate height of    cm   after carrying out the planning of the work  the injured person lifts the end part that was on the floor to turn and position it for assembly  at that moment the other end falls generating the imprisonment of the fingers of the left hand  staff is taken to the medical center by the supervisor,"human_error, fall_slip",702,123,0.7533333333333333,High Risk,Conduct advanced worker safety training and strengthen operational supervision.
2016-11-23,Country_01,Local_06,Metals,I,IV,Male,Employee,Others,"The operator when descending by ladder of sailor of 6 steps, falls to the floor going down of the 3er. step, falling on his back and hitting his head. The worker used the chin strap with the helmet, a safety element that reduced the injury from the blow. He was treated at the medical center with local treatment, referred to the Clinic for re-evaluation.",2016,11,23,Wednesday,47,Spring,1,0,2021-01-31,07:45:00,Factory_B,Urban,Night,37.0,Senior,Yes,26.08,21.43,68.03,4.91,2443.4,12,45,9.15,0,Off,42.36,0,the operator when descending by ladder of sailor of   steps  falls to the floor going down of the  er  step  falling on his back and hitting his head  the worker used the chin strap with the helmet  a safety element that reduced the injury from the blow  he was treated at the medical center with local treatment  referred to the clinic for re evaluation,"human_error, fall_slip",354,64,0.7733333333333333,High Risk,Conduct advanced worker safety training and strengthen operational supervision.
2016-11-25,Country_02,Local_07,Mining,I,II,Male,Employee,Others,The employee reports that upon initiating 615 RLC front loading activity while performing the emulsion preparation for use there was a displacement of a small rock fragment from the ceiling reaching his left forearm,2016,11,25,Friday,47,Spring,1,0,2023-05-23,12:45:00,Factory_B,Rural,Day,14.0,Senior,Yes,31.31,28.32,57.12,2.72,1672.36,17,85,4.4,0,Off,57.81,0,the employee reports that upon initiating     rlc front loading activity while performing the emulsion preparation for use there was a displacement of a small rock fragment from the ceiling reaching his left forearm,other,215,33,0.88,High Risk,Perform comprehensive industrial safety inspection.
2016-11-28,Country_01,Local_03,Mining,I,I,Male,Third Party,Others,"in Level 2900 dining room, the collaborator finished washing tabolas (food containers) of dimensions 52 cm x 30 cm x 20 cm, proceed to order them by pinking the thumb of the right hand in the corner of the aluminum tabola, generating the lesion. The employee at the time of the accident did not have safety gloves.",2016,11,28,Monday,48,Spring,1,0,2021-04-01,10:00:00,Factory_C,Industrial_Zone,Night,12.0,Junior,No,31.63,28.33,59.13,3.73,3851.34,12,43,9.13,3,On,44.92,0,in level      dining room  the collaborator finished washing tabolas  food containers  of dimensions    cm x    cm x    cm  proceed to order them by pinking the thumb of the right hand in the corner of the aluminum tabola  generating the lesion  the employee at the time of the accident did not have safety gloves,other,313,53,0.92,High Risk,Perform comprehensive industrial safety inspection.
2016-11-29,Country_02,Local_08,Metals,II,III,Male,Employee,Others,"During the exchange of the shock-bearing housing, the employee used a sledgehammer to hit the pipe. At this stage of the activity the hammer hit the stepladder that was very close, coming to (hand tool) to be projected onto the left hand thumb, which was holding the piece.",2016,11,29,Tuesday,48,Spring,2,0,2023-06-04,08:00:00,Factory_B,Urban,Day,44.0,Junior,No,28.35,22.68,62.82,0.77,3896.46,2,231,4.27,4,Off,56.11,0,during the exchange of the shock bearing housing  the employee used a sledgehammer to hit the pipe  at this stage of the activity the hammer hit the stepladder that was very close  coming to  hand tool  to be projected onto the left hand thumb  which was holding the piece,electrical,272,49,0.7366666666666667,High Risk,Perform electrical safety audits and strengthen cable insulation inspections.
2016-11-30,Country_01,Local_03,Mining,I,II,Male,Third Party,Others,"After the welder completed the welding work to reinforce the forms in the deepening, he walked towards the distant truck at about 40 mt, at which point the welder stepped on a fragment of rock of 5 cm x 10cm x 5cm approx. which generates that the foot flexes and generates the injury in the worker.",2016,11,30,Wednesday,48,Spring,1,0,2023-05-24,17:45:00,Factory_B,Industrial_Zone,Night,21.0,Senior,Yes,37.7,26.58,51.74,1.75,1533.67,17,18,3.17,2,Off,52.81,0,after the welder completed the welding work to reinforce the forms in the deepening  he walked towards the distant truck at about    mt  at which point the welder stepped on a fragment of rock of   cm x   cm x  cm approx  which generates that the foot flexes and generates the injury in the worker,human_error,297,54,0.87,High Risk,Conduct advanced worker safety training and strengthen operational supervision.
2016-12-01,Country_01,Local_03,Mining,I,IV,Male,Employee,Others,"During the activity of chuteo of ore in hopper OP5; the operator of the locomotive parks his equipment under the hopper to fill the first car, it is at this moment that when it was blowing out to release the load, a mud flow suddenly appears with the presence of rock fragments; the personnel that was in the direction of the flow was covered with mud.",2016,12,1,Thursday,48,Summer,1,0,2023-01-13,15:45:00,Factory_D,Industrial_Zone,Night,16.0,Senior,Yes,26.19,23.5,49.06,2.5,1171.47,4,72,6.33,4,On,44.15,0,during the activity of chuteo of ore in hopper op   the operator of the locomotive parks his equipment under the hopper to fill the first car  it is at this moment that when it was blowing out to release the load  a mud flow suddenly appears with the presence of rock fragments  the personnel that was in the direction of the flow was covered with mud,"equipment_failure, human_error",351,66,0.87,High Risk,Increase preventive maintenance frequency and install predictive sensor monitoring systems.
2016-12-01,Country_01,Local_03,Mining,I,IV,Male,Employee,Others,"During the activity of chuteo of ore in hopper OP5; the operator of the locomotive parks his equipment under the hopper to fill the first car, it is at this moment that when it was blowing out to release the load, a mud flow suddenly appears with the presence of rock fragments; the personnel that was in the direction of the flow was covered with mud.",2016,12,1,Thursday,48,Summer,1,0,2023-07-13,01:30:00,Factory_B,Rural,Night,19.0,Junior,Yes,27.09,23.28,46.44,0.36,1632.83,17,10,4.96,1,Off,40.4,0,during the activity of chuteo of ore in hopper op   the operator of the locomotive parks his equipment under the hopper to fill the first car  it is at this moment that when it was blowing out to release the load  a mud flow suddenly appears with the presence of rock fragments  the personnel that was in the direction of the flow was covered with mud,"equipment_failure, human_error",351,66,0.9133333333333333,High Risk,Increase preventive maintenance frequency and install predictive sensor monitoring systems.
2016-12-01,Country_01,Local_03,Mining,I,IV,Male,Third Party,Others,"During the activity of chuteo of ore in hopper OP5; the operator of the locomotive parks his equipment under the hopper to fill the first car, it is at this moment that when it was blowing out to release the load, a mud flow suddenly appears with the presence of rock fragments; the personnel that was in the direction of the flow was covered with mud.",2016,12,1,Thursday,48,Summer,1,0,2021-04-26,17:45:00,Factory_D,Industrial_Zone,Night,36.0,Junior,Yes,37.9,26.99,59.76,3.31,1515.97,7,56,9.9,4,Off,49.69,0,during the activity of chuteo of ore in hopper op   the operator of the locomotive parks his equipment under the hopper to fill the first car  it is at this moment that when it was blowing out to release the load  a mud flow suddenly appears with the presence of rock fragments  the personnel that was in the direction of the flow was covered with mud,"equipment_failure, human_error",351,66,0.9,High Risk,Increase preventive maintenance frequency and install predictive sensor monitoring systems.
2016-12-08,Country_01,Local_01,Mining,I,IV,Male,Employee,Suspended Loads,"At times when four mechanics performed the removal of a (1TM) engine on a positive slope using a key and a tyrfor, at the time that the 1st welder tightened the key (12 Kg of weight) when pulling the chain the eyebolt that held the Click on the roof of the work is broken transversely causing the fall of the key hitting the helmet of the welder mechanic causing cervical contracture. The tirfor was used during the activity as a second protection to prevent the engine from falling.",2016,12,8,Thursday,49,Summer,1,0,2022-01-26,16:00:00,Factory_A,Rural,Day,29.0,Senior,No,25.8,22.91,68.19,2.34,2158.38,7,264,1.44,0,Off,54.27,0,at times when four mechanics performed the removal of a   tm  engine on a positive slope using a key and a tyrfor  at the time that the  st welder tightened the key     kg of weight  when pulling the chain the eyebolt that held the click on the roof of the work is broken transversely causing the fall of the key hitting the helmet of the welder mechanic causing cervical contracture  the tirfor was used during the activity as a second protection to prevent the engine from falling,fall_slip,482,87,0.8566666666666667,High Risk,"Improve floor traction, housekeeping, and PPE compliance."
2016-12-08,Country_01,Local_01,Mining,I,III,Male,Third Party (Remote),Others,"At times when four employees lowered a metal sheet (1.5mx1.8m; m 80Kg) towards the floor from a height of 20 cm., The assembly assistant does not timely remove the hand, trapping his ring finger between the iron and loose earth causing a contusion on his ring finger. The collaborator at the time of the event to use their maneuver gloves.",2016,12,8,Thursday,49,Summer,1,0,2021-01-19,18:30:00,Factory_D,Rural,Day,46.0,Junior,No,22.87,25.37,42.5,1.49,3409.76,1,89,5.17,1,Off,33.06,0,at times when four employees lowered a metal sheet     mx   m  m   kg  towards the floor from a height of    cm   the assembly assistant does not timely remove the hand  trapping his ring finger between the iron and loose earth causing a contusion on his ring finger  the collaborator at the time of the event to use their maneuver gloves,other,338,60,0.8833333333333333,High Risk,Perform comprehensive industrial safety inspection.
2016-12-10,Country_01,Local_04,Mining,I,II,Male,Third Party,Others,"At 18:40 hours, in moments when Mr. Claudio tipper operator readjusted the nuts of the rear tire on the right side of his vehicle, using a wheel wrench and a tube as an extension to generate greater force of torque; which was Mr. Wilber held him in his back; suffers a contusion in the palm of the right hand as the extension to his partner slips from his hands.",2016,12,10,Saturday,49,Summer,1,0,2023-02-07,06:00:00,Factory_D,Urban,Night,12.0,Senior,Yes,26.44,222.34,66.83,4.18,2826.17,7,152,3.29,4,On,46.57,0,at       hours  in moments when mr  claudio tipper operator readjusted the nuts of the rear tire on the right side of his vehicle  using a wheel wrench and a tube as an extension to generate greater force of torque  which was mr  wilber held him in his back  suffers a contusion in the palm of the right hand as the extension to his partner slips from his hands,"human_error, fall_slip",361,68,0.8366666666666667,High Risk,Conduct advanced worker safety training and strengthen operational supervision.
2016-12-12,Country_02,Local_08,Metals,I,II,Male,Employee,Others,"When entering the caustic soda containment basin to place the hose to make the suction, at this stage there was steam formation, striking the employee in the right and left calf.",2016,12,12,Monday,50,Summer,1,0,2022-02-15,06:00:00,Factory_D,Rural,Day,11.0,Senior,Yes,21.98,22.7,76.13,3.72,1343.28,1,139,9.83,3,On,33.19,0,when entering the caustic soda containment basin to place the hose to make the suction  at this stage there was steam formation  striking the employee in the right and left calf,other,177,31,0.71,High Risk,Perform comprehensive industrial safety inspection.
2016-12-13,Country_02,Local_02,Mining,I,II,Male,Third Party (Remote),Others,"During the activities of revegetation of the slopes of the pit pit II, the employee hitting the sledgehammer on the rods for installation of the lifeline, it hit his right leg, causing a slight excoriation.",2016,12,13,Tuesday,50,Summer,1,0,2022-05-08,05:30:00,Factory_C,Industrial_Zone,Day,36.0,Junior,Yes,34.65,28.77,43.37,2.47,2845.68,6,130,2.56,0,On,60.64,0,during the activities of revegetation of the slopes of the pit pit ii  the employee hitting the sledgehammer on the rods for installation of the lifeline  it hit his right leg  causing a slight excoriation,other,205,35,0.8733333333333333,High Risk,Perform comprehensive industrial safety inspection.
2016-12-12,Country_02,Local_05,Metals,I,II,Male,Third Party (Remote),Others,"Employee reports that he performed an activity in the area of ​​the Ustulación, under the coordination of Maintenance when he was hit by dust from the ustulado, causing irritation in the eye region.",2016,12,12,Monday,50,Summer,1,0,2023-06-15,15:15:00,Factory_B,Industrial_Zone,Day,32.0,Junior,Yes,28.45,24.81,46.36,1.6,3402.44,6,52,9.54,1,On,36.05,0,employee reports that he performed an activity in the area of   the ustulaci n  under the coordination of maintenance when he was hit by dust from the ustulado  causing irritation in the eye region,other,197,34,0.9266666666666666,High Risk,Perform comprehensive industrial safety inspection.
2016-12-13,Country_01,Local_06,Metals,I,II,Male,Third Party,Others,"On December 13, the accessories coupling (gun - hose) of the high pressure pump (BAP) was made to clean the demister of the cooling tower G2172. carrying out the complete coupling, they turn on the BAP to start with the start test, at that moment the hose comes off the gun and hits Mr. Emerson who was holding the gun.",2016,12,13,Tuesday,50,Summer,1,0,2022-09-25,10:15:00,Factory_B,Rural,Night,33.0,Senior,Yes,14.49,17.88,44.08,3.88,2734.56,2,229,8.92,0,Off,34.64,0,on december     the accessories coupling  gun   hose  of the high pressure pump  bap  was made to clean the demister of the cooling tower g      carrying out the complete coupling  they turn on the bap to start with the start test  at that moment the hose comes off the gun and hits mr  emerson who was holding the gun,equipment_failure,318,58,0.8833333333333333,High Risk,Increase preventive maintenance frequency and install predictive sensor monitoring systems.
2016-12-15,Country_02,Local_05,Metals,I,III,Male,Employee,Others,"Employee reports that when returning the anode to the easel the even bumped into the side of the easel coming to swing and hit his right shoulder, causing bruise.",2016,12,15,Thursday,50,Summer,1,0,2021-11-12,16:30:00,Factory_C,Industrial_Zone,Night,12.0,Junior,No,17.83,18.07,58.44,1.71,1188.75,4,128,6.36,0,Off,30.58,0,employee reports that when returning the anode to the easel the even bumped into the side of the easel coming to swing and hit his right shoulder  causing bruise,other,161,29,0.7733333333333333,High Risk,Perform comprehensive industrial safety inspection.
2016-12-15,Country_01,Local_03,Mining,III,IV,Male,Third Party,Others,"happened?): During the maintenance of the Bolter equipment; the collaborator uses a carpenter's hammer to be able to remove a link in the chain of advance the drilling machine, in moments that hits on the side of the chain, the partner hits the structure of the beam diverting the path of the hammer causing it to strike his left hand.",2016,12,15,Thursday,50,Summer,3,0,2021-06-23,09:30:00,Factory_D,Industrial_Zone,Night,6.0,Junior,No,34.08,26.64,43.79,3.58,1756.58,14,305,9.96,3,On,75.61,1,happened    during the maintenance of the bolter equipment  the collaborator uses a carpenter s hammer to be able to remove a link in the chain of advance the drilling machine  in moments that hits on the side of the chain  the partner hits the structure of the beam diverting the path of the hammer causing it to strike his left hand,equipment_failure,334,61,0.7066666666666667,High Risk,Increase preventive maintenance frequency and install predictive sensor monitoring systems.
2016-12-16,Country_02,Local_08,Metals,I,II,Female,Third Party,Others,"The maid while walking in the electrolysis area, stumbled and fell next to the bathroom in room B.",2016,12,16,Friday,50,Summer,1,0,2022-05-03,22:45:00,Factory_D,Industrial_Zone,Night,22.0,Junior,Yes,35.66,29.9,67.19,1.61,2292.21,17,333,5.57,0,Off,84.85,1,the maid while walking in the electrolysis area  stumbled and fell next to the bathroom in room b,other,97,18,0.9133333333333333,High Risk,Perform comprehensive industrial safety inspection.
2016-12-19,Country_01,Local_04,Mining,I,III,Male,Employee,Others,"In circumstances that the operator performed the lifting of an 8-inch vitaulic pipe, this is imprisoned in the structure of the railing of the truck, instants that pushes the pipe with the right hand this returns to its initial position hitting the middle finger of the employee causing a bruise",2016,12,19,Monday,51,Summer,1,0,2023-10-04,06:15:00,Factory_D,Urban,Night,14.0,Senior,No,14.94,19.86,59.76,0.01,2092.89,12,107,9.71,2,Off,33.59,0,in circumstances that the operator performed the lifting of an   inch vitaulic pipe  this is imprisoned in the structure of the railing of the truck  instants that pushes the pipe with the right hand this returns to its initial position hitting the middle finger of the employee causing a bruise,human_error,295,50,0.81,High Risk,Conduct advanced worker safety training and strengthen operational supervision.
2016-12-23,Country_01,Local_04,Mining,II,IV,Male,Third Party,Others,"When performing the movement of the bar to make room and place a calibrator. Mr. Chuquillanqui pushes the bar with both hands turning it, being at that moment imprisoned the middle finger of the left hand against the other bar that was ahead.",2016,12,23,Friday,51,Summer,2,0,2023-08-04,03:45:00,Factory_C,Rural,Night,24.0,Junior,Yes,17.44,22.33,60.17,2.62,1534.92,19,304,1.41,4,On,55.22,0,when performing the movement of the bar to make room and place a calibrator  mr  chuquillanqui pushes the bar with both hands turning it  being at that moment imprisoned the middle finger of the left hand against the other bar that was ahead,other,241,43,0.7566666666666667,High Risk,Perform comprehensive industrial safety inspection.
2016-12-22,Country_02,Local_05,Metals,I,II,Male,Third Party,Others,"Employee reports that he performed soldering activity when he was hit in the eye region by dust that was found in the thermal insulation, causing irritation.",2016,12,22,Thursday,51,Summer,1,0,2021-06-20,12:45:00,Factory_B,Rural,Night,24.0,Junior,No,30.46,26.83,68.53,2.96,3642.06,5,252,1.45,1,On,60.73,0,employee reports that he performed soldering activity when he was hit in the eye region by dust that was found in the thermal insulation  causing irritation,other,156,26,0.89,High Risk,Perform comprehensive industrial safety inspection.
2016-12-22,Country_01,Local_01,Mining,I,IV,Male,Third Party,Others,"At the end of the unleashing of saturated material on the talus crest of bank 4318, the rugged taut rope to leave the work area, tension at which moment loose material from the top of the slope crumbles (height of 6m and stool of 3m) projecting a fragment (6cmx2cmx1cm; 26gr) which rubs the right cheek causing the injury. At the time of the event the area was isolated and the collaborator had all the epps corresponding to the activity.",2016,12,22,Thursday,51,Summer,1,0,2023-03-17,22:45:00,Factory_D,Urban,Day,31.0,Senior,No,30.41,21.56,63.34,0.92,2326.52,19,41,7.49,3,Off,48.09,0,at the end of the unleashing of saturated material on the talus crest of bank       the rugged taut rope to leave the work area  tension at which moment loose material from the top of the slope crumbles  height of  m and stool of  m  projecting a fragment   cmx cmx cm    gr  which rubs the right cheek causing the injury  at the time of the event the area was isolated and the collaborator had all the epps corresponding to the activity,other,437,80,0.8966666666666666,High Risk,Perform comprehensive industrial safety inspection.
2016-12-23,Country_01,Local_03,Mining,I,III,Male,Third Party,Others,"At level 4150 Geology - Surface, master mine to temporarily repair water leakage from a 4-inch diameter metal distributor, makes a cut of a rim chamber strip of 4cm wide x 100cm long making Using a cutter, his partner stretches the camera when cutting with force the edge of the cutter makes contact with the index finger of the left hand causing a superficial cut. At the time of the event the worker was wearing boss gloves.",2016,12,23,Friday,51,Summer,1,0,2021-01-22,08:15:00,Factory_D,Rural,Day,12.0,Senior,Yes,25.47,18.68,63.5,4.19,3875.51,4,148,6.15,2,Off,41.14,0,at level      geology   surface  master mine to temporarily repair water leakage from a   inch diameter metal distributor  makes a cut of a rim chamber strip of  cm wide x    cm long making using a cutter  his partner stretches the camera when cutting with force the edge of the cutter makes contact with the index finger of the left hand causing a superficial cut  at the time of the event the worker was wearing boss gloves,"human_error, fall_slip",425,75,0.91,High Risk,Conduct advanced worker safety training and strengthen operational supervision.
2016-12-26,Country_01,Local_06,Metals,I,II,Male,Employee,Others,"Mr. Marcelo withdrew foam from the ajax oven, using the metal spoon to empty it into the foam waste container. At that moment splash of slag residues, impacting the face and generating a surface burn. The worker was wearing a face mask.",2016,12,26,Monday,52,Summer,1,0,2021-11-26,08:00:00,Factory_D,Rural,Night,42.0,Junior,No,18.41,16.73,66.01,0.02,1938.87,6,154,9.68,1,On,27.31,0,mr  marcelo withdrew foam from the ajax oven  using the metal spoon to empty it into the foam waste container  at that moment splash of slag residues  impacting the face and generating a surface burn  the worker was wearing a face mask,human_error,235,42,0.9166666666666666,High Risk,Conduct advanced worker safety training and strengthen operational supervision.
2016-12-28,Country_02,Local_05,Metals,I,IV,Male,Employee,Others,"Employee reports that when trying to remove one of the plates from the overflow system of the Ustulador oven, the 5th finger of the right hand was pressed between the tool (wrench with extension) and the overflow flange of the Ustulador oven, located behind the performer.",2016,12,28,Wednesday,52,Summer,1,0,2021-08-07,01:00:00,Factory_D,Industrial_Zone,Night,43.0,Senior,No,11.1,12.47,70.87,0.97,2769.41,3,186,8.51,1,Off,23.98,0,employee reports that when trying to remove one of the plates from the overflow system of the ustulador oven  the  th finger of the right hand was pressed between the tool  wrench with extension  and the overflow flange of the ustulador oven  located behind the performer,other,271,46,0.8233333333333334,High Risk,Perform comprehensive industrial safety inspection.
2017-01-02,Country_01,Local_06,Metals,I,II,Male,Third Party (Remote),Pressed,"At 13:40 hours, Mr. Jose performed the erasing of the earthenware of section 30, when turning on the machine of alizado (ironing) of concrete, this tour abruptly imprisoning his left hand between the command of the equipment and the metal structure, causing an atriction in the back of the left hand.",2017,1,2,Monday,1,Summer,1,0,2023-01-28,05:30:00,Factory_A,Industrial_Zone,Night,26.0,Junior,Yes,23.47,19.25,42.98,2.84,1278.59,6,238,1.29,4,Off,43.81,0,at       hours  mr  jose performed the erasing of the earthenware of section     when turning on the machine of alizado  ironing  of concrete  this tour abruptly imprisoning his left hand between the command of the equipment and the metal structure  causing an atriction in the back of the left hand,equipment_failure,299,49,0.9133333333333333,High Risk,Increase preventive maintenance frequency and install predictive sensor monitoring systems.
2017-01-05,Country_01,Local_01,Mining,I,IV,Male,Third Party,Projection,"In the volvo workshop at the time of cutting steel plate (thickness 1 in), for the installation of the MT-32 scoop lip, with Oxicorte equipment, the injured feels a discomfort in both eyes. At the time of the accident the collaborator made use of his full Epp, but the soldering iron lens did not make full adjustment for the presence of the respirator.",2017,1,5,Thursday,1,Summer,1,0,2022-03-25,02:00:00,Factory_A,Urban,Day,7.0,Senior,Yes,32.1,26.83,74.63,2.69,1847.04,13,99,9.43,2,Off,59.52,0,in the volvo workshop at the time of cutting steel plate  thickness   in   for the installation of the mt    scoop lip  with oxicorte equipment  the injured feels a discomfort in both eyes  at the time of the accident the collaborator made use of his full epp  but the soldering iron lens did not make full adjustment for the presence of the respirator,equipment_failure,352,62,0.8066666666666666,High Risk,Increase preventive maintenance frequency and install predictive sensor monitoring systems.
2017-01-05,Country_01,Local_03,Mining,I,III,Male,Employee,Others,"During the mechanized support activity in the level 3450 - Tajo when lifting the support mesh on the platform of the Scissor equipment, the employee with a stumble feels a pain in the heel of the left foot.",2017,1,5,Thursday,1,Summer,1,0,2021-03-19,02:00:00,Factory_C,Urban,Day,31.0,Senior,No,31.77,27.64,72.47,1.64,1021.9,19,61,1.4,1,Off,58.34,0,during the mechanized support activity in the level        tajo when lifting the support mesh on the platform of the scissor equipment  the employee with a stumble feels a pain in the heel of the left foot,equipment_failure,205,36,0.9433333333333334,High Risk,Increase preventive maintenance frequency and install predictive sensor monitoring systems.
2017-01-06,Country_02,Local_08,Metals,I,I,Male,Employee,Pressed,"During the preparation for the scaffolding activity, the employee was loading the pieces to the designated place where he had his finger pressed between the metal pieces that were being moved.",2017,1,6,Friday,1,Summer,1,0,2022-03-21,04:30:00,Factory_D,Industrial_Zone,Day,18.0,Junior,No,38.03,28.24,53.77,3.49,2175.8,11,288,7.24,4,Off,74.46,0,during the preparation for the scaffolding activity  the employee was loading the pieces to the designated place where he had his finger pressed between the metal pieces that were being moved,other,191,31,0.91,High Risk,Perform comprehensive industrial safety inspection.
2017-01-07,Country_01,Local_04,Mining,I,IV,Male,Employee,Others,"When making the change of support of the vertical pump of 6 ""(40357 Zinc two mechanics raised a beam in"" H ""(4"" x 2.7 m and 45 kg.) One at each end and being at the height of The injured person's knee slips from his hands causing the injury described.",2017,1,7,Saturday,1,Summer,1,0,2021-06-07,19:45:00,Factory_D,Industrial_Zone,Day,30.0,Senior,Yes,29.69,23.23,31.8,1.55,3259.0,6,103,1.79,3,Off,39.06,0,when making the change of support of the vertical pump of           zinc two mechanics raised a beam in  h      x     m and    kg   one at each end and being at the height of the injured person s knee slips from his hands causing the injury described,"equipment_failure, fall_slip",250,46,0.8566666666666667,High Risk,Increase preventive maintenance frequency and install predictive sensor monitoring systems.
2017-01-08,Country_01,Local_06,Metals,III,III,Male,Employee,Cut,"At 11:25 a.m., the deslaminator stops untimely, then the operator lowers and locks the machine to verify the failure, detecting locking of the sheet between the basket and the manipulator. The operator tries to arrange the sheet manually and when pulling the sheet, this one cuts the palm of the right hand with the edge of the sheet, is referred to the medical center for attention.",2017,1,8,Sunday,1,Summer,3,0,2022-06-20,11:45:00,Factory_A,Rural,Night,37.0,Junior,No,26.33,24.23,50.95,4.91,2213.33,11,172,7.46,1,Off,49.11,0,at       a m   the deslaminator stops untimely  then the operator lowers and locks the machine to verify the failure  detecting locking of the sheet between the basket and the manipulator  the operator tries to arrange the sheet manually and when pulling the sheet  this one cuts the palm of the right hand with the edge of the sheet  is referred to the medical center for attention,"equipment_failure, human_error",382,66,0.82,High Risk,Increase preventive maintenance frequency and install predictive sensor monitoring systems.
2017-01-09,Country_01,Local_01,Mining,I,III,Male,Third Party,Others,"In circumstances where the worker hit the support of the drill beam advance cylinder to align the base of the beam with the holes of the beam and place the bolt, mechanical hammer slips and by inertia the mechanic's hand hits the edge of the beam causing the injury. At the time of the accident the employee had all the PPE for this activity.",2017,1,9,Monday,2,Summer,1,0,2021-02-16,20:45:00,Factory_D,Rural,Night,22.0,Junior,No,26.42,24.4,72.81,2.53,3592.7,4,85,1.95,3,Off,37.97,0,in circumstances where the worker hit the support of the drill beam advance cylinder to align the base of the beam with the holes of the beam and place the bolt  mechanical hammer slips and by inertia the mechanic s hand hits the edge of the beam causing the injury  at the time of the accident the employee had all the ppe for this activity,"human_error, fall_slip",341,65,0.93,High Risk,Conduct advanced worker safety training and strengthen operational supervision.
2017-01-09,Country_01,Local_03,Mining,I,III,Male,Employee,Others,"At level 2995 access # 7, Scissor # 187 performed the sustaining activity, drilling the drill to install the Split when lifting the electrowelded mesh of 12 square meters (6m x 2m), weight 21 kg. Approximately to the team's platform, the assistant slips and feels a pain in the inner edge of the right knee.",2017,1,9,Monday,2,Summer,1,0,2021-03-07,13:45:00,Factory_B,Urban,Night,18.0,Junior,Yes,35.7,23.55,56.37,4.57,1861.39,9,154,2.74,0,On,62.79,0,at level      access      scissor       performed the sustaining activity  drilling the drill to install the split when lifting the electrowelded mesh of    square meters   m x  m   weight    kg  approximately to the team s platform  the assistant slips and feels a pain in the inner edge of the right knee,fall_slip,306,49,0.9366666666666666,High Risk,"Improve floor traction, housekeeping, and PPE compliance."
2017-01-10,Country_03,Local_10,Others,I,IV,Male,Third Party,Fall prevention,"The auxiliary of general services I, Paulo e Silva, with 5 months and 10 days of work, was performing the activity of soil collection. During the movement of equipment to the next point, holding a lever, it encountered a piece of sloping ground and with interlaced vegetation, which caused the fall of the to the left, the same side where the tool was held. The rapid fall prevented the employee from leaning, causing a shock of the elbow with the ground. The employee continued the activity for another 3 points of sample collection until he felt the arm bothering.",2017,1,10,Tuesday,2,Summer,1,0,2022-09-08,00:00:00,Factory_D,Industrial_Zone,Night,24.0,Junior,Yes,16.35,19.11,39.71,1.59,1510.86,5,363,4.29,4,Off,52.73,0,the auxiliary of general services i  paulo e silva  with   months and    days of work  was performing the activity of soil collection  during the movement of equipment to the next point  holding a lever  it encountered a piece of sloping ground and with interlaced vegetation  which caused the fall of the to the left  the same side where the tool was held  the rapid fall prevented the employee from leaning  causing a shock of the elbow with the ground  the employee continued the activity for another   points of sample collection until he felt the arm bothering,"equipment_failure, electrical, fall_slip",565,96,0.9233333333333333,High Risk,Increase preventive maintenance frequency and install predictive sensor monitoring systems.
2017-01-12,Country_02,Local_08,Metals,I,II,Male,Third Party (Remote),Manual Tools,"During the reduction activity in the tube, the employee attached the tube to the walrus, and when he hit the tube with the hammer, he untied the walrus by reaching his finger.",2017,1,12,Thursday,2,Summer,1,0,2021-05-07,21:45:00,Factory_C,Urban,Day,24.0,Senior,No,29.48,25.17,74.14,0.01,2135.52,9,276,6.39,0,Off,58.92,0,during the reduction activity in the tube  the employee attached the tube to the walrus  and when he hit the tube with the hammer  he untied the walrus by reaching his finger,other,174,32,0.9466666666666667,High Risk,Perform comprehensive industrial safety inspection.
2017-01-14,Country_01,Local_03,Mining,I,IV,Male,Third Party,Projection,"During the activity of settling of concrete blocks for the ventilation plug wall in the CX-943 of level 3590, in circumstances that the worker made the setting of the union between concrete blocks, a polyethylene pipe of 2 ""diameter was picks up the spike and when it hits it hits the top of the worker's protector.",2017,1,14,Saturday,2,Summer,1,0,2021-11-02,04:45:00,Factory_D,Industrial_Zone,Day,20.0,Senior,Yes,18.55,20.07,74.26,2.77,2576.9,16,347,8.01,3,Off,48.48,0,during the activity of settling of concrete blocks for the ventilation plug wall in the cx     of level       in circumstances that the worker made the setting of the union between concrete blocks  a polyethylene pipe of    diameter was picks up the spike and when it hits it hits the top of the worker s protector,human_error,314,55,0.9333333333333333,High Risk,Conduct advanced worker safety training and strengthen operational supervision.
2017-01-17,Country_01,Local_03,Mining,I,III,Male,Employee,remains of choco,"At level 3450, Tajo area 2; after completing the drilling of drills for loading; the operator removes the bit from the jumbo arm and walks towards the crew cabin; from the crown of the work a fragment of rock that passes through the cocada of the mesh of 3 ""and impacts on its helmet and rebound hits the right shoulder of the operator, generating the described injury.",2017,1,17,Tuesday,3,Summer,1,0,2021-05-15,02:30:00,Factory_C,Industrial_Zone,Night,17.0,Junior,Yes,29.84,22.28,57.75,4.45,2527.36,3,29,0.35,4,Off,36.91,0,at level       tajo area    after completing the drilling of drills for loading  the operator removes the bit from the jumbo arm and walks towards the crew cabin  from the crown of the work a fragment of rock that passes through the cocada of the mesh of    and impacts on its helmet and rebound hits the right shoulder of the operator  generating the described injury,human_error,368,64,0.9166666666666666,High Risk,Conduct advanced worker safety training and strengthen operational supervision.
2017-01-17,Country_02,Local_08,Metals,I,IV,Male,Employee,Liquid Metal,"Upon approaching the furnace that was in the process of melting the Zn ingot, it was struck by liquid metal projection.",2017,1,17,Tuesday,3,Summer,1,0,2021-12-07,17:45:00,Factory_B,Industrial_Zone,Day,48.0,Senior,Yes,19.26,14.57,70.21,2.88,1427.07,19,231,2.19,0,Off,42.52,0,upon approaching the furnace that was in the process of melting the zn ingot  it was struck by liquid metal projection,other,118,21,0.91,High Risk,Perform comprehensive industrial safety inspection.
2017-01-17,Country_02,Local_08,Metals,III,IV,Male,Employee,Others,"During routine slimming activity of the kiln 8 of the battery 1. The employee began to remove the waste inside the crucible with the aid of a skimmer, felt pain in the left shoulder.",2017,1,17,Tuesday,3,Summer,3,0,2021-02-27,16:45:00,Factory_A,Industrial_Zone,Night,38.0,Senior,Yes,32.86,28.46,51.57,0.01,3433.61,17,273,2.75,0,Off,67.43,0,during routine slimming activity of the kiln   of the battery    the employee began to remove the waste inside the crucible with the aid of a skimmer  felt pain in the left shoulder,other,181,32,0.8066666666666666,High Risk,Perform comprehensive industrial safety inspection.
2017-01-20,Country_01,Local_04,Mining,I,III,Male,Third Party,Manual Tools,"When manipulating materials on the master drill truck, the operators decide to make space by moving a radiator, at that moment the driver of the truck is imprisoned the little finger of the left hand against the bar.",2017,1,20,Friday,3,Summer,1,0,2022-10-01,04:45:00,Factory_A,Urban,Day,35.0,Junior,Yes,10.95,15.89,36.48,0.85,3259.33,10,17,4.42,4,Off,12.77,0,when manipulating materials on the master drill truck  the operators decide to make space by moving a radiator  at that moment the driver of the truck is imprisoned the little finger of the left hand against the bar,human_error,215,38,0.9566666666666667,High Risk,Conduct advanced worker safety training and strengthen operational supervision.
2017-01-21,Country_02,Local_02,Mining,I,I,Male,Third Party (Remote),Others,"Employees engaged in the removal of material from the excavation of the well 2 of level 265, using shovel and placing it in the bucket. During the day some of this material fell into the pipes of the employees' boots and the friction between the boot and the calf caused a superficial injury to the legs.",2017,1,21,Saturday,3,Summer,1,0,2022-05-19,16:30:00,Factory_A,Industrial_Zone,Day,35.0,Senior,No,38.53,28.98,30.5,2.59,1421.35,12,326,9.44,2,Off,83.75,1,employees engaged in the removal of material from the excavation of the well   of level      using shovel and placing it in the bucket  during the day some of this material fell into the pipes of the employees  boots and the friction between the boot and the calf caused a superficial injury to the legs,other,303,54,0.91,High Risk,Perform comprehensive industrial safety inspection.
2017-01-21,Country_02,Local_02,Mining,I,I,Male,Third Party (Remote),Others,"Employees engaged in the removal of material from the excavation of the well 2 of level 265, using shovel and placing it in the bucket. During the day some of this material fell into the pipes of the employees' boots and the friction between the boot and the calf caused a superficial injury to the legs.",2017,1,21,Saturday,3,Summer,1,0,2021-01-27,15:15:00,Factory_D,Industrial_Zone,Day,17.0,Junior,No,25.01,22.92,31.25,4.75,3367.26,14,41,0.37,0,Off,37.01,0,employees engaged in the removal of material from the excavation of the well   of level      using shovel and placing it in the bucket  during the day some of this material fell into the pipes of the employees  boots and the friction between the boot and the calf caused a superficial injury to the legs,other,303,54,0.92,High Risk,Perform comprehensive industrial safety inspection.
2017-01-23,Country_01,Local_04,Mining,I,IV,Male,Third Party,remains of choco,"Being 4:15 a.m. on the 179th block of Nv 1880 Ob 2, at the moment that Messrs. and Roger (injured), cleaned the 14th drill of the radial mesh that was in an inclined shape in the right gable, moment that detaches fragments of rock of 5x5x2 cm. impacting the shoulder.",2017,1,23,Monday,4,Summer,1,0,2022-02-04,14:00:00,Factory_B,Industrial_Zone,Night,42.0,Junior,Yes,30.49,23.95,77.28,2.21,1830.73,14,235,3.91,0,On,68.38,0,being      a m  on the    th block of nv      ob    at the moment that messrs  and roger  injured   cleaned the   th drill of the radial mesh that was in an inclined shape in the right gable  moment that detaches fragments of rock of  x x  cm  impacting the shoulder,other,266,49,0.9033333333333333,High Risk,Perform comprehensive industrial safety inspection.
2017-01-24,Country_02,Local_05,Metals,I,III,Male,Third Party (Remote),Fall,"Employee was transiting the GRS area when he came to slip, suffering a twist in his left knee.",2017,1,24,Tuesday,4,Summer,1,0,2023-05-05,08:30:00,Factory_D,Urban,Day,26.0,Junior,Yes,33.09,25.94,79.06,4.18,1982.24,16,247,8.41,2,Off,70.31,0,employee was transiting the grs area when he came to slip  suffering a twist in his left knee,fall_slip,93,18,0.9333333333333333,High Risk,"Improve floor traction, housekeeping, and PPE compliance."
2017-01-24,Country_03,Local_10,Others,I,I,Male,Third Party,Venomous Animals,"On 01/24/2017, at 12:25 a.m., during the activity of collecting soil, the collaborator Milton ran into a branch and was attacked by maribondos. He was bitten twice in the head. No pain, swelling and no allergic symptoms continued with their activities.",2017,1,24,Tuesday,4,Summer,1,0,2021-01-23,22:00:00,Factory_D,Rural,Night,21.0,Junior,No,30.41,22.95,47.72,1.67,2711.72,7,230,3.08,1,Off,57.12,0,on             at       a m   during the activity of collecting soil  the collaborator milton ran into a branch and was attacked by maribondos  he was bitten twice in the head  no pain  swelling and no allergic symptoms continued with their activities,other,251,40,0.9533333333333334,High Risk,Perform comprehensive industrial safety inspection.
2017-01-25,Country_01,Local_03,Mining,V,VI,Male,Third Party,remains of choco,"During the process of loading drills in the Carmen pit of level 3450, the operator positions the basket of the anfo loader 186 equipment at a height of 3m from the floor to carry out the loading of the production drills; At this moment, a stone slab of 1.4x0.7x0.2 m is detached from the front of the pit, which is tilted and lodged inside the basket, trapping the right leg of the collaborator.",2017,1,25,Wednesday,4,Summer,5,1,2022-12-15,12:15:00,Factory_B,Urban,Night,20.0,Senior,No,18.4,18.83,40.57,0.72,1442.84,9,190,7.88,4,On,44.64,0,during the process of loading drills in the carmen pit of level       the operator positions the basket of the anfo loader     equipment at a height of  m from the floor to carry out the loading of the production drills  at this moment  a stone slab of    x   x    m is detached from the front of the pit  which is tilted and lodged inside the basket  trapping the right leg of the collaborator,"equipment_failure, human_error",394,72,0.8433333333333334,High Risk,Increase preventive maintenance frequency and install predictive sensor monitoring systems.
2017-01-29,Country_01,Local_01,Mining,I,III,Male,Third Party,Vehicles and Mobile Equipment,"In circumstances that the tipper MV-01 of the EE Mceisa, moved of the Nv. 3120 to Nv. 3300, the operator sees a congestion of equipment in front of his unit in the Ramp 990 - at a distance of 80 meters. of access to the Nv. 3300, which is why he decides to get off the cab by turning off his vehicle, when suddenly he slides off the second rung that is 0.70 m from the ground, hitting the right forearm region against the fender and the same rung.",2017,1,29,Sunday,4,Summer,1,0,2021-08-11,11:15:00,Factory_D,Urban,Day,44.0,Senior,Yes,21.74,21.56,37.43,1.93,3631.16,2,228,7.73,2,On,39.18,0,in circumstances that the tipper mv    of the ee mceisa  moved of the nv       to nv        the operator sees a congestion of equipment in front of his unit in the ramp       at a distance of    meters  of access to the nv        which is why he decides to get off the cab by turning off his vehicle  when suddenly he slides off the second rung that is      m from the ground  hitting the right forearm region against the fender and the same rung,"equipment_failure, human_error",446,82,0.9133333333333333,High Risk,Increase preventive maintenance frequency and install predictive sensor monitoring systems.
2017-01-28,Country_01,Local_01,Mining,I,III,Male,Employee,Vehicles and Mobile Equipment,"At the moment of entering through the mouth of Tunel 3600, the employee moves on the left side of the locomotive LT-18 (locomotive of personnel transfer that was stationed at the entrance of the mouth) without noticing the protruding abutment of said locomotive at the bottom hitting his right knee with the metal stirrup. It should be noted that the operator continued his duties during the watch without reporting what happened. At 2:30 a.m. The extraction supervisor, upon noticing the discomfort of his partner in the knee, immediately evacuated him to Natclar after reporting to the control center.",2017,1,28,Saturday,4,Summer,1,0,2023-03-19,08:15:00,Factory_B,Urban,Day,49.0,Junior,No,33.36,29.68,42.27,1.64,1336.02,14,187,2.53,1,Off,67.6,0,at the moment of entering through the mouth of tunel       the employee moves on the left side of the locomotive lt     locomotive of personnel transfer that was stationed at the entrance of the mouth  without noticing the protruding abutment of said locomotive at the bottom hitting his right knee with the metal stirrup  it should be noted that the operator continued his duties during the watch without reporting what happened  at      a m  the extraction supervisor  upon noticing the discomfort of his partner in the knee  immediately evacuated him to natclar after reporting to the control center,human_error,602,97,0.86,High Risk,Conduct advanced worker safety training and strengthen operational supervision.
2017-01-31,Country_02,Local_08,Metals,I,III,Male,Employee,Others,"During the assembly activity of polypropylene pipe with 4 ""diameter, the employee stepped on the pipe flange, it twisted his right foot.",2017,1,31,Tuesday,5,Summer,1,0,2021-01-30,21:15:00,Factory_D,Industrial_Zone,Day,12.0,Senior,No,28.69,24.07,52.97,2.63,2823.85,13,287,6.57,3,Off,69.87,0,during the assembly activity of polypropylene pipe with    diameter  the employee stepped on the pipe flange  it twisted his right foot,other,135,21,0.95,High Risk,Perform comprehensive industrial safety inspection.
2017-01-31,Country_01,Local_01,Mining,I,IV,Male,Employee,Vehicles and Mobile Equipment,"Upon entering the mine interior; the bodeguero is located only in the litorina N ° 13, last of the convoy; during its displacement, the litorina derails and advances approximately 15 meters; it is when the operator observes this event and before entering through the entrance gate paralyzes the displacement of the convoy. The winemaker had his full EPPs on.",2017,1,31,Tuesday,5,Summer,1,0,2022-09-29,19:45:00,Factory_B,Industrial_Zone,Night,24.0,Senior,Yes,16.68,16.86,62.7,3.63,1494.95,10,44,4.52,3,On,22.54,0,upon entering the mine interior  the bodeguero is located only in the litorina n       last of the convoy  during its displacement  the litorina derails and advances approximately    meters  it is when the operator observes this event and before entering through the entrance gate paralyzes the displacement of the convoy  the winemaker had his full epps on,human_error,357,56,0.9333333333333333,High Risk,Conduct advanced worker safety training and strengthen operational supervision.
2017-02-01,Country_03,Local_10,Others,I,II,Male,Third Party,Projection/Choco,"On 01/02/2017, at 10:15 a.m., when performing the Soil activity, the collaborator Alex used a pickaxe to assist in the opening of the collection hole. As he struck the ferranta on the ground, he had a fragment of rock projected on his forehead causing a small cut. The activity was paralyzed for a few moments and it was not necessary to go to the doctor, the employee continued the activities normally.",2017,2,1,Wednesday,5,Summer,1,0,2022-06-06,23:00:00,Factory_C,Urban,Day,15.0,Senior,No,29.4,26.19,54.66,4.83,2053.82,15,209,6.84,2,On,60.62,0,on             at       a m   when performing the soil activity  the collaborator alex used a pickaxe to assist in the opening of the collection hole  as he struck the ferranta on the ground  he had a fragment of rock projected on his forehead causing a small cut  the activity was paralyzed for a few moments and it was not necessary to go to the doctor  the employee continued the activities normally,other,402,70,0.7866666666666666,High Risk,Perform comprehensive industrial safety inspection.
2017-02-04,Country_02,Local_02,Mining,I,III,Male,Employee,Manual Tools,Employee was performing drilling activity with the LM17 probe at level 585 GPS and when positioning the needle stem came to hit the left hand ring finger against the retraction box causing superficial injury.,2017,2,4,Saturday,5,Summer,1,0,2023-09-09,00:45:00,Factory_C,Urban,Night,19.0,Senior,No,21.31,18.01,64.05,0.02,1959.17,8,116,4.25,4,On,34.92,0,employee was performing drilling activity with the lm   probe at level     gps and when positioning the needle stem came to hit the left hand ring finger against the retraction box causing superficial injury,other,207,33,0.9566666666666667,High Risk,Perform comprehensive industrial safety inspection.
2017-02-05,Country_03,Local_10,Others,I,II,Male,Employee,Others,"On 05/02/2017, at 10:40 p.m., when performing geological mapping activity, the geologist Manoel da Silva accompanied by the geologists Luciano dos Santos and Dayme had to make the crossing to the other side of a fence barbed wire, known in the region as a goat. It is a fence that from the base up to about 60cm in height is made by rods interlaced horizontally and upwards made with little barbed wire barbed, around 15 to 20cm. I jumped on the fence, and still on the fence I managed to ""sweep"" the vegetation with the left foot but even so while supporting the foot on the ground a stump of approximately 10cm x 1cm came to break the sole of the boot and cause the perforation in the left foot at the height of the fingers.",2017,2,5,Sunday,5,Summer,1,0,2023-07-30,08:00:00,Factory_B,Industrial_Zone,Night,40.0,Junior,Yes,28.56,24.98,76.13,1.19,3750.05,12,239,5.24,3,On,60.66,0,on             at       p m   when performing geological mapping activity  the geologist manoel da silva accompanied by the geologists luciano dos santos and dayme had to make the crossing to the other side of a fence barbed wire  known in the region as a goat  it is a fence that from the base up to about   cm in height is made by rods interlaced horizontally and upwards made with little barbed wire barbed  around    to   cm  i jumped on the fence  and still on the fence i managed to  sweep  the vegetation with the left foot but even so while supporting the foot on the ground a stump of approximately   cm x  cm came to break the sole of the boot and cause the perforation in the left foot at the height of the fingers,other,725,134,0.9133333333333333,High Risk,Perform comprehensive industrial safety inspection.
2017-02-07,Country_01,Local_04,Mining,I,II,Male,Third Party,Others,"The collaborator completed the misalignment of the nut on the left side of the chute scraper of strip No. 9-2, when he gets up he turns and hits the head guard with the railing, hitting the lenses generating the injury.",2017,2,7,Tuesday,6,Summer,1,0,2022-02-05,16:45:00,Factory_D,Industrial_Zone,Day,38.0,Senior,Yes,28.44,21.54,52.2,4.92,2216.99,13,218,5.79,1,On,58.73,0,the collaborator completed the misalignment of the nut on the left side of the chute scraper of strip no       when he gets up he turns and hits the head guard with the railing  hitting the lenses generating the injury,fall_slip,218,39,0.9033333333333333,High Risk,"Improve floor traction, housekeeping, and PPE compliance."
2017-02-07,Country_01,Local_03,Mining,II,V,Male,Employee,remains of choco,"In Level 2900 - OP 5 the worker performed the chuteo ore from the hopper to the second car, perceived a slip of water and mud through the hopper, decided to leave the platform and when he was already down the second rung of the ladder of access, the water increases and a fragment of rock slides and hits the back of the worker causing it to fall and hit the right forearm and left knee.",2017,2,7,Tuesday,6,Summer,2,0,2021-09-01,00:00:00,Factory_B,Industrial_Zone,Night,33.0,Senior,No,22.23,17.26,74.81,1.55,3796.5,10,90,8.21,3,On,32.55,0,in level        op   the worker performed the chuteo ore from the hopper to the second car  perceived a slip of water and mud through the hopper  decided to leave the platform and when he was already down the second rung of the ladder of access  the water increases and a fragment of rock slides and hits the back of the worker causing it to fall and hit the right forearm and left knee,"human_error, fall_slip",386,73,0.81,High Risk,Conduct advanced worker safety training and strengthen operational supervision.
2017-02-08,Country_02,Local_08,Metals,I,II,Female,Third Party,Others,"During the preparation for the office cleaning activity, the employee made use of the stair railing, it had contact with the clamp used to lock the signaling board.",2017,2,8,Wednesday,6,Summer,1,0,2023-06-24,11:45:00,Factory_D,Rural,Day,25.0,Junior,No,28.5,24.38,63.9,3.03,1042.44,4,8,0.99,1,On,39.96,0,during the preparation for the office cleaning activity  the employee made use of the stair railing  it had contact with the clamp used to lock the signaling board,other,163,28,0.95,High Risk,Perform comprehensive industrial safety inspection.
2017-02-08,Country_02,Local_08,Metals,I,I,Male,Third Party (Remote),Pressed,"During the activity for packaging the cylindrical piece on the easel, the employee carried the pieces to the designated place where he had his finger pressed between the metal pieces that were being moved.",2017,2,8,Wednesday,6,Summer,1,0,2021-02-11,12:45:00,Factory_D,Rural,Day,6.0,Senior,No,28.36,24.71,42.7,2.39,2710.76,12,250,9.3,1,On,62.48,0,during the activity for packaging the cylindrical piece on the easel  the employee carried the pieces to the designated place where he had his finger pressed between the metal pieces that were being moved,other,204,34,0.91,High Risk,Perform comprehensive industrial safety inspection.
2017-02-08,Country_01,Local_04,Mining,II,III,Male,Third Party,Cut,The injured collaborator and one of his colleagues wanted to move a rim of a scoop tire for which using their own strength they threw the rim to the floor to make it roll and in that instant the eyelash hits the fifth finger of the right hand against the ring producing the injury.,2017,2,8,Wednesday,6,Summer,2,0,2022-09-06,05:45:00,Factory_D,Rural,Night,19.0,Junior,No,15.44,216.17,58.98,3.43,1017.7,9,317,8.03,0,On,42.95,0,the injured collaborator and one of his colleagues wanted to move a rim of a scoop tire for which using their own strength they threw the rim to the floor to make it roll and in that instant the eyelash hits the fifth finger of the right hand against the ring producing the injury,other,280,54,0.7033333333333334,High Risk,Perform comprehensive industrial safety inspection.
2017-02-08,Country_01,Local_06,Metals,I,III,Male,Employee,Machine Protection,"When averaging 04:30 am, the operator Daniel removed cleaning accessories under the mobile channel of line 01, for which he supported his left hand on the rail that was in motion. At that moment the crushing of the 2nd finger of the left hand occurs; the injury occurs. The collaborator is referred to the Medical for care.",2017,2,8,Wednesday,6,Summer,1,0,2021-08-22,07:45:00,Factory_B,Urban,Day,9.0,Junior,No,13.65,20.17,55.18,0.34,3678.16,18,191,7.44,3,On,28.24,0,when averaging       am  the operator daniel removed cleaning accessories under the mobile channel of line     for which he supported his left hand on the rail that was in motion  at that moment the crushing of the  nd finger of the left hand occurs  the injury occurs  the collaborator is referred to the medical for care,human_error,322,55,0.8166666666666667,High Risk,Conduct advanced worker safety training and strengthen operational supervision.
2017-02-08,Country_01,Local_06,Metals,I,I,Male,Third Party (Remote),Manual Tools,"Performing carpentry work, the collaborator hit the second finger of the left hand with the hammer, which he held with his right hand, causing a bruise at the height of the nail. The evaluation was carried out at the medical center of the unit, the final diagnosis being contusion on the finger.",2017,2,8,Wednesday,6,Summer,1,0,2023-11-03,16:30:00,Factory_B,Rural,Day,32.0,Junior,Yes,13.62,19.15,38.37,2.02,2998.35,10,347,5.35,3,On,41.51,0,performing carpentry work  the collaborator hit the second finger of the left hand with the hammer  which he held with his right hand  causing a bruise at the height of the nail  the evaluation was carried out at the medical center of the unit  the final diagnosis being contusion on the finger,other,294,52,0.9566666666666667,High Risk,Perform comprehensive industrial safety inspection.
2017-02-13,Country_02,Local_05,Metals,I,IV,Male,Employee,Projection,"During the maintenance of the peristaltic pump 02BP0166 to change the internal hose, the rupture tubing of the reserve pump 02BP0167 ruptured after it started to operate, designing solution heated towards the employee, reaching his left forearm causing irritation in the skin.",2017,2,13,Monday,7,Summer,1,0,2023-01-02,23:45:00,Factory_D,Urban,Day,5.0,Senior,No,21.06,16.58,64.55,1.37,3640.22,19,221,4.57,2,On,42.26,0,during the maintenance of the peristaltic pump   bp     to change the internal hose  the rupture tubing of the reserve pump   bp     ruptured after it started to operate  designing solution heated towards the employee  reaching his left forearm causing irritation in the skin,equipment_failure,275,42,0.7466666666666667,High Risk,Increase preventive maintenance frequency and install predictive sensor monitoring systems.
2017-02-14,Country_01,Local_03,Mining,IV,V,Male,Third Party,Pressed,"In the Nv. 3370, CX 212 - South, when the Mechanic loosens a through bolt of the intermediate cardan protector of the Dumper 01, the protector is released and imprisons the first finger of the left hand against the connector of the hydraulic steering cylinder (Position 2) .",2017,2,14,Tuesday,7,Summer,4,1,2023-01-01,02:45:00,Factory_B,Industrial_Zone,Day,43.0,Junior,No,28.38,23.12,58.26,3.68,2939.24,1,276,3.17,1,Off,56.94,0,in the nv        cx       south  when the mechanic loosens a through bolt of the intermediate cardan protector of the dumper     the protector is released and imprisons the first finger of the left hand against the connector of the hydraulic steering cylinder  position,other,269,42,0.7766666666666666,High Risk,Perform comprehensive industrial safety inspection.
2017-02-15,Country_03,Local_10,Others,I,I,Male,Third Party,Venomous Animals,"On 02/15/2017 at 3:27 pm, when performing the Magnetometric using GPS, the collaborator Antônio bumped the top of the field hat on a branch and was attacked by maribondos. He was bitten behind the ear and another on the shoulder, but he continued his activity because he felt no pain or swelling.",2017,2,15,Wednesday,7,Summer,1,0,2022-03-02,04:30:00,Factory_B,Urban,Night,14.0,Senior,No,33.75,28.31,42.51,2.09,2007.47,6,216,1.67,3,On,62.19,0,on            at      pm  when performing the magnetometric using gps  the collaborator ant nio bumped the top of the field hat on a branch and was attacked by maribondos  he was bitten behind the ear and another on the shoulder  but he continued his activity because he felt no pain or swelling,other,295,51,0.9333333333333333,High Risk,Perform comprehensive industrial safety inspection.
2017-02-16,Country_01,Local_03,Mining,I,II,Female,Third Party (Remote),Fall,"By averaging 8:23 am at the offices of Ajani, Liliana prepares to store folders in the warehouse, to go to the place it comes out of the iglu, when going down the two steps it does so diagonally so it sits the left foot on the edge of the second step causing the foot to bend Left inward, it stabilizes quickly avoiding falling to the ground.",2017,2,16,Thursday,7,Summer,1,0,2022-04-20,05:15:00,Factory_C,Rural,Night,8.0,Senior,Yes,33.11,26.8,31.11,4.57,1763.17,19,69,4.9,4,On,56.51,0,by averaging      am at the offices of ajani  liliana prepares to store folders in the warehouse  to go to the place it comes out of the iglu  when going down the two steps it does so diagonally so it sits the left foot on the edge of the second step causing the foot to bend left inward  it stabilizes quickly avoiding falling to the ground,fall_slip,341,65,0.9166666666666666,High Risk,"Improve floor traction, housekeeping, and PPE compliance."
2017-02-17,Country_01,Local_04,Mining,I,III,Male,Third Party,Projection/Manual Tools,"the moment of extracting the bolts of the CHUCK of rotation unit VSD 01; in the instant that is made hits with the rope of 6Lbs. the base of the support bolts, a fragment of the metal structure is projected, impacting the face of the mechanic Freddy the described injury.",2017,2,17,Friday,7,Summer,1,0,2021-07-26,13:30:00,Factory_D,Urban,Day,14.0,Senior,Yes,27.67,23.73,47.25,2.14,3046.62,7,303,0.32,1,On,63.76,0,the moment of extracting the bolts of the chuck of rotation unit vsd     in the instant that is made hits with the rope of  lbs  the base of the support bolts  a fragment of the metal structure is projected  impacting the face of the mechanic freddy the described injury,other,270,49,0.9266666666666666,High Risk,Perform comprehensive industrial safety inspection.
2017-02-17,Country_01,Local_01,Mining,I,III,Male,Employee,Chemical substances,"Once the painting of the pumping pipe has been completed, the person involved involuntarily touches his face, with his hand (with gloves) full of paint, and to clean himself he makes use of a dry industrial cloth and begins to rub his face, for a period of time from 30 to 40 seconds continuously, until finally the paint on the face is cleaned, this friction generates the described injury.",2017,2,17,Friday,7,Summer,1,0,2021-07-01,13:15:00,Factory_D,Industrial_Zone,Night,12.0,Senior,Yes,27.55,19.0,58.23,4.73,2760.95,2,265,4.24,2,On,56.96,0,once the painting of the pumping pipe has been completed  the person involved involuntarily touches his face  with his hand  with gloves  full of paint  and to clean himself he makes use of a dry industrial cloth and begins to rub his face  for a period of time from    to    seconds continuously  until finally the paint on the face is cleaned  this friction generates the described injury,equipment_failure,390,67,0.92,High Risk,Increase preventive maintenance frequency and install predictive sensor monitoring systems.
2017-02-17,Country_01,Local_01,Mining,I,IV,Male,Third Party,Projection,"At the conclusion of the unloading of ore with the AMP-819 plate tipper, in the pit 01, the driver notices that a stretch of support mesh is stuck in the hopper hatch; then the driver gets off his equipment (with the hopper lifted) to remove with his hands this mesh, when generating force, fine particles of rock fall and one of them is impregnated in the eye of the injured. At the time of the incident, the injured person used his measuring glasses and did not have any surcharges.",2017,2,17,Friday,7,Summer,1,0,2021-03-13,19:15:00,Factory_C,Industrial_Zone,Night,30.0,Senior,Yes,35.01,30.23,47.54,2.37,3952.81,10,176,8.24,4,Off,70.19,0,at the conclusion of the unloading of ore with the amp     plate tipper  in the pit     the driver notices that a stretch of support mesh is stuck in the hopper hatch  then the driver gets off his equipment  with the hopper lifted  to remove with his hands this mesh  when generating force  fine particles of rock fall and one of them is impregnated in the eye of the injured  at the time of the incident  the injured person used his measuring glasses and did not have any surcharges,"equipment_failure, fall_slip",483,88,0.86,High Risk,Increase preventive maintenance frequency and install predictive sensor monitoring systems.
2017-02-23,Country_01,Local_04,Mining,IV,IV,Male,Third Party,Vehicles and Mobile Equipment,"Mr. Walter was putting his tools in the hopper of the Atlas truck that was parked on the cruise 320 of Level 1850 OB2B, then the mining operations van arrived driven by Engineer parked behind the truck of Atlas to approximately 3 meters and without having placed the safety block went to request the data of the drilling, later the assistant of the SIMBA 04 opened the gate, dropping the bit into the hopper of the mine truck and untimely the vehicle He moved forward, pinning the mechanic's right leg.",2017,2,23,Thursday,8,Summer,4,1,2023-04-13,09:15:00,Factory_B,Industrial_Zone,Day,29.0,Junior,No,36.82,30.3,61.9,3.66,3737.0,2,35,7.49,2,On,53.57,0,mr  walter was putting his tools in the hopper of the atlas truck that was parked on the cruise     of level      ob b  then the mining operations van arrived driven by engineer parked behind the truck of atlas to approximately   meters and without having placed the safety block went to request the data of the drilling  later the assistant of the simba    opened the gate  dropping the bit into the hopper of the mine truck and untimely the vehicle he moved forward  pinning the mechanic s right leg,other,501,88,0.71,High Risk,Perform comprehensive industrial safety inspection.
2017-02-23,Country_02,Local_07,Mining,I,III,Male,Third Party (Remote),Venomous Animals,"During the transport of pieces of wood with the aid of a wheelbarrow, the employee felt a prick in the right leg, at that moment stopped the activity, removed the leggings and when shaking the pants noticed that it was a small scorpion.",2017,2,23,Thursday,8,Summer,1,0,2022-05-09,01:15:00,Factory_B,Rural,Day,31.0,Senior,No,32.28,26.5,39.34,3.25,1710.36,17,246,7.83,2,On,67.02,0,during the transport of pieces of wood with the aid of a wheelbarrow  the employee felt a prick in the right leg  at that moment stopped the activity  removed the leggings and when shaking the pants noticed that it was a small scorpion,other,235,43,0.93,High Risk,Perform comprehensive industrial safety inspection.
2017-02-25,Country_01,Local_01,Mining,IV,IV,Male,Third Party (Remote),Fall,"During the mining cycle at the Chimney 410; before starting with the drilling work to anchor the lane of the alimak system, the collaborator squat to pick up a manual tool that is on the platform; it is at this moment that the jackleg team loses its position and projects towards the back of the collaborator generating the injury.",2017,2,25,Saturday,8,Summer,4,1,2021-02-05,19:00:00,Factory_D,Urban,Night,47.0,Senior,Yes,31.72,27.1,68.03,1.22,1646.61,6,106,2.07,0,On,52.99,0,during the mining cycle at the chimney      before starting with the drilling work to anchor the lane of the alimak system  the collaborator squat to pick up a manual tool that is on the platform  it is at this moment that the jackleg team loses its position and projects towards the back of the collaborator generating the injury,human_error,330,58,0.7,High Risk,Conduct advanced worker safety training and strengthen operational supervision.
2017-02-25,Country_01,Local_01,Mining,I,III,Male,Employee,Projection,"In the support process, in circumstances that the assistant performs the Last cut in the transverse length of the mesh; The mesh generates a movement towards the operator and hits the face causing the described injury.",2017,2,25,Saturday,8,Summer,1,0,2023-02-13,20:30:00,Factory_B,Industrial_Zone,Night,46.0,Junior,No,33.39,27.93,61.75,0.09,2357.14,1,112,2.39,4,On,57.08,0,in the support process  in circumstances that the assistant performs the last cut in the transverse length of the mesh  the mesh generates a movement towards the operator and hits the face causing the described injury,human_error,217,36,0.8966666666666666,High Risk,Conduct advanced worker safety training and strengthen operational supervision.
2017-02-26,Country_02,Local_07,Mining,I,IV,Male,Employee,Fall prevention,"The employee was descending the ladder after inspection of the milling cyclones, which gives access to the floor behind the mill 10 by platform # ISC-MG26 when the floor gave way and it fell from a height of approximately 1 meter and 70 meters (there is material / ore below the platform, decreasing the height of the fall impact).",2017,2,26,Sunday,8,Summer,1,0,2021-07-25,14:30:00,Factory_A,Industrial_Zone,Night,35.0,Senior,Yes,19.67,19.96,50.65,0.18,3086.99,16,71,9.56,4,On,35.92,0,the employee was descending the ladder after inspection of the milling cyclones  which gives access to the floor behind the mill    by platform   isc mg   when the floor gave way and it fell from a height of approximately   meter and    meters  there is material   ore below the platform  decreasing the height of the fall impact,fall_slip,329,55,0.9433333333333334,High Risk,"Improve floor traction, housekeeping, and PPE compliance."
2017-02-27,Country_01,Local_03,Mining,II,IV,Male,Third Party,remains of choco,"In the area of ​​Lloclla 50 meters from the sub-station Nro 4, under circumstances that the worker was preparing to pick up the rope from the floor, several fragments of rock slide down the slope of the hill, one of the 5 cm fragments of Diameter approximately impacts the face of the worker producing the aforementioned injury",2017,2,27,Monday,9,Summer,2,0,2021-11-17,06:30:00,Factory_C,Urban,Night,42.0,Junior,Yes,16.55,19.61,45.33,0.95,3138.34,5,198,9.05,2,Off,33.87,0,in the area of   lloclla    meters from the sub station nro    under circumstances that the worker was preparing to pick up the rope from the floor  several fragments of rock slide down the slope of the hill  one of the   cm fragments of diameter approximately impacts the face of the worker producing the aforementioned injury,human_error,327,55,0.8666666666666667,High Risk,Conduct advanced worker safety training and strengthen operational supervision.
2017-02-27,Country_02,Local_02,Mining,III,IV,Male,Employee,Others,"When performing cleaning activity of the area near the 042-TC-06 - Grinding the employee was handling a block of triangular shaped rock measuring (b = 53cm x h = 42cm x e = 12cm). During the movement, he lost his balance by falling with the rock on the thumb of his left hand, injuring him.",2017,2,27,Monday,9,Summer,3,0,2022-05-30,08:15:00,Factory_C,Industrial_Zone,Night,26.0,Junior,No,34.27,22.98,62.22,4.38,1941.14,10,137,3.1,2,Off,55.22,0,when performing cleaning activity of the area near the     tc      grinding the employee was handling a block of triangular shaped rock measuring  b     cm x h     cm x e     cm   during the movement  he lost his balance by falling with the rock on the thumb of his left hand  injuring him,fall_slip,289,51,0.7733333333333333,High Risk,"Improve floor traction, housekeeping, and PPE compliance."
2017-03-01,Country_01,Local_06,Metals,I,I,Male,Third Party (Remote),Others,"When carrying out refractory brick chopping activities, in order to place the support of the bus bar in section 70, a particle is detached, hitting the assistant's right arm that was one meter away from the work area, provoking him a wound in the arm, was treated at the medical center and returned to his usual duties.",2017,3,1,Wednesday,9,Autumn,1,0,2022-05-20,05:00:00,Factory_C,Urban,Night,18.0,Senior,No,33.46,30.39,49.13,2.32,3996.05,14,226,6.44,0,Off,68.41,0,when carrying out refractory brick chopping activities  in order to place the support of the bus bar in section     a particle is detached  hitting the assistant s right arm that was one meter away from the work area  provoking him a wound in the arm  was treated at the medical center and returned to his usual duties,other,318,57,0.8566666666666667,High Risk,Perform comprehensive industrial safety inspection.
2017-03-02,Country_03,Local_10,Others,I,I,Male,Third Party,Venomous Animals,"On 02/03/17 during the soil sampling in the region of Sta. the employees Rafael and Danillo da Silva were attacked by a bee test. They rushed away from the place, but the employee Rafael took 4 bites, one on the chin, one on the chest, one on the neck and one on the hand over the glove. The employee took 4 bites, one in his hand over his glove and the other in the head, and the employee Danillo took 2 bites in the left arm over his uniform. At first no one sketched allergy, just swelling at the sting site. The activity was stopped to evaluate the site, after verifying that the test had remained in the line, they left the site.",2017,3,2,Thursday,9,Autumn,1,0,2022-07-17,23:15:00,Factory_A,Industrial_Zone,Night,30.0,Junior,No,24.86,22.33,75.97,2.37,2442.3,19,101,9.77,2,On,46.01,0,on          during the soil sampling in the region of sta  the employees rafael and danillo da silva were attacked by a bee test  they rushed away from the place  but the employee rafael took   bites  one on the chin  one on the chest  one on the neck and one on the hand over the glove  the employee took   bites  one in his hand over his glove and the other in the head  and the employee danillo took   bites in the left arm over his uniform  at first no one sketched allergy  just swelling at the sting site  the activity was stopped to evaluate the site  after verifying that the test had remained in the line  they left the site,other,633,119,0.9,High Risk,Perform comprehensive industrial safety inspection.
2017-03-02,Country_03,Local_10,Others,I,I,Male,Third Party,Venomous Animals,"On 02/03/17 during the soil sampling in the region of Sta. the employees Rafael and Danillo da Silva were attacked by a bee test. They rushed away from the place, but the employee Rafael took 4 bites, one on the chin, one on the chest, one on the neck and one on the hand over the glove. The employee took 4 bites, one in his hand over his glove and the other in the head, and the employee Danillo took 2 bites in the left arm over his uniform. At first no one sketched allergy, just swelling at the sting site. The activity was stopped to evaluate the site, after verifying that the test had remained in the line, they left the site.",2017,3,2,Thursday,9,Autumn,1,0,2023-10-17,16:00:00,Factory_C,Industrial_Zone,Day,41.0,Senior,No,15.4,16.36,47.05,1.26,3726.72,7,211,8.7,0,On,29.61,0,on          during the soil sampling in the region of sta  the employees rafael and danillo da silva were attacked by a bee test  they rushed away from the place  but the employee rafael took   bites  one on the chin  one on the chest  one on the neck and one on the hand over the glove  the employee took   bites  one in his hand over his glove and the other in the head  and the employee danillo took   bites in the left arm over his uniform  at first no one sketched allergy  just swelling at the sting site  the activity was stopped to evaluate the site  after verifying that the test had remained in the line  they left the site,other,633,119,0.93,High Risk,Perform comprehensive industrial safety inspection.
2017-03-04,Country_02,Local_02,Mining,I,V,Male,Employee,Vehicles and Mobile Equipment,"The employee, who was hitchhiking, on the CEP 403 truck, equipment, he crossed the central canterio of the track to catch the key of the wheel loader with another operator who was stopped in the opposite direction. Upon returning to the truck, it was hit in the arm left by the loader tire that was traveling along the road and passed the CEP-403 on the right.",2017,3,4,Saturday,9,Autumn,1,0,2021-02-28,08:00:00,Factory_D,Urban,Day,13.0,Junior,No,29.44,23.9,32.85,1.11,3590.98,13,174,1.55,4,On,52.95,0,the employee  who was hitchhiking  on the cep     truck  equipment  he crossed the central canterio of the track to catch the key of the wheel loader with another operator who was stopped in the opposite direction  upon returning to the truck  it was hit in the arm left by the loader tire that was traveling along the road and passed the cep     on the right,"equipment_failure, human_error",359,65,0.92,High Risk,Increase preventive maintenance frequency and install predictive sensor monitoring systems.
2017-03-06,Country_01,Local_04,Mining,I,III,Male,Third Party (Remote),Fall,"Being 5:40 pm approx. when the collaborator Mr. Duval (sampler), was preparing to change and remove the buckets from the pulp samples of the plant courier, he slipped and fell to the ground supporting himself with the right hand generating the lesion described.",2017,3,6,Monday,10,Autumn,1,0,2023-09-14,01:00:00,Factory_D,Urban,Day,46.0,Junior,No,21.42,22.74,36.82,3.25,3546.37,3,137,3.02,1,On,38.19,0,being      pm approx  when the collaborator mr  duval  sampler   was preparing to change and remove the buckets from the pulp samples of the plant courier  he slipped and fell to the ground supporting himself with the right hand generating the lesion described,fall_slip,260,42,0.8066666666666666,High Risk,"Improve floor traction, housekeeping, and PPE compliance."
2017-03-08,Country_03,Local_10,Others,I,I,Male,Third Party,Others,"On 08/03/2017 at 3:30 PM, when performing MAG activity, the employee Murilo da Silva, when moving in the acquisition line, came across a small drainage (approximately 40cm wide), with small gap. As he traversed the drainage, the employee rested his right foot on the ravine that came to rest, causing the right ankle to twist. Soon after the twisting, the activities were paralyzed and the employee was taken to the local hospital, where an x-ray was taken and an examination made by the physician. No serious injury was found, only a small swelling, then released to normal activities.",2017,3,8,Wednesday,10,Autumn,1,0,2023-08-29,14:45:00,Factory_C,Industrial_Zone,Night,36.0,Junior,No,18.52,19.7,59.46,0.54,2731.51,14,179,4.04,3,Off,40.55,0,on            at      pm  when performing mag activity  the employee murilo da silva  when moving in the acquisition line  came across a small drainage  approximately   cm wide   with small gap  as he traversed the drainage  the employee rested his right foot on the ravine that came to rest  causing the right ankle to twist  soon after the twisting  the activities were paralyzed and the employee was taken to the local hospital  where an x ray was taken and an examination made by the physician  no serious injury was found  only a small swelling  then released to normal activities,other,585,97,0.93,High Risk,Perform comprehensive industrial safety inspection.
2017-03-09,Country_01,Local_03,Mining,I,V,Male,Third Party,Vehicles and Mobile Equipment,"At Level 3970 (Before -100) When the F6M 801 license plate went from level 3570 to surface, when the pilot trying to locate his radio to answer a call from the concrete plant is distracted and crashes his vehicle against the left gable and the vehicle turns to the right side. When this happens, the copilot hits his right hand against a fragment of broken glass in the window on the right side of the vehicle.",2017,3,9,Thursday,10,Autumn,1,0,2022-03-01,15:00:00,Factory_A,Rural,Day,16.0,Senior,No,33.23,25.26,69.61,4.43,1113.44,18,168,5.36,4,Off,63.99,0,at level       before       when the f m     license plate went from level      to surface  when the pilot trying to locate his radio to answer a call from the concrete plant is distracted and crashes his vehicle against the left gable and the vehicle turns to the right side  when this happens  the copilot hits his right hand against a fragment of broken glass in the window on the right side of the vehicle,other,409,73,0.9233333333333333,High Risk,Perform comprehensive industrial safety inspection.
2017-03-09,Country_02,Local_05,Metals,I,III,Male,Third Party,Machine Protection,"Employee was performing maintenance on filter press, in the Filtration area (GRS). When he dismantled the hose clamp in a turning motion, he had contact with the burr of the tip of one of the screws that was exposed, causing him a cut in his glove and wound in the 3rd quirodactilo of the left hand.",2017,3,9,Thursday,10,Autumn,1,0,2022-04-22,04:30:00,Factory_A,Urban,Day,22.0,Senior,Yes,31.31,21.51,43.07,4.47,3406.5,10,270,9.43,2,Off,61.2,0,employee was performing maintenance on filter press  in the filtration area  grs   when he dismantled the hose clamp in a turning motion  he had contact with the burr of the tip of one of the screws that was exposed  causing him a cut in his glove and wound in the  rd quirodactilo of the left hand,other,298,56,0.9033333333333333,High Risk,Perform comprehensive industrial safety inspection.
2017-03-15,Country_03,Local_10,Others,I,I,Male,Third Party,Venomous Animals,"Team of the VMS Project performed soil collection on the Xixás target with 3 members. When the teams were moving from one collection point to another, Mr. Fabio was ahead of the team, stinging behind Robson and Manoel da Silva. near the collection point were surprised by a swarm of bees that was inside a I play near the ground, with no visibility in the woods and no hissing noise. Fabio passed by the stump, but Robson and Manoel da Silva were attacked by the bees. Robson had a sting in his left arm over his uniform and Manoel da Silva had a prick in his lip as his screen ripped as he tangled in the branches during the escape.",2017,3,15,Wednesday,11,Autumn,1,0,2022-08-12,10:45:00,Factory_A,Industrial_Zone,Night,21.0,Junior,Yes,20.32,14.56,71.05,4.34,3628.74,12,294,8.83,2,On,42.81,0,team of the vms project performed soil collection on the xix s target with   members  when the teams were moving from one collection point to another  mr  fabio was ahead of the team  stinging behind robson and manoel da silva  near the collection point were surprised by a swarm of bees that was inside a i play near the ground  with no visibility in the woods and no hissing noise  fabio passed by the stump  but robson and manoel da silva were attacked by the bees  robson had a sting in his left arm over his uniform and manoel da silva had a prick in his lip as his screen ripped as he tangled in the branches during the escape,other,632,120,0.74,High Risk,Perform comprehensive industrial safety inspection.
2017-03-15,Country_02,Local_08,Metals,II,IV,Female,Employee,Chemical substances,"During the preparation for the solubilization activity of the sample in the chapel, the maid when moving the vial of nitric acid, the same detached from the doser, causing projection in the region of the face and upper limbs.",2017,3,15,Wednesday,11,Autumn,2,0,2021-07-13,15:15:00,Factory_A,Rural,Night,48.0,Junior,No,25.4,20.34,43.57,2.19,1957.85,10,305,1.07,1,Off,58.03,0,during the preparation for the solubilization activity of the sample in the chapel  the maid when moving the vial of nitric acid  the same detached from the doser  causing projection in the region of the face and upper limbs,other,224,39,0.8166666666666667,High Risk,Perform comprehensive industrial safety inspection.
2017-03-25,Country_03,Local_10,Others,I,I,Male,Employee,Others,"The technician was doing the magnetometric survey when he stepped on a thorn. His reaction was to immediately retreat, losing his balance and so the magnetometer's antenna broke.",2017,3,25,Saturday,12,Autumn,1,0,2022-03-30,09:15:00,Factory_D,Rural,Day,31.0,Junior,Yes,37.62,26.29,67.83,0.73,3085.53,9,59,7.82,0,Off,51.46,0,the technician was doing the magnetometric survey when he stepped on a thorn  his reaction was to immediately retreat  losing his balance and so the magnetometer s antenna broke,other,177,29,0.9366666666666666,High Risk,Perform comprehensive industrial safety inspection.
2017-03-31,Country_02,Local_05,Metals,I,IV,Male,Third Party,Fall prevention,"Employee reports that he assisted the maintenance activity in Tower 09, in Electrolysis, when he stepped on the GRP grid (Polymer with Glass the floor moving, causing it to fall. The event took place in 3 stages: 1) Displacement and fall of the floor in the span when receiving the effort; 2) Employee fall to about 1.60m below the GRP floor, on the side of the gutter below the floor, supporting the structure; 3) Employee fall to the lower level, about 2.35m below the GRP floor.",2017,3,31,Friday,13,Autumn,1,0,2022-05-07,16:30:00,Factory_C,Rural,Night,8.0,Senior,No,29.26,21.75,41.9,0.92,3149.33,11,56,0.19,1,Off,40.17,0,employee reports that he assisted the maintenance activity in tower     in electrolysis  when he stepped on the grp grid  polymer with glass the floor moving  causing it to fall  the event took place in   stages     displacement and fall of the floor in the span when receiving the effort     employee fall to about     m below the grp floor  on the side of the gutter below the floor  supporting the structure     employee fall to the lower level  about     m below the grp floor,fall_slip,480,81,0.88,High Risk,"Improve floor traction, housekeeping, and PPE compliance."
2017-04-04,Country_02,Local_05,Metals,I,III,Male,Employee,Chemical substances,"Employee reports that he was supervising an activity in the Ustulation, near the Ball when a projection of hot humped dust from the upper floor reached his cervical (""neck"" region), causing a first degree burn.",2017,4,4,Tuesday,14,Autumn,1,0,2021-12-06,22:45:00,Factory_C,Urban,Night,7.0,Senior,Yes,22.09,21.74,74.15,2.65,1248.17,2,232,0.85,0,On,42.78,0,employee reports that he was supervising an activity in the ustulation  near the ball when a projection of hot humped dust from the upper floor reached his cervical   neck  region   causing a first degree burn,other,209,35,0.9733333333333334,High Risk,Perform comprehensive industrial safety inspection.
2017-04-05,Country_02,Local_05,Metals,I,IV,Male,Employee,Suspended Loads,Employee performed the task of hoisting big-bags containing waelz oxide and after performing several hoistings the employee suffered a low-voltage electric shock when contacting the hoist when attaching the handle of a big-bag on it.,2017,4,5,Wednesday,14,Autumn,1,0,2022-10-21,10:00:00,Factory_D,Rural,Night,32.0,Senior,No,11.22,14.99,72.21,1.52,1547.74,4,7,1.18,1,On,8.27,0,employee performed the task of hoisting big bags containing waelz oxide and after performing several hoistings the employee suffered a low voltage electric shock when contacting the hoist when attaching the handle of a big bag on it,electrical,232,38,0.9433333333333334,High Risk,Perform electrical safety audits and strengthen cable insulation inspections.
2017-04-07,Country_02,Local_02,Mining,I,III,Male,Third Party (Remote),Others,"Employee moved toward the structure of post 10, when it came to step in false, suffering twisting in the left ankle.",2017,4,7,Friday,14,Autumn,1,0,2021-12-19,09:00:00,Factory_D,Rural,Night,18.0,Junior,No,18.44,16.39,64.88,2.19,3165.22,2,220,9.19,0,Off,28.31,0,employee moved toward the structure of post     when it came to step in false  suffering twisting in the left ankle,other,115,20,0.9133333333333333,High Risk,Perform comprehensive industrial safety inspection.
2017-04-04,Country_03,Local_10,Others,I,I,Male,Third Party,Venomous Animals,"On 04/04/2017, around 13: 30hs, during the current sediment activity the collaborator Warley took a bee sting in the neck, the same was using the screen, but the bee entered the bottom of the screen . After the sting the team decided to leave the workplace due to the presence of other bees. The collaborator had no reaction and continued to work normally.",2017,4,4,Tuesday,14,Autumn,1,0,2021-07-14,21:45:00,Factory_C,Rural,Day,16.0,Junior,No,27.33,21.44,70.29,2.7,2008.37,6,11,4.14,0,On,35.15,0,on             around       hs  during the current sediment activity the collaborator warley took a bee sting in the neck  the same was using the screen  but the bee entered the bottom of the screen   after the sting the team decided to leave the workplace due to the presence of other bees  the collaborator had no reaction and continued to work normally,other,355,60,0.81,High Risk,Perform comprehensive industrial safety inspection.
2017-04-06,Country_01,Local_06,Metals,I,II,Male,Third Party,Others,"The industrial cleaning worker Cristian was performing the cleaning activity of the gutter, striking with a walls of the same, to remove the solid solution that is formed. In that At the moment the operator's hands slide and impact on the edge of the gutter, causing a blow on the little finger of the left hand.",2017,4,6,Thursday,14,Autumn,1,0,2021-02-05,15:00:00,Factory_D,Industrial_Zone,Day,24.0,Senior,No,28.18,20.35,36.22,0.52,2872.77,2,210,5.14,2,Off,53.33,0,the industrial cleaning worker cristian was performing the cleaning activity of the gutter  striking with a walls of the same  to remove the solid solution that is formed  in that at the moment the operator s hands slide and impact on the edge of the gutter  causing a blow on the little finger of the left hand,human_error,311,57,0.9633333333333334,High Risk,Conduct advanced worker safety training and strengthen operational supervision.
2017-04-07,Country_01,Local_03,Mining,I,IV,Male,Third Party,Fall prevention,"At level 3790 (formerly level -280), the hydraulic filling personnel performed the installation of 4 ""diameter HDPE pipe through the ventilation chimney with the help of a 4-yard scooptram that held and pushed the end of the pipe. pipe (100 meters in length). At that moment the pipe gets stuck on the edge of the chimney causing the pipe to form an arc at the height where the injured worker was, who signals with the light of his lamp to the operator of the scooptram to stop and when trying to retire from the line of fire, the worker loses balance by light contact with the pipe causing fall at the same level.",2017,4,7,Friday,14,Autumn,1,0,2023-10-05,20:00:00,Factory_B,Rural,Night,25.0,Senior,Yes,12.35,20.15,31.5,1.2,3158.36,2,185,9.04,3,Off,22.43,0,at level       formerly level        the hydraulic filling personnel performed the installation of    diameter hdpe pipe through the ventilation chimney with the help of a   yard scooptram that held and pushed the end of the pipe  pipe      meters in length   at that moment the pipe gets stuck on the edge of the chimney causing the pipe to form an arc at the height where the injured worker was  who signals with the light of his lamp to the operator of the scooptram to stop and when trying to retire from the line of fire  the worker loses balance by light contact with the pipe causing fall at the same level,"human_error, fire_explosion, fall_slip",613,109,0.9133333333333333,High Risk,Conduct advanced worker safety training and strengthen operational supervision.
2017-04-10,Country_02,Local_02,Mining,I,II,Male,Third Party,Chemical substances,"Employee to perform painting of the floor of the fuel tank area, he needed cleaning, and by pouring water-thinner on the floor, the bucket slipped out of his hand and the mixture projected onto his left shoulder and lower lip, causing redness and burning.",2017,4,10,Monday,15,Autumn,1,0,2021-01-04,03:15:00,Factory_B,Rural,Night,22.0,Junior,No,23.32,20.73,64.72,3.29,2224.1,17,251,0.07,2,Off,58.93,0,employee to perform painting of the floor of the fuel tank area  he needed cleaning  and by pouring water thinner on the floor  the bucket slipped out of his hand and the mixture projected onto his left shoulder and lower lip  causing redness and burning,fall_slip,254,45,0.8166666666666667,High Risk,"Improve floor traction, housekeeping, and PPE compliance."
2017-04-08,Country_03,Local_10,Others,I,I,Male,Third Party,Venomous Animals,"During the execution of the soil sampling task at the Potions area, around 1:15 pm, Luis - WCA, was opening with a machete and was bitten by a wasp on the back of his right hand, the same was using at the time of the incident all the EPIs needed for activity. The employee was evaluated by the technician who found it to be a mild and localized swelling wound. The employee reported that he did not feel any pain and that he could continue the activity.",2017,4,8,Saturday,14,Autumn,1,0,2022-04-17,05:00:00,Factory_B,Industrial_Zone,Night,47.0,Junior,No,34.93,26.98,75.11,2.31,1059.35,2,363,1.04,3,Off,73.92,0,during the execution of the soil sampling task at the potions area  around      pm  luis   wca  was opening with a machete and was bitten by a wasp on the back of his right hand  the same was using at the time of the incident all the epis needed for activity  the employee was evaluated by the technician who found it to be a mild and localized swelling wound  the employee reported that he did not feel any pain and that he could continue the activity,other,452,85,0.86,High Risk,Perform comprehensive industrial safety inspection.
2017-04-11,Country_01,Local_03,Mining,I,IV,Male,Third Party (Remote),Electrical Shock,"In the tower N ° 6 of the old 50 KV LT (disabled and de-energized and 90% dismantled) located in the city of Pasco, the last profiles of the base of the tower previously disassembled were cut, using oxyfuel equipment , at 11:45 am, the Proingcom security supervisor and the foreman, who were on the outside of the fenced area supervising the activity, indicate the stoppage of activities and evacuation to the refuge due to the orange alert indicated on the detector of storms. During the evacuation of the last 02 employees who were inside the fenced area, a loud sound was heard, provoking a fright, which caused the staff to throw themselves to the floor inside the area, then proceeded to leave the work area by his own means through the ladder. Apparently the loud sound would correspond to an electrical discharge in the cable guard that passes over the old towers.",2017,4,11,Tuesday,15,Autumn,1,0,2022-11-21,22:45:00,Factory_B,Rural,Day,24.0,Senior,No,15.0,16.25,49.19,3.76,3659.31,18,49,6.54,1,Off,22.68,0,in the tower n     of the old    kv lt  disabled and de energized and     dismantled  located in the city of pasco  the last profiles of the base of the tower previously disassembled were cut  using oxyfuel equipment   at       am  the proingcom security supervisor and the foreman  who were on the outside of the fenced area supervising the activity  indicate the stoppage of activities and evacuation to the refuge due to the orange alert indicated on the detector of storms  during the evacuation of the last    employees who were inside the fenced area  a loud sound was heard  provoking a fright  which caused the staff to throw themselves to the floor inside the area  then proceeded to leave the work area by his own means through the ladder  apparently the loud sound would correspond to an electrical discharge in the cable guard that passes over the old towers,"equipment_failure, electrical",870,147,0.8866666666666667,High Risk,Increase preventive maintenance frequency and install predictive sensor monitoring systems.
2017-04-11,Country_02,Local_07,Mining,I,II,Male,Third Party (Remote),Others,"At the end of the concreting activity, the employee turned off the concrete, and when rolling the handle to make the return of the equipment warehouse the same bumped the tip of the mangote in the inferior lip causing hematoma.",2017,4,11,Tuesday,15,Autumn,1,0,2022-11-16,15:30:00,Factory_D,Urban,Day,28.0,Junior,Yes,16.41,21.77,56.89,3.49,1154.69,14,231,7.55,1,On,48.4,0,at the end of the concreting activity  the employee turned off the concrete  and when rolling the handle to make the return of the equipment warehouse the same bumped the tip of the mangote in the inferior lip causing hematoma,equipment_failure,226,40,0.94,High Risk,Increase preventive maintenance frequency and install predictive sensor monitoring systems.
2017-04-13,Country_01,Local_01,Mining,I,II,Male,Employee,Others,"During the marking of the management points, the supervision and the breeders enter the work to carry out the ventilation inspection, for which the surveying work stops to turn on the fan and proceed with the air flow measurements. When the fan is turned on due to pressure, it breaks the fastening points of the toe and the sleeve falls to the floor generating a chicoteo from gable to gable, product of the chicoteo a fragment of the aggregate of the shocrete is projected on the face of the injured person producing the injury.",2017,4,13,Thursday,15,Autumn,1,0,2021-04-20,07:00:00,Factory_A,Rural,Night,18.0,Senior,No,31.74,26.27,66.89,0.15,1149.08,6,97,4.4,4,On,49.9,0,during the marking of the management points  the supervision and the breeders enter the work to carry out the ventilation inspection  for which the surveying work stops to turn on the fan and proceed with the air flow measurements  when the fan is turned on due to pressure  it breaks the fastening points of the toe and the sleeve falls to the floor generating a chicoteo from gable to gable  product of the chicoteo a fragment of the aggregate of the shocrete is projected on the face of the injured person producing the injury,fall_slip,529,94,0.8933333333333333,High Risk,"Improve floor traction, housekeeping, and PPE compliance."
2017-04-12,Country_03,Local_10,Others,I,I,Male,Third Party,Venomous Animals,"During the execution of the service of opening of pricked for the future works of IP, around 15:30, the employee Pedro second in the line of the equipment, was stung by a wasp in the right portion of the neck. The beetle, being of small size, was not seen by the employees in the bite, causing the employee's shock against the insects that were manifested. The employee used all the PPE's required for the activity to be developed. The bite occurred over the collar of the shirt and over the face shield. The technician responsible for performing the work evaluated the sting and, together with the injured employee, found that because it was a localized swelling and that there was no allergy, there would be no need to paralyze the activity, which it followed normally.",2017,4,12,Wednesday,15,Autumn,1,0,2021-03-05,13:30:00,Factory_A,Industrial_Zone,Day,5.0,Junior,Yes,30.26,26.78,52.04,0.43,3077.22,14,224,9.6,0,On,62.39,0,during the execution of the service of opening of pricked for the future works of ip  around        the employee pedro second in the line of the equipment  was stung by a wasp in the right portion of the neck  the beetle  being of small size  was not seen by the employees in the bite  causing the employee s shock against the insects that were manifested  the employee used all the ppe s required for the activity to be developed  the bite occurred over the collar of the shirt and over the face shield  the technician responsible for performing the work evaluated the sting and  together with the injured employee  found that because it was a localized swelling and that there was no allergy  there would be no need to paralyze the activity  which it followed normally,"equipment_failure, electrical",770,136,0.8866666666666667,High Risk,Increase preventive maintenance frequency and install predictive sensor monitoring systems.
2017-04-23,Country_01,Local_04,Mining,I,III,Male,Third Party,Others,"In moments that Mr. William carried out the inspection of the cut of the Block 781 Level 1850 OB6A, so that the loading platform could be realized, in instants that observed the drills positive radial ones that were covered and shotcreteados, he hears a noise from the upper part of the pit (detachments of banks at the center of the pit), to which Mr. William goes back to leave work, but his metatarsal boots makes contact with a rock that was on the floor which causes it to lose balance and stumble on the gable.",2017,4,23,Sunday,16,Autumn,1,0,2022-06-09,08:00:00,Factory_A,Urban,Day,40.0,Junior,Yes,26.89,22.07,42.74,0.22,3883.11,5,177,9.96,0,On,48.48,0,in moments that mr  william carried out the inspection of the cut of the block     level      ob a  so that the loading platform could be realized  in instants that observed the drills positive radial ones that were covered and shotcreteados  he hears a noise from the upper part of the pit  detachments of banks at the center of the pit   to which mr  william goes back to leave work  but his metatarsal boots makes contact with a rock that was on the floor which causes it to lose balance and stumble on the gable,other,515,94,0.91,High Risk,Perform comprehensive industrial safety inspection.
2017-04-19,Country_03,Local_10,Others,I,IV,Male,Third Party,Others,"On 04/19/2017, the employee de Lima da Silva was composing the team of opening of bite to survey of IP. The team consisted of one mining technician and three assistants. When was moving in the bite he touched his left foot on a stump of Tucum that was on the ground covered with dry leaves of vegetation near drainage. When he felt the thorn piercing on his foot, he told the mining technician what had happened and the teammate removed the thorn that pierced the top of the boot. After removal of the spine the foot was washed and it was verified that there was no other injury. After the event the technician waxed the activity and returned to the city of Porangatu / GO. It was not necessary to take the employee to the health unit.",2017,4,19,Wednesday,16,Autumn,1,0,2023-06-08,16:30:00,Factory_B,Industrial_Zone,Day,31.0,Junior,Yes,36.05,29.42,74.02,2.79,1906.7,13,307,0.64,2,On,68.81,0,on             the employee de lima da silva was composing the team of opening of bite to survey of ip  the team consisted of one mining technician and three assistants  when was moving in the bite he touched his left foot on a stump of tucum that was on the ground covered with dry leaves of vegetation near drainage  when he felt the thorn piercing on his foot  he told the mining technician what had happened and the teammate removed the thorn that pierced the top of the boot  after removal of the spine the foot was washed and it was verified that there was no other injury  after the event the technician waxed the activity and returned to the city of porangatu   go  it was not necessary to take the employee to the health unit,other,734,135,0.8466666666666667,High Risk,Perform comprehensive industrial safety inspection.
2017-04-23,Country_01,Local_06,Metals,I,II,Male,Third Party,Projection,"Approx. 10:00 pm. Mr. Victor at the time he made a visual inspection of scaffolding, suffered a slight blow to the level of the right ear with the metallic extension of the chute of the conveyor chain.",2017,4,23,Sunday,16,Autumn,1,0,2021-10-05,12:15:00,Factory_D,Rural,Day,35.0,Junior,No,15.56,19.76,32.07,3.4,3380.43,18,18,0.95,0,On,24.99,0,approx        pm  mr  victor at the time he made a visual inspection of scaffolding  suffered a slight blow to the level of the right ear with the metallic extension of the chute of the conveyor chain,other,200,36,0.9133333333333333,High Risk,Perform comprehensive industrial safety inspection.
2017-04-25,Country_03,Local_10,Others,I,I,Male,Third Party,Venomous Animals,"During the execution of the soil sampling task, in the Potions area, around 3:00 pm Pablo was moving on the bite and was bitten by a right elbow wasp over the sleeve uniform. He was using at the time of the incident all the PPE needed for the activity. The employee was evaluated by the team who found it to be a mild injury with localized swelling. The employee reported that he did not feel any pain and that he could continue the activity.",2017,4,25,Tuesday,17,Autumn,1,0,2021-12-27,06:00:00,Factory_C,Rural,Day,22.0,Junior,Yes,17.38,15.81,41.86,2.58,1947.94,9,354,5.15,4,On,48.49,0,during the execution of the soil sampling task  in the potions area  around      pm pablo was moving on the bite and was bitten by a right elbow wasp over the sleeve uniform  he was using at the time of the incident all the ppe needed for the activity  the employee was evaluated by the team who found it to be a mild injury with localized swelling  the employee reported that he did not feel any pain and that he could continue the activity,other,441,83,0.8333333333333334,High Risk,Perform comprehensive industrial safety inspection.
2017-04-24,Country_01,Local_03,Mining,I,V,Male,Employee,Others,"In circumstances that Mr. Efraín OSORIO FELIX - Mina 2nd. He entered the interior of Pocket 2 at level 2865 (Before -1205). It activated the compressed air gun that is installed in the lower part of the structure with a nozzle that communicates the air lung with the internal part of the pocket, projecting a violent flow of air that blows the left leg of the worker and generates a stun by the noise produced.",2017,4,24,Monday,17,Autumn,1,0,2022-11-20,14:15:00,Factory_C,Industrial_Zone,Day,9.0,Senior,No,17.58,21.52,56.59,2.06,3808.52,13,127,6.42,1,Off,35.7,0,in circumstances that mr  efra n osorio felix   mina  nd  he entered the interior of pocket   at level       before         it activated the compressed air gun that is installed in the lower part of the structure with a nozzle that communicates the air lung with the internal part of the pocket  projecting a violent flow of air that blows the left leg of the worker and generates a stun by the noise produced,human_error,409,72,0.91,High Risk,Conduct advanced worker safety training and strengthen operational supervision.
2017-04-28,Country_02,Local_05,Metals,I,II,Male,Employee,Others,"The employee reports that he performed his routine activities in the Foundry area when it was necessary to fit the last ZAMAC ingots of one of the packages. At this point, the ingot slipped and hit the back of his right foot, causing pain. The safety footwear worn by the employee has a steel toe and a metatarsal protector.",2017,4,28,Friday,17,Autumn,1,0,2022-06-25,11:15:00,Factory_A,Rural,Night,,Senior,Yes,29.11,22.5,76.41,2.16,3112.37,9,232,3.19,3,Off,58.44,0,the employee reports that he performed his routine activities in the foundry area when it was necessary to fit the last zamac ingots of one of the packages  at this point  the ingot slipped and hit the back of his right foot  causing pain  the safety footwear worn by the employee has a steel toe and a metatarsal protector,fall_slip,323,59,0.8866666666666667,High Risk,"Improve floor traction, housekeeping, and PPE compliance."
2017-04-30,Country_02,Local_05,Metals,I,II,Male,Employee,Others,"The employee reports that he performed his routine activities in the area of ​​Electrolysis when, when trying to position one of the cathode sheets on the easel, it hit his sleeve and caused a cut in the same and superficially in the left hand.",2017,4,30,Sunday,17,Autumn,1,0,2023-01-31,07:45:00,Factory_C,Rural,Day,19.0,Senior,No,24.87,22.13,66.44,3.12,3222.2,15,111,0.21,4,On,45.62,0,the employee reports that he performed his routine activities in the area of   electrolysis when  when trying to position one of the cathode sheets on the easel  it hit his sleeve and caused a cut in the same and superficially in the left hand,other,243,44,0.9333333333333333,High Risk,Perform comprehensive industrial safety inspection.
2017-05-05,Country_02,Local_02,Mining,I,II,Male,Third Party (Remote),Others,"Employee was engaged in adjusting metallic shapes using a tether, and striking the shape, the tether cable hit the lifeline, projecting its hand into the metal structure of the shape, causing a superficial injury to the ring finger of the right hand.",2017,5,5,Friday,18,Autumn,1,0,2021-02-11,19:30:00,Factory_A,Urban,Day,49.0,Senior,No,29.76,26.45,73.3,3.66,1207.52,15,358,0.88,0,On,73.44,0,employee was engaged in adjusting metallic shapes using a tether  and striking the shape  the tether cable hit the lifeline  projecting its hand into the metal structure of the shape  causing a superficial injury to the ring finger of the right hand,other,249,42,0.9533333333333334,High Risk,Perform comprehensive industrial safety inspection.
2017-05-16,Country_02,Local_05,Metals,I,III,Female,Third Party (Remote),Cut,"The maid was handling a pipette for sample preparation for chemical analysis, while trying to place it on the three-way pear, the pipette came to break causing a superficial cut in her right hand.",2017,5,16,Tuesday,20,Autumn,1,0,2023-05-05,22:30:00,Factory_B,Industrial_Zone,Day,43.0,Senior,No,35.01,25.37,45.86,3.38,2322.73,3,99,7.02,2,On,49.8,0,the maid was handling a pipette for sample preparation for chemical analysis  while trying to place it on the three way pear  the pipette came to break causing a superficial cut in her right hand,other,195,35,0.8,High Risk,Perform comprehensive industrial safety inspection.
2017-05-16,Country_02,Local_12,Others,I,I,Male,Employee,Others,"The employee, as he passed the corner of the front door for not seeing the virdro, had a slight swelling in the frontal region due to the closing of the glass door.",2017,5,16,Tuesday,20,Autumn,1,0,2023-11-05,16:15:00,Factory_B,Industrial_Zone,Night,22.0,Junior,No,15.3,17.84,67.16,2.78,1135.47,10,300,3.12,1,On,39.73,0,the employee  as he passed the corner of the front door for not seeing the virdro  had a slight swelling in the frontal region due to the closing of the glass door,other,163,32,0.9466666666666667,High Risk,Perform comprehensive industrial safety inspection.
2017-05-17,Country_02,Local_07,Mining,I,I,Male,Employee,Cut,"ACTIVITY: maintenance on scaller 07 - breaker arm extension cylinder LOCAL: underground mine (level 316) During the removal of the cylinder from the scaller arm, when releasing the fixing pin the cylinder ""came down"" and bumped into the tool used to press his hand between the tool and the structure of the equipment.",2017,5,17,Wednesday,20,Autumn,1,0,2022-04-14,22:15:00,Factory_C,Rural,Night,25.0,Junior,Yes,36.05,30.39,39.76,1.37,1294.56,5,140,5.62,1,Off,60.57,0,activity  maintenance on scaller      breaker arm extension cylinder local  underground mine  level      during the removal of the cylinder from the scaller arm  when releasing the fixing pin the cylinder  came down  and bumped into the tool used to press his hand between the tool and the structure of the equipment,equipment_failure,316,50,0.8733333333333333,High Risk,Increase preventive maintenance frequency and install predictive sensor monitoring systems.
2017-05-19,Country_01,Local_06,Metals,I,II,Male,Employee,Projection,"At 04:00 h on 05/19/17, the mechanic on duty of section 40 Antonio is observed in the activity of withdrawal check out of POM D071, at this moment he is impacted by a pulp of the line of discharge stuck, causing irritation in the right part of the neck and ear. The mechanic is referred to the medical center for evaluation.",2017,5,19,Friday,20,Autumn,1,0,2021-10-17,01:45:00,Factory_B,Rural,Night,47.0,Junior,No,14.11,19.75,60.07,2.34,3819.3,2,146,6.76,0,Off,24.16,0,at       h on           the mechanic on duty of section    antonio is observed in the activity of withdrawal check out of pom d     at this moment he is impacted by a pulp of the line of discharge stuck  causing irritation in the right part of the neck and ear  the mechanic is referred to the medical center for evaluation,other,323,58,0.8966666666666666,High Risk,Perform comprehensive industrial safety inspection.
2017-05-23,Country_01,Local_04,Mining,I,IV,Male,Third Party,Projection of fragments,"In moments when the 02 collaborators carried out the inspection of the conveyor belt No. 3 from the tail pulley when they were at the height of the load polymer No. 372, the Maslucan collaborator heard a noise where note that the belt was moving towards the tail pulley, 4 ""fragmentos mineral fragments are projected towards the access of the ramp impacting the 2 collaborators, being evacuated to the medical post.",2017,5,23,Tuesday,21,Autumn,1,0,2023-03-25,05:15:00,Factory_B,Industrial_Zone,Night,30.0,Junior,Yes,36.25,24.12,66.69,3.71,2845.38,15,151,9.61,3,Off,62.45,0,in moments when the    collaborators carried out the inspection of the conveyor belt no    from the tail pulley when they were at the height of the load polymer no       the maslucan collaborator heard a noise where note that the belt was moving towards the tail pulley     fragmentos mineral fragments are projected towards the access of the ramp impacting the   collaborators  being evacuated to the medical post,other,414,66,0.92,High Risk,Perform comprehensive industrial safety inspection.
2017-05-23,Country_01,Local_04,Mining,I,IV,Male,Third Party,Projection of fragments,"In moments when the 02 collaborators carried out the inspection of the conveyor belt No. 3 from the tail pulley when they were at the height of the load polymer No. 372, the Maslucan collaborator heard a noise where note that the belt was moving towards the tail pulley, 4 ""fragmentos mineral fragments are projected towards the access of the ramp impacting the 2 collaborators, being evacuated to the medical post.",2017,5,23,Tuesday,21,Autumn,1,0,2022-07-25,07:00:00,Factory_C,Urban,Day,49.0,Junior,No,28.8,22.99,52.11,3.42,3981.89,17,355,8.23,2,Off,72.88,0,in moments when the    collaborators carried out the inspection of the conveyor belt no    from the tail pulley when they were at the height of the load polymer no       the maslucan collaborator heard a noise where note that the belt was moving towards the tail pulley     fragmentos mineral fragments are projected towards the access of the ramp impacting the   collaborators  being evacuated to the medical post,other,414,66,0.7466666666666667,High Risk,Perform comprehensive industrial safety inspection.
2017-05-23,Country_01,Local_03,Mining,I,IV,Male,Third Party,Others,"In circumstances that the worker was walking along the straight line of level 2790, step on a rock of approximately 10 cm x 5 cm, bending the right ankle, which caused the injury described. After the event occurred, the worker decided not to report the accident because he did not feel pain, at 3:30 p.m. approximately, he begins to feel discomfort when walking and progressive mild pain in the ankle, in that moment he communicates the event.",2017,5,23,Tuesday,21,Autumn,1,0,2021-03-02,10:15:00,Factory_D,Urban,Day,20.0,Senior,Yes,32.95,28.91,32.47,2.42,2579.04,11,41,7.22,1,On,53.56,0,in circumstances that the worker was walking along the straight line of level       step on a rock of approximately    cm x   cm  bending the right ankle  which caused the injury described  after the event occurred  the worker decided not to report the accident because he did not feel pain  at      p m  approximately  he begins to feel discomfort when walking and progressive mild pain in the ankle  in that moment he communicates the event,human_error,442,74,0.9066666666666666,High Risk,Conduct advanced worker safety training and strengthen operational supervision.
2017-05-30,Country_02,Local_12,Others,I,II,Female,Employee,Others,"Upon entering the building, the maid slipped and fell just behind the automatic door, in front of the entry mat. The floor was wet and slippery.",2017,5,30,Tuesday,22,Autumn,1,0,2021-07-19,21:30:00,Factory_A,Urban,Night,29.0,Junior,Yes,27.36,27.7,70.21,2.94,3592.03,4,307,4.28,1,On,60.48,0,upon entering the building  the maid slipped and fell just behind the automatic door  in front of the entry mat  the floor was wet and slippery,fall_slip,143,26,0.9,High Risk,"Improve floor traction, housekeeping, and PPE compliance."
2017-06-04,Country_02,Local_05,Metals,I,IV,Male,Employee,Others,Employee reports that when trying to unlock a cathodic sheet with the digger the same did not realize that the blade was pressed so that the cable projected and hit his face.,2017,6,4,Sunday,22,Winter,1,0,2022-06-02,14:15:00,Factory_C,Industrial_Zone,Day,46.0,Junior,No,23.73,20.4,66.36,4.05,1795.96,1,8,8.53,4,On,22.15,0,employee reports that when trying to unlock a cathodic sheet with the digger the same did not realize that the blade was pressed so that the cable projected and hit his face,other,173,32,0.8733333333333333,High Risk,Perform comprehensive industrial safety inspection.
2017-06-09,Country_01,Local_03,Mining,I,IV,Male,Third Party,Projection,"At Level 2930 in the guide wire chamber, during the preparation activity of mix for the shocrete the worker performs the emptying of a bag of cement towards a bucket to complete the dosage, at that moment the dust generated by the cement enters by the lower part of the lenses to the left eye causing irritation.",2017,6,9,Friday,23,Winter,1,0,2022-06-16,04:15:00,Factory_B,Urban,Night,14.0,Junior,Yes,31.2,25.08,43.36,3.38,1889.3,12,305,0.31,4,Off,67.94,0,at level      in the guide wire chamber  during the preparation activity of mix for the shocrete the worker performs the emptying of a bag of cement towards a bucket to complete the dosage  at that moment the dust generated by the cement enters by the lower part of the lenses to the left eye causing irritation,human_error,311,56,0.88,High Risk,Conduct advanced worker safety training and strengthen operational supervision.
2017-06-09,Country_01,Local_06,Metals,I,III,Male,Third Party,Fall,"Mr. Emerson was moving trays; when climbing the staircase that gives access to the former dining room and finding himself on the last step, he slips and falls to the floor; supporting the body forward, suffering blows to the right knee with the floor, as well as in the nose with the metal trays it was carrying, causing a cut in the nose and ematoma in the knee.",2017,6,9,Friday,23,Winter,1,0,2021-11-05,06:00:00,Factory_B,Rural,Day,33.0,Junior,Yes,20.89,22.42,72.46,0.45,2044.97,3,162,0.85,4,On,42.47,0,mr  emerson was moving trays  when climbing the staircase that gives access to the former dining room and finding himself on the last step  he slips and falls to the floor  supporting the body forward  suffering blows to the right knee with the floor  as well as in the nose with the metal trays it was carrying  causing a cut in the nose and ematoma in the knee,fall_slip,362,68,0.9066666666666666,High Risk,"Improve floor traction, housekeeping, and PPE compliance."
2017-06-11,Country_01,Local_04,Mining,I,II,Male,Third Party,Others,"In circumstances that the worker prepared food in the electric pot, by not ensuring the lid falls on his head causing the injury described.",2017,6,11,Sunday,23,Winter,1,0,2021-04-21,21:45:00,Factory_D,Industrial_Zone,Night,39.0,Junior,Yes,36.01,27.41,62.87,0.57,2977.46,10,103,5.22,1,Off,61.54,0,in circumstances that the worker prepared food in the electric pot  by not ensuring the lid falls on his head causing the injury described,"human_error, fall_slip",138,24,0.9366666666666666,High Risk,Conduct advanced worker safety training and strengthen operational supervision.
2017-06-11,Country_01,Local_04,Mining,I,II,Male,Employee,Pressed,"In circumstances where the worker and two partners were placing a killer bomb in the basket of a Manitou team, the bomb hits the index finger of the right hand against the basket.",2017,6,11,Sunday,23,Winter,1,0,2021-04-01,19:00:00,Factory_B,Urban,Night,23.0,Junior,Yes,36.93,29.47,61.76,3.98,1087.68,13,46,3.64,1,On,53.59,0,in circumstances where the worker and two partners were placing a killer bomb in the basket of a manitou team  the bomb hits the index finger of the right hand against the basket,human_error,178,33,0.8933333333333333,High Risk,Conduct advanced worker safety training and strengthen operational supervision.
2017-06-11,Country_01,Local_06,Metals,I,II,Male,Third Party,Cut,"Approx. 18:40 hours, Mr. Luis maintenance team of mobile equipment, adjusted a bolt of the front loader J005A, at which time his face is impacted by the key used for this activity, producing a slight cut in the surface of the face. He is transferred to the medical service, attended and registered.",2017,6,11,Sunday,23,Winter,1,0,2023-07-15,22:45:00,Factory_D,Urban,Day,19.0,Junior,No,27.19,22.14,62.32,3.7,3597.69,6,285,6.05,1,On,51.79,0,approx        hours  mr  luis maintenance team of mobile equipment  adjusted a bolt of the front loader j   a  at which time his face is impacted by the key used for this activity  producing a slight cut in the surface of the face  he is transferred to the medical service  attended and registered,equipment_failure,297,52,0.9366666666666666,High Risk,Increase preventive maintenance frequency and install predictive sensor monitoring systems.
2017-06-11,Country_01,Local_01,Mining,I,IV,Male,Third Party,Others,"In circumstances that the driver of the plate truck W5K-915 of the E.E. IMPROMEC, went from the garit plant chicrin to Nv.3420, after entering an internal mine in the area of ​​Santa where 200 m. approx. from the old dining room, stops the vehicle and informs the co-pilot that he can no longer drive, for which he turns off the vehicle and when trying to get off the van loses his balance and falls on his own seat, complaining intense pain in the lumbar area, citing pain due to overexertion due to routine activity (evacuation of residual oil and solid waste cylinders) that they previously performed. The collaborator at the time of the event used their corresponding EPPS.",2017,6,11,Sunday,23,Winter,1,0,2023-07-01,22:15:00,Factory_A,Industrial_Zone,Day,21.0,Senior,Yes,25.22,22.14,46.99,4.74,2673.45,4,79,1.32,4,On,35.3,0,in circumstances that the driver of the plate truck w k     of the e e  impromec  went from the garit plant chicrin to nv       after entering an internal mine in the area of   santa where     m  approx  from the old dining room  stops the vehicle and informs the co pilot that he can no longer drive  for which he turns off the vehicle and when trying to get off the van loses his balance and falls on his own seat  complaining intense pain in the lumbar area  citing pain due to overexertion due to routine activity  evacuation of residual oil and solid waste cylinders  that they previously performed  the collaborator at the time of the event used their corresponding epps,fall_slip,676,120,0.8766666666666667,High Risk,"Improve floor traction, housekeeping, and PPE compliance."
2017-06-15,Country_01,Local_03,Mining,I,IV,Male,Employee,Projection,"The convoy of the locomotive 15 operated by Mr. Tito is located in hopper OP2 positioning the 1st car under the hopper, the assistant does not observe anything out of the ordinary (dry load there is no presence of water) and initiates the chute, for this, the hydraulic module of the hopper is switched on and with the controls it slightly moves the hopper handle and an untimely flow of water and mud splashes the operator generating the described injury, in addition the collaborator was 7 meters from the line of fire",2017,6,15,Thursday,24,Winter,1,0,2023-01-03,11:00:00,Factory_A,Urban,Day,27.0,Junior,No,28.39,25.18,52.54,1.66,2674.38,17,350,6.59,4,On,70.26,0,the convoy of the locomotive    operated by mr  tito is located in hopper op  positioning the  st car under the hopper  the assistant does not observe anything out of the ordinary  dry load there is no presence of water  and initiates the chute  for this  the hydraulic module of the hopper is switched on and with the controls it slightly moves the hopper handle and an untimely flow of water and mud splashes the operator generating the described injury  in addition the collaborator was   meters from the line of fire,"human_error, fire_explosion",520,90,0.7666666666666667,High Risk,Conduct advanced worker safety training and strengthen operational supervision.
2017-06-20,Country_01,Local_01,Mining,I,IV,Male,Employee,Others,"In circumstance, the AHK-903 license plate (Empresa which serves the supervision of CMA, carried out the field inspections in the upper bank 4288, when unexpectedly when climbing through the operational access (positive ramp), It slides in an excavated area of ​​approximately 3 meters high, remaining in position with the front part on the floor. The occupants of the vehicle made use of the safety belt and all the complete epps.",2017,6,20,Tuesday,25,Winter,1,0,2022-12-31,11:45:00,Factory_A,Urban,Night,12.0,Senior,No,19.04,19.76,41.8,4.74,1773.86,6,43,9.21,4,On,27.45,0,in circumstance  the ahk     license plate  empresa which serves the supervision of cma  carried out the field inspections in the upper bank       when unexpectedly when climbing through the operational access  positive ramp   it slides in an excavated area of   approximately   meters high  remaining in position with the front part on the floor  the occupants of the vehicle made use of the safety belt and all the complete epps,other,430,68,0.8966666666666666,High Risk,Perform comprehensive industrial safety inspection.
2017-06-20,Country_01,Local_01,Mining,I,IV,Male,Third Party,Others,"In circumstance, the AHK-903 license plate (Empresa which serves the supervision of CMA, carried out the field inspections in the upper bank 4288, when unexpectedly when climbing through the operational access (positive ramp), It slides in an excavated area of ​​approximately 3 meters high, remaining in position with the front part on the floor. The occupants of the vehicle made use of the safety belt and all the complete epps.",2017,6,20,Tuesday,25,Winter,1,0,2023-03-08,03:15:00,Factory_A,Urban,Night,48.0,Junior,Yes,34.77,24.1,34.2,3.64,2007.71,13,239,5.15,1,Off,64.45,0,in circumstance  the ahk     license plate  empresa which serves the supervision of cma  carried out the field inspections in the upper bank       when unexpectedly when climbing through the operational access  positive ramp   it slides in an excavated area of   approximately   meters high  remaining in position with the front part on the floor  the occupants of the vehicle made use of the safety belt and all the complete epps,other,430,68,0.8533333333333334,High Risk,Perform comprehensive industrial safety inspection.
2017-06-24,Country_01,Local_03,Mining,I,II,Female,Third Party,Cut,"On the surface, Comedor the worker of the company C & C made the cut of lemon at that time imprisoned the knife generating a movement and impacting on the first finger of the left hand causing a slight cut.",2017,6,24,Saturday,25,Winter,1,0,2023-08-07,18:45:00,Factory_D,Industrial_Zone,Night,44.0,Senior,No,22.85,22.17,41.07,1.87,2827.26,10,59,0.36,0,Off,33.11,0,on the surface  comedor the worker of the company c   c made the cut of lemon at that time imprisoned the knife generating a movement and impacting on the first finger of the left hand causing a slight cut,human_error,205,39,0.8933333333333333,High Risk,Conduct advanced worker safety training and strengthen operational supervision.
2017-06-23,Country_02,Local_05,Metals,I,II,Male,Employee,Others,"Employee reports that by removing the zinc sheet from the cathode to take it to the easel, it slipped from his hand, fell and hit his left foot.",2017,6,23,Friday,25,Winter,1,0,2023-07-05,20:30:00,Factory_B,Urban,Night,28.0,Senior,Yes,23.13,18.95,64.89,1.93,2468.9,12,135,3.36,0,Off,38.81,0,employee reports that by removing the zinc sheet from the cathode to take it to the easel  it slipped from his hand  fell and hit his left foot,fall_slip,143,28,0.86,High Risk,"Improve floor traction, housekeeping, and PPE compliance."
2017-06-22,Country_03,Local_10,Others,I,IV,Male,Employee,Others,"The technician was returning from his activities on the bite, when he stepped on a loose rock over a sloping region. She released herself unbalancing the employee who stepped on false, twisting her ankle.",2017,6,22,Thursday,25,Winter,1,0,2021-05-20,14:45:00,Factory_C,Urban,Day,,Junior,Yes,31.34,25.68,64.5,2.77,2237.47,17,43,7.06,1,On,48.89,0,the technician was returning from his activities on the bite  when he stepped on a loose rock over a sloping region  she released herself unbalancing the employee who stepped on false  twisting her ankle,other,203,34,0.93,High Risk,Perform comprehensive industrial safety inspection.
2017-06-22,Country_03,Local_10,Others,I,I,Male,Employee,Venomous Animals,"During the field activity in the AMG project, target São Luiz, the reconnaissance team was boarding the car, which was parked with the windows closed. When they entered the Mr. Paulo putting the seat belt inside the vehicle, pressed a wasp between the shoulder and the neck, causing a sting. It is believed that, possibly, the bee was nailed to the clothes because the car was properly closed.",2017,6,22,Thursday,25,Winter,1,0,2021-12-01,08:15:00,Factory_B,Industrial_Zone,Night,19.0,Senior,Yes,24.19,19.63,53.14,4.84,1690.61,9,78,2.31,3,Off,36.03,0,during the field activity in the amg project  target s o luiz  the reconnaissance team was boarding the car  which was parked with the windows closed  when they entered the mr  paulo putting the seat belt inside the vehicle  pressed a wasp between the shoulder and the neck  causing a sting  it is believed that  possibly  the bee was nailed to the clothes because the car was properly closed,other,392,69,0.8866666666666667,High Risk,Perform comprehensive industrial safety inspection.
2017-06-29,Country_02,Local_02,Mining,I,III,Male,Employee,Pressed,"After maintenance on Boltec 03 at level 285 GTS of Rampa XXX, the mechanic and operator of the equipment performed tests on the equipment magazine. When the magazine carousel was turned on, the operator had his left middle finger pressed against the equipment frame.",2017,6,29,Thursday,26,Winter,1,0,2023-03-31,08:15:00,Factory_B,Industrial_Zone,Day,28.0,Senior,No,33.58,24.29,46.18,1.01,1704.46,9,58,6.21,0,Off,46.67,0,after maintenance on boltec    at level     gts of rampa xxx  the mechanic and operator of the equipment performed tests on the equipment magazine  when the magazine carousel was turned on  the operator had his left middle finger pressed against the equipment frame,"equipment_failure, human_error",265,42,0.8033333333333333,High Risk,Increase preventive maintenance frequency and install predictive sensor monitoring systems.
2017-07-04,Country_01,Local_04,Mining,I,III,Male,Third Party,Others,"Being approximately 5:00 a.m. approximately, when lifting the Kelly HQ towards the pulley of the frame to align it, the assistant Marco that is in the later one is struck the hand against the frame generating the injury.",2017,7,4,Tuesday,27,Winter,1,0,2021-04-25,05:30:00,Factory_B,Industrial_Zone,Day,35.0,Junior,No,36.91,30.4,62.1,0.67,1275.75,12,178,0.23,0,On,65.46,0,being approximately      a m  approximately  when lifting the kelly hq towards the pulley of the frame to align it  the assistant marco that is in the later one is struck the hand against the frame generating the injury,other,219,38,0.9033333333333333,High Risk,Perform comprehensive industrial safety inspection.
2017-07-04,Country_01,Local_03,Mining,I,II,Female,Employee,Others,"The collaborator moved from the infrastructure office (Julio to the toilets, when the pin of the right shoe is hooked on the bra of the left shoe causing not to take the step and fall untimely, causing injury described.",2017,7,4,Tuesday,27,Winter,1,0,2023-10-30,21:15:00,Factory_C,Rural,Day,39.0,Senior,No,15.36,13.65,65.09,0.96,3352.9,11,188,6.35,4,Off,32.3,0,the collaborator moved from the infrastructure office  julio to the toilets  when the pin of the right shoe is hooked on the bra of the left shoe causing not to take the step and fall untimely  causing injury described,fall_slip,218,39,0.92,High Risk,"Improve floor traction, housekeeping, and PPE compliance."
2017-07-05,Country_02,Local_09,Metals,I,II,Male,Employee,Venomous Animals,"During the environmental monitoring activity in the area, the employee was surprised by a swarming swarm of weevils. During the exit of the place, endured suffering two stings, being one in the face and the other in the middle finger of the left hand.",2017,7,5,Wednesday,27,Winter,1,0,2023-09-05,14:00:00,Factory_A,Rural,Night,44.0,Junior,No,10.0,13.56,54.2,0.49,1436.26,6,220,0.72,3,Off,20.26,0,during the environmental monitoring activity in the area  the employee was surprised by a swarming swarm of weevils  during the exit of the place  endured suffering two stings  being one in the face and the other in the middle finger of the left hand,other,250,44,0.93,High Risk,Perform comprehensive industrial safety inspection.
2017-07-06,Country_02,Local_05,Metals,I,II,Male,Employee,Cut,"The Employee performed the activity of stripping cathodes, when pulling the cathode sheet his hand hit the side of another cathode, causing a blunt cut on his 2nd finger of the left hand.",2017,7,6,Thursday,27,Winter,1,0,2022-07-06,06:15:00,Factory_D,Urban,Night,18.0,Junior,Yes,24.95,17.37,45.35,0.72,1721.48,7,108,9.37,3,Off,37.28,0,the employee performed the activity of stripping cathodes  when pulling the cathode sheet his hand hit the side of another cathode  causing a blunt cut on his  nd finger of the left hand,fall_slip,186,33,0.7933333333333333,High Risk,"Improve floor traction, housekeeping, and PPE compliance."
2017-07-09,Country_01,Local_04,Mining,I,II,Female,Third Party,Fall prevention (same level),"At 10:00 a.m., when the assistant cleaned the floor of module ""E"" in the central camp, she slipped back and immediately grabbed the laundry table to avoid falling to the floor; suffering the described injury.",2017,7,9,Sunday,27,Winter,1,0,2022-06-02,23:30:00,Factory_D,Industrial_Zone,Day,45.0,Senior,Yes,29.87,20.35,63.76,3.72,3281.63,1,137,7.89,3,Off,43.38,0,at       a m   when the assistant cleaned the floor of module  e  in the central camp  she slipped back and immediately grabbed the laundry table to avoid falling to the floor  suffering the described injury,fall_slip,207,35,0.7433333333333333,High Risk,"Improve floor traction, housekeeping, and PPE compliance."
