term,importance
mesh,0.2964942662391706
cabinet,0.29066170941921654
scoop,0.28386876894480517
shotcrete,0.27328004924595917
mr,0.2681719682262472
rod,0.26239181423538105
moment,0.23546051538318408
operator,0.23055384977172938
causing cut,0.229726291028492
employee,0.2291096690048504
inside,0.21881749605117565
chain,0.21859358054913303
mixkret,0.21627348860363585
finger,0.21590894883894754
face,0.2150182423244348
released,0.2111156990736116
remove,0.20949901339897048
bolt,0.20652617732967832
mechanic,0.20304568711708298
tubing,0.19657520711659368
pipe,0.19594539275929906
plate,0.1955707919508009
left hand,0.19513637495278563
drill,0.1913267977549856
hand,0.1893304160543911
cut,0.18888382567727416
arm,0.18517501217642135
pressing,0.18478522005051962
hours,0.18214361969303902
technician,0.18183523749879277
horse,0.1806088212219019
drawer,0.1795773653521095
fixed,0.17788063408719432
flange,0.1772765558722696
drilling,0.17636923144940966
activity,0.17427914814036205
pump,0.1726029548859386
cover,0.17096579329127123
preparing,0.1708929979783764
engine,0.17068797715694928
steel,0.16903387452689672
transferred,0.16622731812383912
finds,0.1661047771429253
guillotine,0.16587031463264873
employee hit,0.16447896266444595
air,0.16444188071080942
probe,0.1627920181129232
using,0.16076801844278682
close,0.16067434343181372
control,0.15912529654994106
lift,0.15756103102546268
work,0.15730101437106941
chamber,0.1570281556221456
alpha,0.15466984644969503
sling,0.15445406958261404
hands,0.1541891546855879
reports,0.15327382338316417
hydraulic,0.15194949318415585
end,0.1515895948890336
truck,0.15055090248956288
hydraulic filling,0.15019318684887
clinic,0.1501246061736057
pressure,0.15002320018255763
autoclave,0.1498552014662455
coming,0.1461242596030581
tube,0.1454899053663518
paracatu,0.14536263920398879
starter,0.1452618362138455
moves,0.1452114118501155
inner,0.14493825972594387
right arm,0.14493725955923925
time,0.14476372357874104
bp,0.14422772101993395
middle,0.1436969076432965
middle finger,0.1436969076432965
plates,0.14365040500160137
atlas,0.14244813975385054
cell,0.1422085268203103
valve,0.14201495526077607
level,0.14159728902420596
excess,0.1410112288520448
slight,0.1407801926577575
brace,0.14077859638676724
platform,0.13994989068237218
pulp,0.13886288849441203
approximately,0.13840443899285176
partner,0.1383070497754108
cm,0.13805097289935592
heated,0.1380093876901787
manhole,0.13793881911357064
additive,0.13687049063242082
release,0.13597439628339103
overflow,0.13544928725771568
blunt,0.13503373531957918
filling,0.13388604830990597
exerted,0.1338711356605608
hand structure,0.13346640325407896
mining,0.13279927093192284
injured,0.1327928458686301
approximate,0.13274602179333223
execution,0.1316836703632877
climbs,0.13117001642138088
car,0.13114221756900368
easel,0.12943341035408454
parked,0.1293744763762088
tension,0.12920751471079348
helmet,0.1275024190092086
reaching,0.12744105662115202
having,0.12743314448035906
tower,0.12731181501418734
inner tube,0.12697793746236002
employee face,0.12671784598582592
hours mr,0.1266572713862872
lights,0.12655533801355628
strike left,0.1264636641009605
chute,0.12633743185074592
hits,0.12593282451665885
barretilla,0.12491491371533167
hole,0.1248054622782813
projection,0.12480372554159118
propeller,0.12462160674674658
victim,0.12458633092437713
support,0.12438387471856674
employee reports,0.1237754105454463
second,0.12328790208098502
partner company,0.12301398445076447
employee partner,0.12301398445076447
limb,0.12300254710062178
stop,0.12183076160689896
started,0.12178881583835215
ladder,0.12150745986101205
area,0.12135167343496092
vehicle,0.1210990926308357
pressed,0.12102662422033923
approximately pm,0.1210170388662544
taken,0.12096387867459775
suffers,0.12095967009919321
activated,0.12006830990307589
albino,0.11994671728094504
pipes diameter,0.11976005423579453
forehead causing,0.11953606569831918
used rubber,0.11948986309729244
welder,0.11940155783973586
height,0.11939057758799984
lower,0.1184547680768608
sanitation,0.11833192966378969
uses,0.1183172436289768
filters,0.11774013161987613
fall,0.11758851922310345
phase,0.11728897990496871
attention,0.11698848599278702
correct,0.11642579603252778
bar,0.11565263854408814
wound right,0.1151863708955857
workers,0.11516955874148127
causing injury,0.1150961203530114
stilson key,0.11481140022375644
stilson,0.11481140022375644
rubber gloves,0.11478578575498086
work area,0.11476783272287454
operator mr,0.11476683175219729
emergency,0.11367007589575343
hospital,0.11357282363407391
superficial,0.11335338199597207
suffering,0.113331889419741
withdrawal,0.11315978750018378
rock,0.1129946180839482
company,0.11294151425883688
hammer,0.11284466186089774
wrench,0.11277818609531372
throwing,0.11267728497014526
ends,0.11263773852814399
approaches,0.11228476122193817
structure,0.11228338733788623
imprisoned,0.1121381410037429
center attention,0.11211997328984509
received,0.11206799814567703
fracture,0.11188113551586747
mining car,0.11183664431359319
fifth finger,0.11177924355455435
hw,0.11173204636172673
worker,0.11147312781595922
start,0.11132384769749255
door,0.11122144324448571
canvas,0.1110405440439604
performing,0.11035563150982908
eye,0.11010849936869807
medical,0.11010541977695706
drilling machine,0.10995080961837041
caused,0.10951141266063114
strike,0.10928538632813525
verify,0.10925868336155178
glasses,0.10912567327946907
heading,0.1090751842621986
protective plate,0.10899652603732961
access,0.10895799683339065
basket ampoloader,0.10844894448876508
driver,0.10843444697475728
passing,0.10838986858080726
small,0.10828258884623246
board,0.10813391374678141
approx,0.10744518476431293
center,0.10744168672397594
helper,0.10701123740077803
step,0.107003142269082
assistant,0.10679945467968668
cone,0.10670332940724536
fifth,0.10615373697451695
generating injury,0.10581841037600441
wearing,0.10556591794481403
using hoe,0.10548026987716971
radius,0.10532978589768309
th,0.10529295617970649
tried,0.10528316078827882
approximately circumstances,0.10522668134284215
neck,0.10516557249208143
instants,0.10499254954107502
order open,0.10491551400351058
fingers left,0.10444906025456642
carried,0.10383768605912161
gloves,0.10380943426122428
rail,0.10360885818767215
cable,0.10360138434649677
cables,0.10328588839287751
manipulating,0.10316824675987182
fell,0.10313823332442902
cleaning,0.10302723259027642
lifts,0.10294095909513093
team,0.10267592850935965
hospital paracatu,0.1026285366667011
anode,0.1026198388824335
came,0.10242944681859385
person,0.1024113630217894
lifts end,0.10212770848946395
order,0.10211954170097899
blow,0.10197376192940807
pump bp,0.10196205925310711
support mesh,0.1016098110485955
exchange,0.10156655661074696
care,0.10148660337568124
accident,0.10131009049151271
discharge,0.10128701390659736
slides,0.10128183444678578
mr danon,0.10123918521930116
danon,0.10123918521930116
pushing,0.10120085075392464
passing box,0.10093590884272015
hitting,0.10083872359993702
finger right,0.10051474520594912
box,0.10047218936108068
partially,0.10041103886838802
manually,0.10013723297536163
engine control,0.09974771288863321
accident employee,0.09922053695715351
able,0.09896893787324268
worker cleaning,0.09874951742541999
gable,0.09824711694721862
wanting climb,0.0982061628886714
wanting,0.0982061628886714
unstable,0.0982061628886714
mr hidalgo,0.0982061628886714
unstable reel,0.0982061628886714
balance,0.09818687768188299
pvc,0.0980152515750188
barel,0.0980114314818458
air valve,0.0980038260701098
gate,0.09790884164392968
employee performing,0.09779276651684726
injury,0.09768400869169516
installation,0.09749549522036417
loader,0.09748199892150297
protection,0.09742398142611998
proceeds remove,0.09741198179307868
floor,0.09721160141454162
metal structure,0.09718914646976647
frame,0.09712989584282293
notice,0.09710629841675492
ingot,0.09704198091115916
watermelon injured,0.09697691697142749
nd chirodactilo,0.09697691697142749
watermelon,0.09697691697142749
base rod,0.09694268519223458
rod holder,0.09694268519223458
assembling,0.0969395393316575
head,0.09692061075567546
change,0.09666632138904233
brigade,0.09640259052561018
electrical,0.09636048609093566
water,0.09611050954318537
split set,0.09590069327665399
solution heated,0.09583166539919855
did,0.09570742619758421
immediately,0.09569585527185645
operator mixkret,0.09562372963200835
launch,0.09562372963200835
drill rod,0.09550936602041077
burn,0.09530605052709551
power,0.09484316432175775
forehead,0.09466009987855989
flash,0.09447434011256836
safety,0.09446112880346626
hopper,0.09445792886891483
surface,0.09433275186746702
ahead,0.09386639023908569
employee referred,0.09382618465883855
mounted,0.09358205103256804
pain,0.09345679486884664
projected,0.09343395199585501
pipes,0.09331453266207745
roof,0.09309933531974861
broken,0.09306126745552055
opened,0.09298794583954852
lamp,0.09278782097249497
gts,0.09276965211340508
level gts,0.09276965211340508
decides,0.09256420081125824
removing,0.09253253250181466
right,0.09238032292248156
stretcher,0.09202005480625758
metal plates,0.09202005480625758
south,0.09200672771683374
field trip,0.09187020725724038
times,0.09172580852943057
ob,0.09162112720083918
set,0.09159925996717475
ampoloader,0.0915444347812943
attended,0.09151935188107704
doing,0.09145884066883497
steel plate,0.09115367851649699
task,0.091151368541076
jhonatan,0.09110848060934668
pressed wall,0.09105130880055094
operator finger,0.09105130880055094
moving steel,0.09105130880055094
wall cabinet,0.09105130880055094
people,0.09103466085846613
placed,0.09100921322433575
injured person,0.09094834325697947
causing,0.090869184023004
nilton,0.09078816505327598
manual,0.09075870042778571
unicon,0.0906420171953656
force,0.09060148094710944
weight kg,0.09043132866269445
external,0.09039286034547865
come,0.08993962095095413
left,0.08993506258348213
bearing,0.08978011417896974
large,0.08970009252472547
intention,0.08963432956700602
transferred medical,0.08928618009419201
ankle,0.08909697152598561
cro,0.08907930447660972
cro south,0.08907930447660972
visualizes,0.08907930447660972
floor grating,0.08902718976947167
comes,0.08872424320032395
crane,0.088723961995833
clearing activity,0.08864550433300285
suction spool,0.08864550433300285
spool,0.08864550433300285
spool flange,0.08864550433300285
fz,0.08864550433300285
pump pipe,0.08864550433300285
removal suction,0.08864550433300285
pulp causing,0.08864550433300285
performed pump,0.08864550433300285
fz removal,0.08864550433300285
bolts projection,0.08864550433300285
flange bolts,0.08864550433300285
projection pulp,0.08864550433300285
employees rcio,0.08864550433300285
rcio,0.08864550433300285
pipe clearing,0.08864550433300285
activity fz,0.08864550433300285
rgio,0.08864550433300285
rgio performed,0.08864550433300285
rcio rgio,0.08864550433300285
motor,0.0885669663599972
asks,0.08843700196507574
protective,0.08834868329584429
ask,0.08832879681476334
kg,0.08827332005991638
fit,0.08808789336144426
safety glasses,0.0879547677888064
gate moment,0.08783251642858089
close gate,0.08783251642858089
medical center,0.08781135354333586
section,0.08738148033820696
resident,0.08725122036472009
container,0.08723918656795365
split,0.08710101088332647
technicians,0.08709217221834772
overhead crane,0.08706616676640717
wedge,0.08706616676640717
wedge crusher,0.08706616676640717
withdrawal fixed,0.08706616676640717
block,0.08697180013682629
hose,0.08662956387199584
service,0.08659072087853217
holding,0.08644161639857649
rod easel,0.08626858000695957
adjustment,0.08624905280008331
observing,0.08598620241319228
projects,0.08589930398769181
resting,0.08584099101163514
cut glove,0.08573248125834662
blade,0.08563012075328504
material,0.08548782394158051
movement,0.08488822085961789
diameter,0.0848276359194305
blocked,0.08481698181878848
electric,0.08475937778204302
accident victim,0.08460527062089943
contusion,0.08456904531975891
primary,0.08434808106753663
primary mechanic,0.08434808106753663
eliseo,0.0841909462953247
mr eliseo,0.0841909462953247
event,0.084182935056021
inspection,0.08418056593854739
medical service,0.08416194918590353
activities,0.08379725443666639
key,0.08375589861871605
cruise,0.08345457197292983
maintenance,0.08341244754134161
panel,0.08323845100296237
feet,0.08323349505406138
oil,0.0831864988737373
table,0.08310385175863633
staff,0.08303290103138079
moment mr,0.0829619805416058
area order,0.08282166732289653
unscrew rod,0.0827542315627856
probe key,0.0827542315627856
using griff,0.0827542315627856
unscrew,0.0827542315627856
pressing employee,0.0827542315627856
wrench unscrew,0.0827542315627856
rope,0.08267898826198304
concentrate,0.08260633863206282
lever,0.08252332011752565
reaching left,0.08234533337135261
soon,0.08232541880783764
cm cm,0.08224959754020167
moving,0.08224785404722297
finger left,0.08202056120889194
loading,0.08184885405754526
lights engine,0.08179136824532299
striking,0.08177018767670033
control platform,0.08176095682792468
diesel,0.08176095682792468
near,0.0816109551383004
superficial injury,0.08152348821784054
breaks chain,0.08147867242831933
injury left,0.08145496091368999
workshop,0.08103289799091318
climb,0.08101804720734455
happened,0.0808881995293845
presses bar,0.08088580091709062
presses,0.08088580091709062
uses bar,0.08088580091709062
operator fernando,0.08088580091709062
opening wagons,0.08088580091709062
wagons finds,0.08088580091709062
rear,0.08080730934848852
suffered,0.08069130876295191
locomotive,0.08065819361721156
forearm causing,0.08065258911594445
place,0.08055357860992202
mr ronald,0.08048453809977331
protection grid,0.08048453809977331
later,0.08046674495335784
pieces,0.08043178140984518
irritation,0.08040658744852307
maneuver,0.08038059254635996
reaction,0.08016734414674112
explosives,0.07998916065013668
loading explosives,0.07998916065013668
mr frank,0.07981938259401876
moves generating,0.07981938259401876
preparing place,0.07981938259401876
place floor,0.07981938259401876
moving moves,0.07981938259401876
projecting liquid,0.07979715128854863
waste operator,0.07979715128854863
moves direction,0.07979715128854863
operator proceeds,0.07979715128854863
position,0.07966600948059462
william,0.0796637748072119
moves site,0.07963096704276122
partially discovered,0.07963096704276122
pm falls,0.07963096704276122
noise,0.07941217170889003
chirodactilo,0.07936682666135596
la,0.07926223204686052
clean,0.07925618339829162
cutting,0.0791032291369519
concrete wall,0.07902313005109157
sampler,0.0789717828378906
filter,0.07885142112227413
metal,0.07883508769307371
ore loading,0.07879155494477506
unloading,0.07868421333807792
producing,0.078649538466633
administrative,0.07859831924476127
falls,0.07856234176942187
operator reshaping,0.07843232055159566
point returns,0.07843232055159566
work anchor,0.0784202799815244
platform moment,0.0784202799815244
projects collaborator,0.0784202799815244
position projects,0.0784202799815244
pick manual,0.0784202799815244
affected,0.0782846928087155
weight,0.07824749543257453
make,0.0781534111557212
rubber,0.07809564876806924
transmission,0.07803774299546173
drilling assistants,0.07788284788658598
feeding,0.07786645006727279
holder,0.07758071847873527
mechanical,0.07750389739817913
drainage,0.0774225790613488
hoisting,0.0774157445438366
hit,0.07735775325628438
maintenance work,0.07735679657065482
power cell,0.0771793470093467
noise followed,0.0771793470093467
work having,0.0771793470093467
returns,0.07703717725359087
hdp pipe,0.07698118400399889
automatic,0.0769093170395873
cleaning activity,0.07679233300819246
truck parked,0.07678252586658134
conveyor,0.07677526776384079
nv,0.07676909718794417
falling striking,0.07672930864240865
leg,0.07671086485499135
window struck,0.07655519624995807
ustulation area,0.07655519624995807
projection heated,0.07655519624995807
employee used,0.07650882484121864
performed insertion,0.07650010813894788
movement flange,0.07650010813894788
wedges shifted,0.07650010813894788
wedges,0.07650010813894788
contact,0.07649892689041402
placed left,0.07648630465291587
allergic,0.07645071600499637
pvc pipe,0.07644484271748578
broken causing,0.0762363720288684
carrying,0.0761397153648146
causing injuries,0.07609041829877819
oil pressure,0.07604461397106792
pressure lubrication,0.07604461397106792
held,0.07602456953621164
left foot,0.07602193316653624
mr chuquillanqui,0.07598901948089827
performing movement,0.07598901948089827
place calibrator,0.07598901948089827
movement bar,0.07598901948089827
plate correct,0.07580399575492336
placing boards,0.07580399575492336
plates inclined,0.07580399575492336
position plate,0.07580399575492336
plate arm,0.07580399575492336
displacement,0.07578305242188924
tools,0.07564879680054233
utensil,0.07556314141754701
utensil type,0.07556314141754701
pressure cooker,0.07556314141754701
using utensil,0.07556314141754701
open,0.0755396605618188
way,0.07539361226492483
taken hospital,0.07534642680453853
shoulder,0.07534308902963509
hydraulic plate,0.07522200394907443
time accident,0.07515172802818001
base,0.07513643708534931
handle,0.07502123269425873
left leg,0.07486278344879316
lid,0.07483747229692389
scissor,0.07483002136902214
preparing mount,0.07479491493231061
polypropylene tubing,0.07479491493231061
pickup,0.07479491493231061
place pressing,0.07479491493231061
positioned place,0.07479491493231061
mount,0.07479491493231061
pickup truck,0.07479491493231061
mount polypropylene,0.07479491493231061
rock fragment,0.07471284470410558
fingers,0.07459094978203068
chimney,0.07453820347317805
generating,0.07451147385904981
upper,0.0744975827236384
metallic tube,0.07449529289837072
slide causing,0.07448803090781783
hw pipe,0.07448803090781783
forearm,0.07443459597485191
leak,0.07436059191147777
distal,0.07434468004869237
accidentally,0.07431088928534205
accidentally activates,0.07431088928534205
producing injury,0.07422111658247481
immediate,0.07411610502677843
trapping,0.07407920114760633
activity employee,0.07389850141154677
tank,0.07380883293763907
approximately kg,0.07366995559021874
employee performed,0.0735581202695874
hand employee,0.07353395612574935
washing,0.07351784570615084
bite,0.07341821948853691
medical care,0.0733881821535122
suction,0.07338365307443578
direction,0.0733733661857521
ground,0.07319605326965037
operators,0.0728908052196257
pipe comes,0.07284566716547913
feeder,0.07258320235939275
approximate height,0.07254427227992577
swelling,0.07246839962179492
working,0.07246450664520321
fragment,0.0724169399470509
presence,0.07231699242743266
moved,0.07212322914208213
degree burn,0.0721095339943792
degree,0.0721095339943792
reach,0.07195427192986283
hand causing,0.07192175270898901
beam,0.07172067891672924
borehole,0.07167561202160669
shifted,0.07162403519514439
tool,0.07160298204692611
glass,0.07156646576505986
impact,0.07149749439018659
leaving,0.0712546793916848
rotor,0.07119757396384574
slips,0.07105459555674276
jacket,0.07104324539070968
electric shock,0.07101827090929255
tests,0.070954116671309
eissa,0.07095157428556768
master,0.0709389678756884
approximate weight,0.07087993990771782
moment collaborator,0.07086964685432534
cart,0.0707870543349646
causing irritation,0.07076959013058909
skimmer,0.07074679019428237
hdp,0.07058632486352498
trip,0.07057675758070792
approx hours,0.07051508038981677
belt,0.07047945308498535
away,0.07026357644024031
work generating,0.07019903102549163
upper edge,0.07019903102549163
partner suffers,0.07019903102549163
power cable,0.07019621073621382
using power,0.07019621073621382
help,0.07018444406247305
conveyor belt,0.07016984671655932
wagons,0.07016660011358197
central,0.07015008843673079
causing superficial,0.07014480026786035
injured nilton,0.07012698017604094
wall,0.07011096130564612
alimak,0.0700844919482831
belt collaborator,0.06994657604856844
stepped,0.06979273644164224
process,0.06978221967674149
flow,0.06972017873962773
official,0.0697069735377513
tn,0.06967866188284097
lifting,0.06946623371968491
opened manual,0.06939720592003128
placed air,0.06939720592003128
valve projection,0.06939720592003128
projection acid,0.06939720592003128
performs,0.0693630229257203
knife,0.06933823168388985
right eye,0.06917229503234207
dust,0.06916901738601633
mr wilmer,0.06896940955678532
wilmer,0.06896940955678532
placement blanket,0.06896940955678532
wilmer approaches,0.06896940955678532
grating,0.06895993818224704
hook,0.06894578523530456
performing doosan,0.0689189467326405
notice immediately,0.0689189467326405
liquid,0.06891417573816147
thickness,0.06888506130804059
locked,0.06876963316765897
lx,0.06870281661311159
right hand,0.06858217398427553
mr carlos,0.06854720199429047
vehicle reported,0.06854720199429047
trench,0.06851446808071969
cleaned,0.06847732649625089
stuck,0.0683394639580798
finger pressed,0.06818848391877574
scaffolding,0.06811400206888939
used,0.06801117256354662
chest,0.06793179046873929
supports,0.06791658039376848
loud,0.06759185135766466
pipe chain,0.06737388090793353
work hdpe,0.06737388090793353
pipe slipped,0.06737388090793353
worker secured,0.06737388090793353
workers worker,0.06737388090793353
injuries,0.06735164523331262
surprised,0.0673335974940866
blunt cut,0.06732953461826174
causing blunt,0.06732953461826174
boards,0.06732088050733587
mr kevin,0.06723426632374066
turned,0.06701243839347477
clerk,0.06691136457672069
saw,0.06689265821358345
preparing rice,0.06686814487615964
wound,0.06671194896138163
squat,0.06663455667167398
check,0.06660768359710492
called,0.06656000893752038
bolter,0.06647109658443355
time event,0.06645311634163459
work assembling,0.06635294287187951
vanishes falls,0.06635294287187951
vanishes,0.06635294287187951
water line,0.06635294287187951
way transferred,0.06635294287187951
partner hits,0.06630186730665993
uses carpenter,0.06630186730665993
path hammer,0.06630186730665993
frontal region,0.06625318550868452
frontal,0.06625318550868452
moments,0.0662511303468956
bridge,0.06624319530607778
connection,0.06622520160724779
operator operates,0.06609833589388965
suddenly,0.0660186102185019
pick,0.06585703381762559
knee,0.06581675437652132
joint,0.06575942493815078
foot,0.06575907979369074
kg weight,0.0657316788985998
steering,0.0657219445912995
steering cylinder,0.0657219445912995
projected employee,0.06563065693825391
bracket,0.06558910678995368
gr,0.06529926231570084
employees,0.0652795933082447
reaching right,0.0651811913613922
safety gloves,0.06517514580573383
piece fell,0.06514694141419138
paracatu ltda,0.06514694141419138
parts trestles,0.06514694141419138
work soon,0.06514694141419138
piece held,0.06514694141419138
parts,0.06514694141419138
entered,0.0650084312664298
acid solution,0.06497386788307571
wrench bolt,0.0649225593000147
withdrawal metal,0.0649225593000147
pressing ring,0.0649225593000147
lane,0.06476748387823879
inclined,0.064709173166745
grid,0.06462964559108672
lower left,0.06452609266153139
instant,0.06442289881107761
returned,0.06439889286547107
marco,0.06431059924882337
circumstances worker,0.0640946781641574
maneuvers,0.06399528688891588
wooden,0.06398869159192513
pulled,0.0639866631534987
survey,0.06391785567358357
starting,0.06385143574769367
followed,0.06381855174331222
worker wearing,0.0637324598895019
helical,0.0637301702856773
engineer,0.06364114670869055
hand worker,0.06357072319506948
store,0.06340361555956779
master loader,0.06335619820199108
superficially,0.06333912884694251
broke,0.0633230296409513
accommodate,0.06324770511348157
high,0.0631825720602397
electric cables,0.06311178890345488
sleeve,0.06310626376377798
twisting,0.06303570137035058
rice,0.06298949955803691
secondary,0.06294258631355136
st,0.06293022140481203
blocks,0.06291806984855283
pm,0.06278469913744532
rd,0.06273863066968327
pull,0.06272774078331214
activates,0.06272043798341498
little finger,0.06265545708367144
bag,0.06264706459332622
worker removing,0.062457456857665836
worker yaranga,0.062457456857665836
working barretilla,0.062457456857665836
unloading metal,0.062457456857665836
yaranga,0.062457456857665836
yaranga working,0.062457456857665836
producing wound,0.062457456857665836
operator juan,0.062457456857665836
ompressor,0.06231080337337329
worker left,0.06231080337337329
oil residues,0.06231080337337329
ompressor attempt,0.06231080337337329
open functioning,0.06231080337337329
use absorbent,0.06231080337337329
propeller pulling,0.06231080337337329
propeller causing,0.06231080337337329
hand pressed,0.06221216094762359
ripper,0.06210567341423937
chisel,0.062032449309492435
loses,0.06190808601139208
loosening,0.06166858569174414
causes,0.0615752851480337
monitoring,0.06151486342772826
expelling,0.06140514994637336
described injury,0.061376043350992206
cmx,0.0613735399180934
lenses,0.06127015071006553
imprisons,0.061214345267375014
struck,0.06120614608117899
placement,0.06116592461924193
left thumb,0.060994512795079905
generates,0.060923880631726234
approaching,0.060810794144236915
caught,0.06078324158738657
repair,0.06073818877097341
positioned,0.060613387165950015
gutter,0.06060914369183914
splinter,0.060526040615173304
pound rope,0.060526040615173304
retired,0.060226185986286415
perforation,0.06021316170870714
participating patronal,0.060202940407300634
noise materials,0.060202940407300634
patronal,0.060202940407300634
people attending,0.060202940407300634
people trying,0.060202940407300634
patronal feast,0.060202940407300634
mounted horse,0.060202940407300634
releasing,0.060189203531107204
placing,0.060103648805547916
lip,0.060047315757359665
hdpe,0.06004402699749347
eye causing,0.06000714087607436
extension,0.05997061568851801
region,0.05996067898638864
installing,0.059944510211196136
right knee,0.05992176248390789
pressed right,0.059918234190149224
drilling hole,0.059916061820287934
sliding,0.0599082009701428
projection shotcrete,0.05985801636949408
work perceives,0.05985801636949408
worker cast,0.05985801636949408
perceives discomfort,0.05985801636949408
particles left,0.05985801636949408
nv chamber,0.05985801636949408
nd,0.05979177845460069
reports performed,0.05977468138247782
piece,0.05976281389196706
structure equipment,0.05974678421293933
flange causing,0.05972755640935534
right causing,0.059674231266500455
shock,0.05961776289257581
pulling,0.059569698580125716
iron,0.05955944069454104
effect,0.05950158577458585
mineral,0.059494974841284076
fine,0.05948638036253242
socket,0.05948360729057069
worker seen,0.05947953909818893
using auxiliary,0.05947953909818893
nylon sling,0.05947953909818893
performs anode,0.05947953909818893
driller,0.0594407945682614
mud,0.05939295017052161
used epps,0.059333134364184845
pushes,0.05932871922085092
quickly,0.059319688110247924
structure moved,0.059300021312862626
wooden support,0.059300021312862626
moved coming,0.059300021312862626
pressing rope,0.059300021312862626
impacting right,0.05929309172728107
path,0.059263516540955644
performed sanitation,0.059165964831894846
municipal,0.059165964831894846
municipal paracatu,0.059165964831894846
promptly rescued,0.059165964831894846
promptly,0.059165964831894846
upper jka,0.059165964831894846
unit emergency,0.059165964831894846
victim promptly,0.059165964831894846
ventilation,0.05914502283170634
paracatu underwent,0.059080479593701496
underwent,0.059080479593701496
work lunch,0.059080479593701496
underwent medical,0.059080479593701496
panel shell,0.059077568172950956
proceed installation,0.059077568172950956
opening electric,0.059077568172950956
phase ground,0.059077568172950956
phase contact,0.059077568172950956
producing flash,0.059077568172950956
operator causing,0.059077568172950956
operator jumbo,0.059077568172950956
nv remove,0.059077568172950956
da,0.059009037021083656
falls hitting,0.058928879091327234
allergic reaction,0.058886513637171255
clearing,0.05884337042503218
nv ob,0.0586820835956785
wearing safety,0.0586083067417005
big,0.058586844521976836
air lance,0.05857035068290887
lance,0.05857035068290887
lt,0.05854835292705205
polypropylene,0.05853578773949562
reached,0.05850191336542514
road,0.05848734530495886
forklift,0.058115885173025704
worker forehead,0.05810930062333654
pipe suffers,0.05810930062333654
production mesh,0.05810930062333654
product compressed,0.05810930062333654
negative removing,0.05810930062333654
pressure released,0.05810930062333654
rb,0.05810456841537046
continued,0.05806553730010354
decide,0.05793173695006952
arm right,0.057906390362965784
finger employee,0.05784838509746533
blanket,0.05781914497219602
mechanics,0.05780112867859242
holes,0.05770935813070695
injury time,0.0576348235814992
cat ladder,0.05753778512126605
rubbing,0.05753680341061125
stopped,0.057524692212454695
able remove,0.05743782513123289
operates,0.057404601608634934
load,0.05739728366010534
collaborator,0.05732222396572788
gun,0.057305563994833816
vegetation,0.05725511199867679
line,0.05697462531113676
raised,0.056887136735472854
pit,0.05688500378923178
bolts,0.05685949694357832
fragments,0.05685224985003275
preparation,0.05684703958331494
pot,0.0567672079466464
reported,0.05665408972707322
hooked,0.056532324300885575
anchor,0.05638541815369633
participating,0.05636563957206172
collect,0.05636563957206172
limbs,0.05636563957206172
thigh,0.05627825135297578
sample,0.05626857446380672
hand generating,0.05619705977911985
concrete,0.05612009134700413
strip,0.05604282333545483
right leg,0.056041462831656806
entering,0.05603241410195936
operator enoc,0.055804021181733256
natclar time,0.055804021181733256
wash affected,0.055804021181733256
plate launching,0.055804021181733256
using correctly,0.055804021181733256
producing slight,0.05576620291502989
leather,0.05574815857434534
projecting,0.05574596204775162
mr cesar,0.055700406010168436
cesar,0.055700406010168436
nylon,0.055688347446801935
secured,0.05565416320975084
roof work,0.055625695532744546
striking employee,0.0555202720219802
electrician,0.055519198656930766
link,0.05547076782151674
occurred,0.055468804281712594
soil,0.05546025061889256
performed withdrawal,0.05540001631743663
withdrawal electrical,0.05540001631743663
opened reaching,0.05540001631743663
operator performed,0.05539476022409445
referred hospital,0.05531472376587261
causing fracture,0.05531472376587261
fracture distal,0.05531472376587261
place moment,0.05531472376587261
shell,0.05531199791740814
shape,0.05529599115034887
pages trying,0.05529010487754958
pages,0.05529010487754958
yolk finger,0.05529010487754958
yolk,0.05529010487754958
enter,0.05528093553678158
deep,0.05524703121282015
geological,0.0550460771221017
window,0.054991002221337806
evaluation,0.05490965624028708
circumstance,0.054845854436805196
hits right,0.054766024434165915
causing fall,0.05474275248255407
realized,0.05460848309825341
phase operator,0.054574646434392846
operator carried,0.054574646434392846
phalanx fifth,0.054574646434392846
protection falling,0.054574646434392846
covered,0.05457245292518888
advance,0.05450153358488824
unicon circumstances,0.054498263018664804
plate slips,0.054498263018664804
placed protective,0.054498263018664804
plate kg,0.054498263018664804
workshop unicon,0.054498263018664804
turning,0.05447295861132138
warehouse,0.05445046959023488
parking proceeding,0.054442417433745574
ob tj,0.054442417433745574
ydrs moment,0.054442417433745574
ydrs,0.054442417433745574
plate dump,0.054442417433745574
violently,0.054442417433745574
proceeding ore,0.054442417433745574
violently operator,0.054442417433745574
production,0.05440544718514072
attempt remove,0.05432826517448488
causing slight,0.05428862812321653
passes,0.054269427870825185
pound,0.05414747599582952
pin,0.054089347445901825
described time,0.054062435075536486
assembly,0.05395642683545639
residues,0.05394666387257556
open release,0.05394332142629278
valve cm,0.05394332142629278
passage,0.05394332142629278
valve open,0.05394332142629278
mr jesus,0.05394332142629278
operator concrete,0.05394332142629278
work nv,0.05394332142629278
verifying valve,0.05394332142629278
ob applying,0.05394332142629278
passage valve,0.05394332142629278
acid,0.0538578663114612
official stepped,0.05381923978076828
using ppe,0.05381923978076828
wounding sole,0.05381923978076828
wooden stump,0.05381923978076828
wounding,0.05381923978076828
ear,0.05366808046449156
right forearm,0.05361635615112621
seen,0.053498576440819755
collection,0.05347460661282131
electrolysis,0.05342521523359593
reducer,0.053417661869651356
falls inside,0.05339503010437494
treated,0.053360753949279346
plastic bag,0.05335166470362268
pressed body,0.05335166470362268
operation bladder,0.05335166470362268
mouth inner,0.05335166470362268
occurred time,0.05335166470362268
verified fracture,0.05335166470362268
bolter equipment,0.05333864084164632
tries,0.05329756082590448
gets,0.053199880042030225
pulley,0.05317376850163004
cx,0.05316501781450034
supervisor,0.05315182874661732
welding,0.0530818153491216
chin,0.053004056582189554
hand bar,0.052998679247188665
operator proceeded,0.052965051358822304
vitaulic flange,0.052965051358822304
pipe pump,0.052965051358822304
pressure impacts,0.052965051358822304
proceeded remove,0.052965051358822304
height cm,0.05292059283386765
cut right,0.05283849722162143
exit,0.05273987910311497
stumbled,0.05273067081366367
receiving,0.05272795660635016
did notice,0.052681904803245486
second finger,0.05266296412541516
activity paralyzed,0.052642877485555475
press,0.052621264376801494
paralyzed employee,0.05258779743350815
begins,0.05247128344553267
presence certain,0.05245775700175529
unbalanced moment,0.05245775700175529
open access,0.05245775700175529
novo,0.05245775700175529
place access,0.05245775700175529
novo area,0.05245775700175529
moving ahead,0.05245775700175529
open chop,0.05245775700175529
waste,0.05236596467774266
feels,0.052315460826602864
completed,0.0522281511821646
fan,0.05212374497883705
reaches,0.05205180392800094
boots,0.052040342519921665
points,0.052040270490247474
meters,0.0519461837916874
boiler,0.051880014515089855
minor burns,0.05186885110442705
burns,0.05186885110442705
face employee,0.05186885110442705
failure,0.05186885110442705
metal mesh,0.05180784403779193
mesh basket,0.05180784403779193
perceives,0.05180514411429227
zinc,0.051789160138067794
access ladder,0.051786600368782444
negative,0.051777521349229874
generating described,0.051746638639207664
cathode,0.051703618604072556
level access,0.051680980324308
slipped,0.05166456400400423
generating lesion,0.05165342485687145
op,0.051638284975299764
impacts,0.05160437988179434
personnel,0.05155923305237729
pressing finger,0.051516501271576476
moved right,0.05151407854651002
nv approximately,0.05151407854651002
operator placed,0.05151407854651002
performing shotcrete,0.05151407854651002
operator assume,0.05151407854651002
verify happened,0.05151407854651002
water roof,0.05151407854651002
verify death,0.05151407854651002
paralyze task,0.05151407854651002
worker performs,0.05150433741575459
cm floor,0.051502619971436236
lunch employee,0.05147411107381088
form,0.0514708962133411
shoe,0.05147017740905745
discomfort,0.05145908891932177
structure causing,0.05141142238593503
victa,0.05136455860416057
victa lica,0.05136455860416057
pipe action,0.05136455860416057
pipe hydraulic,0.05136455860416057
pipe impact,0.05136455860416057
pipe presented,0.05136455860416057
used hydraulic,0.05136455860416057
pipe used,0.05136455860416057
previously described,0.05136455860416057
presented rubber,0.05136455860416057
strap,0.05128323177030607
hot,0.0512642861880768
burn right,0.05115518605291689
crown work,0.05115388568780425
observes untimely,0.05113839361440812
presence personnel,0.05113839361440812
unicon concrete,0.05113839361440812
moved positive,0.05113839361440812
operator jumps,0.05113839361440812
untimely lights,0.05113839361440812
plant height,0.05113839361440812
personnel equipment,0.05113839361440812
positive south,0.05113839361440812
assistants,0.051098784627985935
hits distal,0.05109608982355712
load hits,0.05109608982355712
fuel tank,0.05102457504286564
designing solution,0.050981029626553556
maintenance peristaltic,0.050981029626553556
hose rupture,0.050981029626553556
reserve pump,0.050981029626553556
reserve,0.050981029626553556
internal hose,0.050981029626553556
designing,0.050981029626553556
rupture tubing,0.050981029626553556
operate designing,0.050981029626553556
bp change,0.050981029626553556
change internal,0.050981029626553556
peristaltic,0.050981029626553556
employee reaching,0.050981029626553556
peristaltic pump,0.050981029626553556
started operate,0.050981029626553556
heated employee,0.050981029626553556
operate,0.050981029626553556
tubing reserve,0.050981029626553556
dump truck,0.05097228902344616
dump,0.05097228902344616
falls causing,0.05097228902344616
operator approaches,0.05095955496512057
operation pump,0.05095955496512057
observing pulp,0.05095955496512057
verify operation,0.05095955496512057
motor transmission,0.05095955496512057
press keypad,0.05095955496512057
wheel,0.05087094570992182
mr albertico,0.05061959260965058
nv bp,0.05061959260965058
mr jhony,0.05061959260965058
ob finishing,0.05061959260965058
noticed mr,0.05061959260965058
operator launcher,0.05061959260965058
mouth,0.05061918511092337
slide,0.050599716865506864
tipper,0.0505688123499997
stings,0.050554117695573185
hospital went,0.050388832356056845
went medical,0.050388832356056845
employee right,0.05038328733288294
transferred clinic,0.050324704096971616
standing,0.050296335991401576
makes,0.050249966790845126
length,0.050239801849398635
metallic,0.050229410986321596
underground level,0.05018319752771917
underground,0.05018319752771917
local underground,0.05018319752771917
furnace,0.05012301257346089
crown,0.05010580231141656
unit,0.050102894504809314
vacuum technicians,0.05009402525612169
void,0.05009402525612169
plant removes,0.05009402525612169
operator reduce,0.05009402525612169
water valve,0.05009402525612169
notice overflow,0.05009402525612169
paste,0.05009402525612169
void impacting,0.05009402525612169
paste filling,0.05009402525612169
valve does,0.05009402525612169
walking noticing,0.05009402525612169
vacuum,0.05009402525612169
noticing floor,0.05009402525612169
operator paste,0.05009402525612169
bomb,0.05007048723450254
rock block,0.05005920058532215
recovery boiler,0.0500574529378043
recovery,0.0500574529378043
thermal recovery,0.0500574529378043
sting,0.050024185577552685
rim,0.04997594193259358
paulo operator,0.049951733822081845
near equipment,0.049951733822081845
pm operator,0.049951733822081845
operator radio,0.049951733822081845
operator filters,0.049951733822081845
operator paulo,0.049951733822081845
officials,0.049951733822081845
officials georli,0.049951733822081845
procedures closing,0.049951733822081845
procedures,0.049951733822081845
valve flash,0.049951733822081845
projecting pulp,0.049951733822081845
tying,0.04993273331253605
boot,0.049865286372183085
tire,0.04984086570543826
sheet,0.049822290565676816
position pump,0.04972355098005863
performing lifting,0.04972355098005863
young lady,0.04972355098005863
zinc concentrate,0.04972355098005863
place young,0.04972355098005863
order release,0.04972355098005863
work vertical,0.04972355098005863
untimely hitting,0.04972355098005863
young,0.04972355098005863
burning,0.0497234326883242
passing tubo,0.04967518457859363
pipe cheekbone,0.04967518457859363
uncover fifth,0.04967518457859363
pipe floor,0.04967518457859363
prils,0.04967518457859363
valve causing,0.04967518457859363
uncover,0.04967518457859363
operator jetanol,0.04967518457859363
pipe loader,0.04967518457859363
obstructed piece,0.04967518457859363
prils anfo,0.04967518457859363
little,0.0496543922031394
rescued,0.049611678666321664
left eye,0.04960553789566434
pumps,0.049589089413398214
vitaulic,0.049589089413398214
impacts face,0.049589089413398214
sanding,0.049589089413398214
wrist left,0.049589089413398214
approximately cm,0.04942174363903167
bitten,0.049412326891408495
slight cut,0.0493769366338251
embedded,0.049355386808488624
scooptram,0.04933966317945929
activity area,0.049317207454071574
approximately nv,0.04926420717925189
hq,0.04920471130565868
falling,0.049174550219728434
attempt,0.049159637875909434
trauma,0.049098034009290865
thrown,0.049022984785681054
maid,0.049022405409641825
person retracts,0.0490057157409229
proceeded assemble,0.0490057157409229
perforation moment,0.0490057157409229
point pushing,0.0490057157409229
causing small,0.048952154223645
walking,0.04893300015130383
steps,0.04892312920278742
impacted,0.04891494036414145
seat,0.04883197175972109
loosened,0.04882868705502817
post,0.04874631642986192
distal phalanx,0.048628014630563945
phalanx,0.048628014630563945
wood,0.048576339698588995
fuel,0.04855995420140439
sudden,0.048541345010255324
st degree,0.04852337894155708
lock,0.0485104393074859
worker company,0.04850187622084217
floor level,0.048437335052632355
wash,0.04843574556465197
return,0.048398419191219164
shotcrete casting,0.04823060077456528
approximately operator,0.04823060077456528
equipment assistant,0.04823060077456528
casting,0.04823060077456528
operator left,0.04823060077456528
industrial,0.04821051903862443
falls floor,0.04815545542124084
necessary,0.04812566690784521
evacuation,0.048103857520268634
evacuated natclar,0.04792451314914474
target,0.04791736738699194
controls,0.04787886178420618
directly,0.0478759369669569
moment received,0.04781167450141241
motor pump,0.04771142220768225
pulley motor,0.04771142220768225
evacuated,0.047613065430418315
site,0.047600553023786976
causing contusion,0.04758546538332607
pierced boot,0.04757353542230951
cloths,0.04752416898028819
meters time,0.04752013681325301
paralyze,0.04750923301208533
gear,0.04746834736835255
railing,0.047457280848678514
da silva,0.04744970476339445
supervisor evacuated,0.04742381917771678
unclog,0.047422957755372475
right ear,0.04741726452903612
causing burn,0.04741268951501572
hold,0.047314168521092895
referred,0.04728260115280912
orlando,0.04727828095787893
drops,0.04727011677416679
setting,0.047266652764891295
closing,0.047257838474770435
cement,0.047256374850612425
just,0.04718210957641113
building,0.04718020535968346
operator used,0.047060343344341324
referred medical,0.04703985982483112
ustulation,0.04703273336486867
carried removal,0.04702495362198386
palm,0.0470089669661691
edge,0.04699170101478709
performed cleaning,0.04696392779349405
ppe required,0.04694660336067244
required activity,0.04694660336067244
required,0.04694660336067244
lesion described,0.04692849064217136
opening,0.046889910989121604
contents,0.04686212376438586
plastic,0.04683011753055059
operator hit,0.04676267939042788
cx mr,0.0467582635196717
left rear,0.046755901098944785
feeling,0.046742074881842406
unbalanced,0.04674178838766313
ahead team,0.04674178838766313
coil,0.04671519635409426
circumstances mechanical,0.046687962334318885
pumping,0.04666800648460271
short,0.04657050541278383
energized,0.04656704506930517
pump zinc,0.046554200406549354
hitting middle,0.046554200406549354
vertical pump,0.046554200406549354
loading activity,0.046538640117490815
imprisoning,0.04652083219864732
anfo,0.04650891685172743
moment operator,0.04650563286282475
work operator,0.046440451337489454
took,0.046363190723219254
cabin,0.046321938724948476
mix,0.04630786911093823
asks operator,0.04630332311260874
nv cx,0.04630300562332759
foot time,0.046165766274654296
attacked,0.046160465152471276
returning,0.04611117489956032
traveling,0.04605630514458311
positioning,0.046014804713811794
noticing,0.04601023794820034
plates moment,0.04601002740312879
places feet,0.04601002740312879
william cross,0.04601002740312879
plates approximate,0.04601002740312879
william la,0.04601002740312879
maintenance workshop,0.04596193608644973
basket,0.045895884389572185
hand edge,0.04588211957316297
mixkret operator,0.045780031229284715
sulfuric acid,0.045748502871600295
sulfuric,0.045748502871600295
entrance,0.04564961718040658
santa,0.04561550284630904
natclar,0.04560963343040063
bags,0.045525357603243916
silo truck,0.04551520554303467
silo,0.04551520554303467
convoy,0.04547370722539233
loosen,0.04547080528495207
meter,0.045416141531593734
activities day,0.04541337203242147
nq,0.04517166018963233
nq meters,0.04517166018963233
worker assistant,0.04517166018963233
worker base,0.04517166018963233
using stilson,0.04517166018963233
unit drill,0.04517166018963233
operates rotation,0.04517166018963233
renato,0.0451519979539611
hand base,0.045143357853030176
distance,0.045131851927963665
impacting,0.04512197330334747
paralyzed,0.045106463973528056
hoist,0.045089387957397274
circumstances workers,0.04508418584723993
gps,0.04507309849676774
jumbo,0.0450053557048374
described,0.04499159416461563
boom,0.044984434259644525
incident,0.04498314970566025
time incident,0.04498314970566025
scaller,0.04497163483134388
operations,0.044917512005421885
parked truck,0.044917512005421885
parked cruise,0.044917512005421885
walter,0.044917512005421885
ob mining,0.044917512005421885
placed safety,0.044917512005421885
walter putting,0.044917512005421885
operations van,0.044917512005421885
mr walter,0.044917512005421885
van arrived,0.044917512005421885
untimely vehicle,0.044917512005421885
pinning mechanic,0.044917512005421885
pinning,0.044917512005421885
moved forward,0.044917512005421885
vehicle moved,0.044917512005421885
presented,0.044764213717895754
leg causing,0.044632012522643046
dining,0.04458553328431378
dining room,0.04458553328431378
loose,0.044562543966849257
silva,0.044555882174620254
unloaded,0.04453965223830486
parked lights,0.04453965223830486
notice supervisory,0.04453965223830486
point cro,0.04453965223830486
visualizes light,0.04453965223830486
visualizes truck,0.04453965223830486
proceeds immediate,0.04453965223830486
unloaded visualizes,0.04453965223830486
operator stops,0.04453965223830486
nail,0.044522419531114896
respond,0.04439888707034261
intersection,0.044375757655088555
attempting,0.04436469141153221
guard,0.044284675214151706
instep,0.0441738104453044
south ramp,0.04416603280088601
upper lip,0.04410030984176873
tip,0.04400759829452465
proceeding,0.04397880141706491
big bag,0.043909557694987764
grs,0.04388196027224586
noticed,0.04386468982953521
projection silicate,0.04384241405587365
employee stepped,0.04383087744566313
walrus,0.043711446417124274
list,0.0436954279084394
check list,0.0436954279084394
employee taken,0.04367478042615127
does,0.043626216447025024
plant stop,0.043625610182360046
upper manipulating,0.043625610182360046
work zone,0.043625610182360046
pipe fine,0.043625610182360046
worker lower,0.043625610182360046
pipe pvc,0.043625610182360046
workers anchored,0.043625610182360046
zone supervise,0.043625610182360046
height meters,0.043579384174338626
proceeded,0.043555604175009144
employee moved,0.04354075746819557
finding,0.04353222793013503
rupture,0.043518380366793764
injured employee,0.04345918067093667
mask,0.04344034052998334
assisted,0.04343022873568633
materials,0.04342475868445495
sure,0.04338567443118736
contaminated,0.043339312886932116
trying,0.04333040694118331
false,0.04326403986605202
complete,0.043263958762536116
loses balance,0.04321789966105707
went,0.04319562957577745
wound resulted,0.043134290003479785
performing maneuver,0.043134290003479785
points released,0.043134290003479785
polling,0.043134290003479785
polling assistant,0.043134290003479785
partially hit,0.043134290003479785
probe bore,0.043134290003479785
handling,0.043098200823636426
slips hands,0.04308129750912752
bumped,0.04307442301551012
mining technician,0.043065280483657715
operation,0.043028951106698535
workers company,0.04299561467813987
verifying,0.04296336288356429
rebound,0.04289236007816572
climbing,0.042888861656576564
transmission belt,0.04286399989970944
times collaborator,0.04283584460403825
starts reverse,0.04281622282779023
reverse,0.04281622282779023
starts,0.04281622282779023
cheekbone,0.042809083278891366
geological mapping,0.042797181598762946
lifted,0.04267851638354633
panel movement,0.04265867056544475
performed anchorage,0.04265867056544475
movement rotation,0.04265867056544475
pin moment,0.04265867056544475
pin anchoring,0.04265867056544475
unit positioning,0.04265867056544475
xrd,0.04265867056544475
xrd bob,0.04265867056544475
nut central,0.04265867056544475
positioning clamp,0.04265867056544475
pm level,0.04265867056544475
drilling assistant,0.04264830640371063
operator observes,0.042646741787980454
face causing,0.042634474643401025
ustulado,0.04251911688864821
employees inside,0.04250635877490946
glove left,0.042468118431761064
breaks,0.042456647932895844
ppe,0.04242760276185053
chicken,0.04239943639805796
concrete plant,0.042380815391052665
mx,0.04237756438096484
glove,0.04235545793787448
involved,0.042352406756672296
injury worker,0.042339798227437095
approx kg,0.04222364049912948
foot causing,0.04219574014197707
operator retiring,0.04209547314766235
projecting height,0.04209547314766235
operator control,0.04209547314766235
projects particle,0.04209547314766235
particle cm,0.04209547314766235
mr samuel,0.04209547314766235
platform coordinates,0.04209547314766235
open approaching,0.04209547314766235
product projects,0.04209547314766235
upper platform,0.04209547314766235
originating,0.042065276564304914
simba,0.042054495595107856
rotation unit,0.042034914475884685
row cell,0.04202348942832117
row,0.04202348942832117
person right,0.04199042613896194
reaching face,0.041989434637090345
iii,0.04192041669733921
cloth,0.04190966156341027
positive,0.0417857148024569
continue,0.041757105196743624
equipment,0.04175488225216324
throw,0.0417541421450672
parking,0.04170046233091758
material fell,0.04169196876371268
splashes,0.04162167334648991
accident injured,0.04145571031677131
incimmet,0.04137015358997671
mapping,0.04136415189798213
branch,0.04133248659308911
decided,0.041314909292536936
rock cm,0.04127137464533661
align,0.0412536693475901
lunch,0.04117627292730834
pipe tapped,0.0411614910551378
eyelid,0.041079315660003356
cheekbone eyelid,0.041079315660003356
shift,0.04101921167007675
scissor bolter,0.040959301433298574
obstructed,0.04094199982613561
rpa,0.040929818241047744
bites,0.04092288352651073
pivot tube,0.04088047841396234
verification hydraulic,0.04088047841396234
verification,0.04088047841396234
parked level,0.04088047841396234
pivot,0.04088047841396234
problems maintenance,0.04088047841396234
problem coordination,0.04088047841396234
problem,0.04088047841396234
performs verification,0.04088047841396234
movement lever,0.04088047841396234
pressure gauge,0.04088047841396234
pressure diesel,0.04088047841396234
personnel arrives,0.04088047841396234
observing pressure,0.04088047841396234
perform test,0.04088047841396234
platform mechanic,0.04088047841396234
collided,0.04088009030651728
left forearm,0.04085902952674661
raise,0.04084665902816844
control center,0.04081534243589356
lying,0.04076328611474406
light lamp,0.04073915137040461
planning,0.04072183845096684
nilton receive,0.04072183845096684
pedestal,0.04072183845096684
pedestal approximate,0.04072183845096684
person lifts,0.04072183845096684
point leaving,0.04072183845096684
order immediate,0.04072183845096684
nro belt,0.04072183845096684
planning work,0.04072183845096684
work injured,0.04072183845096684
workers sar,0.04072183845096684
position assembly,0.04072183845096684
polyethylene,0.040641563569547005
polyethylene pipe,0.040641563569547005
torch,0.040636176164188874
blowing,0.040635990665473035
equipment operator,0.040625014319500566
result,0.04061117606382733
resulting,0.040606226346144206
located,0.04042427672085609
thickener,0.04038163785059148
removes,0.040349974841333375
scaffold,0.040338806388974476
suspended,0.0403334911230888
push,0.040257060466823716
chuck,0.04023284927676813
clamp,0.04022610693510777
felt,0.040217948444131485
epp,0.04001537901215787
proceeds,0.04001378996621421
driver truck,0.039989991085970476
work clothes,0.03998223909364834
verifies,0.03998223909364834
operating bench,0.03998223909364834
verify depth,0.03998223909364834
victim apparent,0.03998223909364834
verifies fine,0.03998223909364834
mr albino,0.03998223909364834
accumulation,0.03994956541902296
thermal,0.039901590244034224
fragment rock,0.03989352158598343
culminated,0.03988260936763991
zn,0.039861393183442756
leave,0.03982078032704145
use metal,0.0398167801287043
victim hand,0.0398167801287043
victim makes,0.0398167801287043
presence fragment,0.0398167801287043
penultimate car,0.0398167801287043
light,0.03977758234834115
wound index,0.03975005727498199
preparing oil,0.03975005727498199
partner preparing,0.03975005727498199
platform weighing,0.03975005727498199
platform structure,0.03975005727498199
platform rail,0.03975005727498199
platform mounted,0.03975005727498199
oil cylinder,0.03975005727498199
mounted rails,0.03975005727498199
platform instants,0.03975005727498199
platform accident,0.03975005727498199
weighing approximately,0.03975005727498199
worker partner,0.03975005727498199
workers lift,0.03975005727498199
protruding platform,0.03975005727498199
wore leather,0.03975005727498199
place platform,0.03975005727498199
sitting,0.039722382323652466
auxiliary,0.03970876008089082
stops,0.039657076991626884
leaves,0.03961787930946818
arc,0.03956973236792115
bank,0.039551141886104424
hrs,0.0394123318728931
control room,0.0394123318728931
crushing,0.0394123318728931
respirator,0.0394123318728931
lens,0.039403233359902624
long,0.03937172123392615
proceed,0.0393331976788861
gallery,0.039258922650440384
came slip,0.03909734229087722
dropped,0.03909690371920972
telescopic,0.03909655788044329
solution,0.03906497468846091
assistant used,0.039045224996121675
kelly,0.03895356529656287
angle,0.03894716334505718
cylinder,0.038929285801444016
particles,0.03888152846576864
closed,0.0388591101696855
level ob,0.03880900830970364
mechanic right,0.038759236494515875
seeing,0.03875206554273419
forest,0.03875105791900392
space,0.03867138343066486
dropping,0.03866206705254307
employee clearing,0.03853788126237749
industrial cleaning,0.03848233983168735
escape,0.03843423681891854
unloading operation,0.03838628350938456
normal,0.03837206308945911
detached,0.03836114481064547
communicates,0.03833225487905515
wrist,0.038305533151232335
shank,0.0382852112657645
inch,0.0382750639995265
eyes,0.03826822709643186
meters operator,0.0382525073242382
routine,0.03825118592057461
fourth,0.03823673973435043
work moment,0.038234830308900604
minor,0.03820010067106917
effort,0.038188823180619544
excoriation,0.038187770266285
kg falls,0.03818104310642259
break,0.03817867279906742
machete,0.03816591038555934
office,0.03813393970922474
nro,0.0381262518626179
putting,0.03811345061638975
descending,0.03808576639738681
ore,0.03808189758769941
safety helmet,0.03808152735279012
interior,0.03807942629625686
located level,0.03807018194980524
ring finger,0.03807003245402967
corresponding,0.03806803737213609
thumb,0.0380428215823517
luciano,0.038041827892548334
lip causing,0.03803711906659946
cat,0.03800354942880125
paulo,0.03799431037792576
abruptly,0.03798348836848706
orlando boltec,0.03795219137087929
mr orlando,0.03795219137087929
twisting ankle,0.037899226359647195
drop,0.03788604109474135
reduction,0.03788163205473817
pipe diameter,0.03786226033320258
sludge,0.03780852506327241
apparently,0.0377951468729317
finger injured,0.037787464726586076
action,0.03777769509427406
making,0.037776356078529374
transfer,0.03777452674411362
free,0.03773252463837371
left area,0.03772385937830433
causing minor,0.03771220895968619
using air,0.037671335963967274
fragments rock,0.037663582577997366
need suture,0.03761100197453721
official josimar,0.03761100197453721
points close,0.03761100197453721
performing chain,0.03761100197453721
plate unlocking,0.03761100197453721
probe july,0.03761100197453721
movement placed,0.03761100197453721
movement chain,0.03761100197453721
water movement,0.03761100197453721
winch realized,0.03761100197453721
unlocking inner,0.03761100197453721
movement winch,0.03761100197453721
city,0.0375927757488556
drilling bar,0.03752208672128802
pierced,0.037461004370427445
reason,0.037433794143438344
depth,0.037433794143438344
did use,0.03742748763986701
lowered,0.037403943289123706
engaged,0.037364311963227585
turn,0.03733443463638289
opened gate,0.03732414012715084
immediately referred,0.03731382444600839
cap,0.03730464447764238
equipment hopper,0.03729389080734695
impacting face,0.037285052539788435
tether,0.03728235521065619
retiring,0.03728064739948066
holder causing,0.037274409474177525
ring,0.0372442344522362
operates chuck,0.037244015453908916
pipe height,0.037244015453908916
placed stilson,0.037244015453908916
pipe slide,0.037244015453908916
pipe fit,0.037244015453908916
performing rhyming,0.037244015453908916
pipe suspended,0.037244015453908916
accompanied,0.03724095369523596
bucket,0.03720230292531597
local,0.03716244242762474
license plate,0.037057650293454786
license,0.037057650293454786
dismantling,0.03701219723308889
small wound,0.03696060677814381
wound left,0.03696060677814381
evacuated medical,0.0369477984848101
getting,0.036878547275302
low,0.036863014478215786
fitting,0.036844886805698
bounces,0.03681540070927719
messrs,0.03681425524119105
previously,0.0368059426146059
pressing left,0.036793392489751
cm gr,0.03676256226927212
reduced,0.036719904557215674
places,0.036687322766355945
truck crane,0.03665413628648111
stool,0.036625013845368544
wasp,0.03660081617654652
mr william,0.03658640011820173
worker carried,0.03658104825026564
left cheekbone,0.03656045068782687
accident drilling,0.036509362962290966
general,0.036504935848312874
approximately meters,0.036472209905695586
day,0.03635011481566964
use,0.03633917428405809
right gable,0.03633193470715533
patrol,0.036329436000925856
patrol car,0.036329436000925856
leather gloves,0.036303433082299615
machine,0.03626546950325678
slip,0.03624809661618155
shaft,0.03624528804151354
bit,0.03615589668771949
boltec,0.03611900095717737
verified,0.03611559065255304
projection hot,0.03610964727050453
workshop level,0.03608791189116048
zone,0.036060590877067145
cuts,0.036056747067891456
sole,0.03602221026879191
radio,0.03602217426281764
platform equipment,0.036001111149981696
guide,0.03599930203091592
feel,0.0359670505029282
observes,0.03593212201810825
housing,0.035931157042275785
balloon,0.03588044243334346
volumetric,0.03588044243334346
volumetric balloon,0.03588044243334346
entry,0.03585311382403349
accident worker,0.03584681841490876
removed,0.03584138781060041
took bites,0.03582868021110209
plate support,0.03578553104348099
point fastening,0.03578553104348099
photograph steel,0.03578553104348099
wall line,0.03578553104348099
pin helical,0.03578553104348099
product tension,0.03578553104348099
photograph,0.03578553104348099
plate help,0.03578553104348099
order complete,0.03578553104348099
workers decide,0.03578553104348099
plate concrete,0.03578553104348099
weld steel,0.03578553104348099
victim used,0.03578553104348099
way lift,0.03578553104348099
slope,0.0357490365895093
tied,0.03573641881714244
use safety,0.03569102088514409
imprisonment,0.03568100271341499
leaning,0.03562729071680457
thorn,0.035624239623249544
station,0.03561230718995355
enters,0.03560426606501478
passed,0.03559647343558543
vertical,0.035588643474980496
inspect,0.03556407738740664
carbon steel,0.03551377813324218
carbon,0.03551377813324218
steel pipe,0.03551377813324218
turns,0.03550194677922573
anchored,0.035484728573067385
cleaning sink,0.035459268382239596
internal,0.0354568890576386
cutting activity,0.03545046249301177
windows,0.03541927931498971
injured worker,0.03540547569107896
jumps,0.035403528985462285
problems,0.035400820846851255
compressed,0.035354820575368054
compressed air,0.035354820575368054
worker time,0.03533312067792805
winch,0.03528881573865171
mt,0.035249090959186366
th quirodactyl,0.03521369831603414
cut th,0.03521369831603414
chuck rotation,0.03513993394837135
attached,0.03510820152629363
performed erasing,0.03509839661164839
mr jose,0.03509839661164839
right foot,0.03505022841720603
high pressure,0.03503698916411237
performing cleaning,0.034996630738804
cep,0.0349805629425588
electrowelded,0.034972530549013385
electrowelded mesh,0.034972530549013385
food,0.03488751361028855
samuel,0.03486579248300236
rubs,0.03482279712901329
arranged,0.034821796266012624
leaving end,0.03479573278510168
residual,0.03479084818072297
left ankle,0.03478573397104424
field,0.034772884389866636
supported,0.03468373366232812
particle,0.034674215912863925
hand time,0.03466398032222558
causing wound,0.03465553617133836
metatarsal,0.034588947801793446
epps,0.03458170913588214
stump,0.034505731967110195
operator scissor,0.03449115004905156
collaborators,0.03448919563572927
coordination,0.0344863590016948
finished,0.03443907162850474
leaves rail,0.03443461829971263
operator slipped,0.03440713585557819
railway,0.03437263021299243
injury described,0.034321189282455394
used leather,0.03427556699284206
decide make,0.03425791936673811
main,0.034193935145171404
nilton preparing,0.034179297073001436
position frame,0.034179297073001436
pipe located,0.034179297073001436
upper pipe,0.034179297073001436
perforation pipe,0.034179297073001436
performing task,0.034179297073001436
pipe scaffolding,0.034179297073001436
working scaffolding,0.034179297073001436
nilton lifts,0.034179297073001436
mr jhonatan,0.034179297073001436
worker jhonatan,0.034179297073001436
preparing increase,0.034179297073001436
tells,0.03415480072231867
bore,0.03413570282739037
tons,0.03406811931478392
shovel,0.03406311042641942
crosses,0.03402637974842436
accident caused,0.03396919668713005
fixing,0.033964471032460294
protector,0.033940480946406136
makes use,0.033930940352639646
goes,0.03390799077047203
body,0.033898861411413246
normally,0.033878390138973286
test,0.03387464129942719
excavation,0.033874080125351445
track,0.03386017510149551
nut,0.03385798115695938
collaborator moved,0.03383568447919925
cars,0.033829433516165075
pressed metal,0.033795434099487646
metal pieces,0.033795434099487646
pieces moved,0.033795434099487646
pieces designated,0.033795434099487646
designated,0.033795434099487646
designated place,0.033795434099487646
place finger,0.033795434099487646
used safety,0.03377410770163122
foam,0.03376134004806165
lt locomotive,0.033751606023295654
sink,0.03374649268926387
involuntarily,0.03368457663172668
visit,0.03367689921484159
performed,0.03366174999333373
van,0.0336298524783851
eye region,0.03355924991527058
notices,0.033556050569990004
twice,0.03354746997512414
jos,0.0335188058522493
plate thickness,0.03350458185339849
pressing thumb,0.03350057510875412
clothes,0.03349274916472025
prevent,0.033436798397805986
circumstances,0.03341328496141879
truck operators,0.03340818670838379
lyner,0.033342422447383904
cm impacting,0.033339490698992315
accident wore,0.03332005938091116
gives access,0.033307821811571985
blows,0.033305635533859006
weighing kg,0.03327452794595791
hat,0.03327002993067734
lifeline,0.03323220330863409
mechanical technician,0.03322101426846784
install,0.03320114962458112
jose,0.033152317071127244
occurring,0.03313866020559182
hdpe pipe,0.03312067900539206
derails,0.0331122467602785
meters floor,0.033107435884744095
treatment,0.033088943746800485
sleeve caused,0.033063462549366936
metal tube,0.033042413048043236
rlc,0.03303046536962112
initiating,0.03303046536962112
reports initiating,0.03303046536962112
rlc loading,0.03303046536962112
initiating rlc,0.03303046536962112
protruding,0.03299320291470024
horizontally,0.03296198618343255
said,0.03292775511253678
performing maintenance,0.03287443573780534
moment metallic,0.0328027011644669
operating,0.03276661036512741
left arm,0.032763382886525666
camera,0.03273700545556325
sheets,0.03272876808714078
hit left,0.03270685074917229
manipulated,0.03270015765434532
safety lens,0.03269976499488121
penultimate,0.03264835366775944
walking electrolysis,0.03259221307965285
removal,0.03257004180145755
circumstances mr,0.03253766473719569
cristian,0.03250520358003291
order place,0.032478295500477164
bag cement,0.03246115249936978
slid,0.03245785460682688
maintenance personnel,0.032455273044160904
gives,0.032437191604698705
returned usual,0.03243706980167879
usual,0.03243706980167879
cocada,0.03242798865489741
following,0.03238749066232357
cord,0.03238435401755756
use leather,0.03237323461203819
friction,0.0323413151639453
sardinel,0.032330859781491736
hopper truck,0.03225479204520378
directed,0.032248299725404446
used activity,0.03222730667670491
hopper op,0.032226264704538855
wooden blocks,0.03219029754961284
stings face,0.03212495580550883
backwards,0.03207081147136999
filtration,0.03206009473775295
moment hose,0.032058573271733774
welding work,0.032053095519588896
gave,0.032043814580235315
equipment frame,0.032000728313423
event use,0.031962193808342344
twist,0.03190877089363204
realizing,0.03186580450921468
routine activities,0.0318232240956676
performed routine,0.0318232240956676
pipe released,0.03182142341825661
spike,0.03180414708459028
voltage,0.03173100031114797
lose,0.031721516852241255
pad,0.03165642892337447
burn neck,0.031652118520533665
pen,0.03163484050614326
losing balance,0.03161664994951381
losing,0.03161664994951381
cmx cmx,0.03161274811602177
approximately meter,0.031528807426777335
weight approx,0.031498891825902306
forward,0.0314164832717946
tie,0.031401057676098146
movement impacting,0.031349174284641346
causing pipe,0.031320308188846534
slight blow,0.0312916681318949
bap,0.03127247602441772
collaborator hit,0.03113419263582356
solid,0.031079876346397084
leave work,0.031049160089294876
weighing,0.03104665870754736
conditioning,0.031027789132264276
geologist,0.030960124206070905
collaborator reports,0.030944929051301816
injured left,0.030944493671081853
weld,0.030941910622198605
unlocking,0.03092411359119649
platform floor,0.03092334623900564
abrupt,0.030911751761044964
km,0.030844628599792024
rods,0.030841640672074087
reports working,0.030833708247836294
rotation,0.030775904202215904
release pipe,0.030765886598488012
floor causing,0.030735610257732242
treated medical,0.030733330178850743
hitting face,0.030706190656752695
transmission belts,0.030692151199142786
belts,0.030692151199142786
services,0.03068832639635214
cmx cm,0.0306867699590467
bee,0.030663647207857397
stung,0.030581752933430312
ramp,0.030578133433975464
plate causing,0.030575699072604694
strut,0.030549393799252145
work collaborator,0.030527135949020495
handrail,0.03052593450224069
suffers contusion,0.030495693524312355
final,0.030461499041971547
mobile,0.030455558405719618
fastening,0.0303968800609996
operator assistant,0.03032051482925695
slips feels,0.030290538445114146
injury ring,0.030288096213606886
waelz,0.03025985205485112
acid plant,0.030257141350361134
containing,0.030255073588518516
assembly activity,0.0302377813312264
right vehicle,0.03023738497704485
unexpectedly,0.03023567360057882
helical bolt,0.0302255884322788
produced,0.030201271448209895
assistant hand,0.030165071300426567
assistant right,0.03013198734536938
evaluate,0.03011823327724068
untimely,0.03008882570253828
service evaluation,0.030075924873567333
polypropylene pipe,0.030063764858204157
pipe flange,0.030063764858204157
pulling chain,0.030046905973378724
hand immediately,0.030016689671932596
corner,0.030012456330253002
causing described,0.030009756613773437
end drill,0.029977836117605794
traps,0.02992130077724735
caused st,0.029893769149191902
luis,0.02988936327895698
projected face,0.029866640603052313
marking,0.029865362817262393
face hand,0.029829555969409637
magnetometric,0.02980615278851718
safety equipment,0.029792907597075736
september,0.029781178541912718
litorina,0.029757220091129417
fence,0.029733769721572677
fourth finger,0.029730787768438564
liquid zinc,0.029665706096089383
loader time,0.029649665615407196
hits face,0.029577461345759153
powder,0.029562277291335308
worn,0.029551357514607263
wear,0.02953760266663636
wear plate,0.02953760266663636
plate warman,0.02953760266663636
warman lx,0.02953760266663636
warman,0.02953760266663636
piece rock,0.029535262501277186
operator right,0.02952272174801406
doing work,0.029466262779040603
hand using,0.029336403522812776
bees,0.02930804914728331
coupling,0.02927918636852021
operation iron,0.029267178102861852
performing truck,0.029267178102861852
tail,0.02923150624052669
followed normally,0.029220908649214932
radial,0.029200609275057982
inner pipe,0.029179028990965555
ustulaci,0.029164350442403914
normal activities,0.029076719341811923
slips falls,0.02904993875352671
yields,0.02904468176516912
carry,0.02900833465513808
geho pump,0.02900271004811141
geho,0.02900271004811141
company incimet,0.02892190488203251
incimet,0.02892190488203251
collaborator performed,0.028904768498623445
hinge,0.02889683518810584
hitting palm,0.028848666721865417
palm left,0.028848666721865417
observed,0.02880039873435867
tm,0.028706850045854233
hand tool,0.02861004287716995
opens,0.02860436191334656
pocket,0.028596279298134398
nearby eyewash,0.028591548534092126
eyewash,0.028591548534092126
eyewash cleaning,0.028591548534092126
collaborator went,0.028591548534092126
nearby,0.028591548534092126
cleaning immediately,0.028591548534092126
immediately medical,0.028591548534092126
went nearby,0.028591548534092126
pulls,0.02859153729756833
quirodactyl,0.02858431825527616
breaking,0.02853601094239172
cm kg,0.028518126678027417
duties,0.02849847738544667
withdrawal cathode,0.02849687935453867
sound,0.028416203366517623
safety boots,0.028412838828425484
spark,0.0283897545293402
heel,0.028387698170794756
superficial cut,0.02833466752823801
distributor,0.028272463881231325
concrete blocks,0.028219598167159847
mesh impacting,0.02818106968207714
contracture,0.02815215292548496
level circumstances,0.02814534989230071
plug,0.02809337219061045
rollover,0.02808197770927289
type safety,0.02806455549834271
operator bolter,0.028024258721359618
dismantled,0.0279833706863881
geologist manoel,0.027942908279226054
weld seam,0.027919960892402295
pead geomembrane,0.027919960892402295
pead,0.027919960892402295
circumstances operator,0.02790775412488313
collaborator time,0.02788863789099285
worker right,0.027882008434342458
point,0.027847346570418242
rolling,0.02781728829508682
level tajo,0.0277368235366245
tajo,0.0277368235366245
wore,0.02772802734327584
bends,0.027717211195902487
indicates,0.027643835550781315
need,0.027634705870190356
try,0.027627772331962674
pneumatic,0.027621498498251913
intermediate,0.027613102478346974
product,0.027566725431858806
person involved,0.027550691352397388
gloves type,0.0275178654177421
circumstances collaborator,0.027492432252598627
causing bruise,0.027481467887858952
washing area,0.027475663238605598
proceeds pull,0.027459060130439056
hq pipe,0.027436954045835616
increase,0.027436954045835616
increase hq,0.027436954045835616
index finger,0.02742789549691891
index,0.02742789549691891
grazed,0.027421243110115862
hand metal,0.027346801124065335
generates injury,0.027342241679414826
perform,0.02732184593137531
operator scooptram,0.027315337522845783
remaining,0.027310834793360404
thumb right,0.02729729799889145
lateral,0.0272920346133097
helmet chin,0.027236887481819915
containers,0.027231828804371343
including,0.027209083850726446
person used,0.02720613439167293
suddenly appears,0.027179583749650082
release load,0.027179583749650082
personnel direction,0.027179583749650082
direction flow,0.027179583749650082
covered mud,0.027179583749650082
rock fragments,0.027179583749650082
op operator,0.027179583749650082
blowing release,0.027179583749650082
hopper car,0.027179583749650082
parks,0.027179583749650082
presence rock,0.027179583749650082
load mud,0.027179583749650082
parks equipment,0.027179583749650082
fragments personnel,0.027179583749650082
mud flow,0.027179583749650082
moment blowing,0.027179583749650082
operator locomotive,0.027179583749650082
flow covered,0.027179583749650082
appears presence,0.027179583749650082
appears,0.027179583749650082
locomotive parks,0.027179583749650082
flow suddenly,0.027179583749650082
activity chuteo,0.027179583749650082
inertia,0.027178432839738004
finally,0.02716847250054395
ceiling,0.027150885255181816
mollares,0.02714729427135377
mr mollares,0.02714729427135377
hand frame,0.027123202271661994
leg slides,0.027061365665868635
event collaborator,0.02703051400371031
operators decide,0.027018851997239208
moving radiator,0.027018851997239208
caused cut,0.027017483540717507
leggings,0.027000371428639862
soil sampling,0.026937741091924778
sampling,0.026937741091924778
type,0.026862188706842306
leakage,0.02684823258587767
supervision,0.026820123840456157
grp,0.026805000281570533
union,0.02678749558179616
spilling,0.026777995360629518
zn ingot,0.026732451218383062
process melting,0.026732451218383062
diamond drilling,0.026718515108839335
diamond,0.026718515108839335
employee did,0.026715273541428303
press finger,0.02668050463581125
nd right,0.026648975335138853
pressed nd,0.026648975335138853
block level,0.026647153694863108
pass,0.0266455689993086
slight burn,0.02662159438911473
bruise,0.026561272720018875
car moment,0.02654654895802682
residual water,0.02654011268209434
did feel,0.026518663184141183
feel pain,0.026518663184141183
mild,0.026518663184141183
feels pain,0.026425769286648894
long diameter,0.026362798744814363
fall level,0.02621950250701312
foot collaborator,0.026213459309402682
identified,0.026173457681538847
chin strap,0.02616462560154647
carrying activity,0.026138704101332767
pain swelling,0.026122496939115065
maribondos bitten,0.026122496939115065
ore hopper,0.02610957780290224
chuteo,0.02610957780290224
chuteo ore,0.02610957780290224
pump house,0.026075225012237295
welded mesh,0.026058955040068128
welded,0.026058955040068128
performing cutting,0.02605116257990057
warning,0.02604454398471871
mr emerson,0.02603504072029327
emerson,0.02603504072029327
paint,0.026007855256482824
sloping,0.026002054695238436
moments collaborators,0.02597631809608165
cab,0.025956439341083416
sub,0.02594820888797079
sub station,0.02594820888797079
washing tabolas,0.025944047749187422
tabolas,0.025944047749187422
completing,0.025918766250306712
rung,0.02587663261357076
moments mr,0.025824428326987052
rim position,0.02579424457408721
possibly,0.02574940557435475
management,0.025742958077331162
sustained,0.025740988717905023
causing discomfort,0.025730970337979952
hand near,0.02570565842240467
transport,0.025698617913282307
using metal,0.025698507284596144
takes,0.02561340569744855
rocks,0.02560924205772821
shocrete,0.025574244707881343
wooden strut,0.025549202305085505
heavy,0.025533115376323218
heavy equipment,0.025533115376323218
milpo,0.025532345958265434
reporting,0.025528413141737965
generates movement,0.02552057178505334
comes contact,0.02550472067941332
moved making,0.02544620310267695
movement striking,0.02544620310267695
pendulum,0.02544620310267695
pendulum movement,0.02544620310267695
needed,0.02542500289854784
evaluated,0.025422663894141183
localized swelling,0.025422663894141183
localized,0.025422663894141183
involved use,0.025417246378856777
weevils exit,0.025359658987300148
weevils,0.025359658987300148
place endured,0.025359658987300148
nut left,0.025318495834661437
mr nilton,0.025269064094342285
scissor performed,0.02526678581550984
frame causing,0.025260848081749797
passes cocada,0.02523662171372601
grabs,0.025213322648203064
manoel,0.025184105765377874
arriving,0.025129283715800234
floor platform,0.025123725626778892
cervical,0.02510657244197346
pot ensuring,0.0249941167051881
worker prepared,0.0249941167051881
prepared food,0.0249941167051881
kneeling,0.024981484960353906
slipped fell,0.02496433868805752
ran,0.024923464201114447
performing geological,0.024884535958297305
hat type,0.024881938393454917
lubricator,0.024881938393454917
avoid,0.024881218858473008
supporting,0.024861942318870973
branch attacked,0.02486071180257912
attacked maribondos,0.02486071180257912
maribondos,0.02486071180257912
collaborator used,0.024830054881525655
house,0.02481572323379107
previous,0.024810312891501783
hit right,0.02478143041730297
wire,0.024777233595291423
projection pump,0.02476004682732804
placed demineralization,0.02476004682732804
water splashes,0.024754372927469504
used refrigerant,0.024754372927469504
guard heads,0.02472659393870188
heads,0.02472659393870188
cutter,0.024643353848652346
collaborator doing,0.024631021039010617
teacher,0.02462696696244297
ee,0.024586305274195093
stumble,0.024532161465758744
bottle,0.024526042083390265
sole left,0.024525114847726473
corridor,0.024512819054421216
placed floor,0.02450470237848993
generate,0.024492991277212103
pipe connection,0.02438819391908304
floor time,0.024387860615187846
trays,0.024342470133750384
lesion,0.024263855117135722
bio,0.02419458928708414
brake,0.02419458928708414
old,0.02413172644067392
staircase,0.024098564018024165
gloves time,0.02407922869863826
loader assistant,0.02402616823806503
chisel pound,0.024010187421848756
partners placing,0.02401018524315319
placing killer,0.02401018524315319
worker partners,0.02401018524315319
partners,0.02401018524315319
fall height,0.023975040689262574
hand glove,0.023885786807401395
rafael,0.023885786807401395
danillo,0.023885786807401395
outside,0.023877114583955045
partner removes,0.02387144063751425
untimely splashes,0.02387144063751425
upwards,0.023860880103011656
aid,0.023860577738842877
barbed,0.023818505124168384
pipe pressing,0.023762084490144095
cocada mesh,0.02373094805147983
head guard,0.02370470945552375
hitting right,0.02368673859903487
mapping activity,0.023682547585020555
inside metal,0.023656274586406227
wide,0.02365539810655911
cm wide,0.02365539810655911
collar,0.023613938180450093
windows boiler,0.023602092947285127
operator cleaned,0.023602092947285127
window frame,0.023602092947285127
operator epp,0.023602092947285127
employee transiting,0.02356858754484364
transiting,0.02356858754484364
walks,0.023557363071541257
safe,0.023551374785128046
pilot,0.023527999370803836
unclog moment,0.02342315569178619
nilton opening,0.02342315569178619
occurred projection,0.02342315569178619
visit unclog,0.02342315569178619
occurring accident,0.02342315569178619
opening visit,0.02342315569178619
prepared,0.02340100606540868
end free,0.02339983065656034
pressed cable,0.023361376004446564
projected hit,0.023361376004446564
unlock,0.023361376004446564
unlock cathodic,0.023361376004446564
passing stung,0.02335759817704713
fact operator,0.02335759817704713
operator turned,0.02335759817704713
movement coil,0.02335759817704713
bees excited,0.02335759817704713
help forklift,0.02335759817704713
equipment left,0.02335759817704713
warehouse help,0.02335759817704713
forklift truck,0.02335759817704713
turned equipment,0.02335759817704713
starting activity,0.02335759817704713
removing coil,0.02335759817704713
cables warehouse,0.02335759817704713
truck operator,0.02335759817704713
coil bees,0.02335759817704713
coil electric,0.02335759817704713
realizing fact,0.02335759817704713
notice beehive,0.02335759817704713
people passing,0.02335759817704713
beehive movement,0.02335759817704713
area people,0.02335759817704713
excited realizing,0.02335759817704713
activity removing,0.02335759817704713
excited,0.02335759817704713
beehive,0.02335759817704713
identify,0.023340487457059175
loaded,0.023336307703376382
cage,0.02332198953353456
operator equipment,0.0233161157359904
cook,0.02327325915150543
employee time,0.023233229555230613
felipe,0.023207837241601133
sodium,0.0231818556670913
causing st,0.0231818556670913
splashes solution,0.02317654341835013
mooring,0.023084253945551317
provoking,0.023048066179990372
toe,0.023045209501761067
chicoteo,0.023025688895308122
moved nv,0.02301808396845746
mceisa,0.02301808396845746
pm performing,0.02299636639263749
reconnaissance,0.022991709160859592
piece involuntarily,0.02297385200845325
moved positioned,0.02297385200845325
positioned holder,0.02297385200845325
pipe storm,0.02297385200845325
unit vsd,0.022942701327343905
projected impacting,0.022942701327343905
vsd,0.022942701327343905
vsd instant,0.022942701327343905
woman,0.022937012023795368
pierced finger,0.022937012023795368
woman performed,0.022937012023795368
rock floor,0.022904486209117135
transversely,0.02289738434992146
rb machine,0.022848379335217432
pole,0.022846106285520768
workshop mechanical,0.022821267316944126
mr macedonio,0.022821267316944126
position affecting,0.022821267316944126
nose,0.02279089507206633
accident welder,0.022734248274514385
people carrying,0.022676394240971225
pressed support,0.022676394240971225
opened access,0.022676394240971225
drills,0.022640883552119965
makes contact,0.022614347447693344
swarm,0.022596387678718702
works,0.022593526395135573
impregnated,0.02254638972801306
cause,0.02250269566888506
operator hands,0.02249732640463053
walls remove,0.02249732640463053
worker cristian,0.02249732640463053
walls,0.02249732640463053
point support,0.022447386140697804
proceeds loosen,0.022447386140697804
twist left,0.022430162932428412
left knee,0.022430162932428412
foot height,0.02242685017902103
mesh operator,0.022307486428437474
continued work,0.022294191025073302
sought,0.02228207625357691
fact,0.02222936490464328
operator did,0.02222936490464328
warehouse bumped,0.02222523212368529
puddle,0.02215730996354681
got,0.022042402113471214
produces,0.022029795762780822
screwdriver,0.022029795762780822
ventilation chimney,0.02199557775995248
continued activity,0.021981340217621756
deviate,0.021927685351890592
deviate vegetation,0.021927685351890592
marcos,0.021927685351890592
stooped deviate,0.021927685351890592
whistling,0.021927685351890592
normally event,0.021927685351890592
stooped,0.021927685351890592
received whistling,0.021927685351890592
reaction activities,0.021927685351890592
make geological,0.021927685351890592
prospector marcos,0.021927685351890592
activities followed,0.021927685351890592
reports trying,0.021872335318930115
walrus reaching,0.021855723208562137
walrus hit,0.021855723208562137
untied,0.021855723208562137
untied walrus,0.021855723208562137
fell pipes,0.021807707466595834
calf caused,0.021807707466595834
using shovel,0.021807707466595834
shovel placing,0.021807707466595834
excavation level,0.021807707466595834
bucket day,0.021807707466595834
removal material,0.021807707466595834
caused superficial,0.021807707466595834
employees boots,0.021807707466595834
engaged removal,0.021807707466595834
level using,0.021807707466595834
employees engaged,0.021807707466595834
injury legs,0.021807707466595834
pipes employees,0.021807707466595834
placing bucket,0.021807707466595834
day material,0.021807707466595834
boots friction,0.021807707466595834
material excavation,0.021807707466595834
boot calf,0.021807707466595834
friction boot,0.021807707466595834
used ppe,0.02180399355199842
vertical pipe,0.021786024676775314
operator actuating,0.021786024676775314
pressure hose,0.021786024676775314
pipe residue,0.021786024676775314
using hydrojet,0.021786024676775314
obstruction pipe,0.021786024676775314
obstruction,0.021786024676775314
pipe using,0.021786024676775314
pedal,0.021786024676775314
collaborator causing,0.02178360368748612
ob moment,0.021778116474954257
ob cx,0.02175636990814183
pm approximately,0.02175636990814183
picking cat,0.02175636990814183
operator services,0.02175636990814183
position truck,0.02175636990814183
plate acl,0.02175636990814183
valve turntable,0.02175636990814183
valve cat,0.02175636990814183
motion contact,0.021696281228488677
press filtration,0.021696281228488677
wound rd,0.021696281228488677
divine,0.02167412876181007
aluminum,0.021598762960559483
accident operators,0.021591065918797413
using rubber,0.021536616519507876
lose balance,0.021501153524468124
stp,0.021489809036823772
project,0.021486425911179215
accident did,0.02141444005037564
lip producing,0.02139776893292014
mr luis,0.021389281204022247
nio,0.021384984401638624
left gable,0.02132178921277473
channel,0.021265736065796778
right ankle,0.021261653687728702
process solution,0.021237881379733446
open air,0.021237881379733446
process employee,0.021237881379733446
valve tank,0.021237881379733446
neutral leaching,0.021237881379733446
proceeds open,0.021237881379733446
neutral,0.021237881379733446
square meters,0.021225828744281593
square,0.021225828744281593
return belt,0.02113471770475319
post came,0.021058753588097046
moved structure,0.021058753588097046
hand operator,0.021030331777453677
trying release,0.020989340759932796
position cathode,0.020888455076816657
work level,0.020875651599260622
placed metal,0.020875651599260622
prospector,0.02086852062042791
prevented,0.020836426699690692
roll,0.02081392721449546
supervising activity,0.02079408139563487
calf,0.020754337981764077
incident assistant,0.02073763815971715
left shoulder,0.0207131581572484
pin tractor,0.02070189113807979
pressing second,0.02070189113807979
composed,0.020630212854900274
team composed,0.020630212854900274
reaction returned,0.020630212854900274
type allergic,0.020630212854900274
verified type,0.020630212854900274
preparation office,0.020605014783461516
used lock,0.020605014783461516
use stair,0.020605014783461516
office cleaning,0.020605014783461516
accessories,0.020602604506776263
work assistant,0.020577894354087183
mt floor,0.020557791643564825
balance falling,0.02054151261430188
sustaining,0.020536176394684653
positive drill,0.020521656499552714
winch cable,0.020521656499552714
whiplash effect,0.020521656499552714
untimely developing,0.020521656499552714
platform frame,0.020521656499552714
using hycron,0.020521656499552714
away place,0.02049373010876668
locomotive workshop,0.020476017994694694
mr standing,0.02045464779445633
post hits,0.02045464779445633
warning post,0.02045464779445633
yields falls,0.02045464779445633
power cables,0.02045464779445633
worker manuel,0.02045464779445633
mr jos,0.02045464779445633
vine twice,0.02038707894615505
using sickle,0.02038707894615505
open bite,0.02038707894615505
vegetation open,0.02038707894615505
vine,0.02038707894615505
wound impact,0.020385714170338638
performing carbon,0.020385714170338638
pipe marking,0.020385714170338638
picking,0.020369631389134953
employees used,0.02032973828027973
respective,0.02032973828027973
used respective,0.02032973828027973
new evaporator,0.020318088082094437
near torch,0.020318088082094437
new,0.020318088082094437
pen causing,0.020318088082094437
motion,0.02031337272740221
exposed,0.02031337272740221
tilted,0.020187333676481643
near area,0.02017396700998191
pneumatic conveyor,0.02017396700998191
operator feels,0.020163884955245175
feels discomfort,0.020163884955245175
encountered,0.020133880705916596
pin right,0.020125034892901583
moved infrastructure,0.020125034892901583
office julio,0.020125034892901583
untimely causing,0.020125034892901583
weight place,0.02007185622926931
tail pulley,0.020019109100030904
supervising,0.01997545992757157
distance meters,0.019962902602128997
welder proceeds,0.01994765884752154
returned normal,0.019939426530892507
legs,0.019937281132555044
contact rock,0.019927514752448104
wca,0.019891523103379313
leaching,0.019884191021657963
identifies,0.019868459686327854
sole boot,0.019861277791881172
pipe spike,0.019859533761312647
pipe standardization,0.019859533761312647
worker safety,0.019859533761312647
nv moments,0.019859533761312647
performing pipe,0.019859533761312647
pipe impacts,0.019859533761312647
accident assistant,0.019853407780320312
performed soldering,0.01980549774966265
neck ear,0.019767710736899233
observed activity,0.019767710736899233
pom moment,0.019767710736899233
withdrawal check,0.019767710736899233
floor supporting,0.01976093585702552
lima,0.01973069455423431
informs,0.019651360831264335
enter forest,0.019599393476094438
place clerk,0.01958371612209656
clerk wearing,0.01958371612209656
mesh falls,0.019545049559293075
pm mr,0.01949967410882391
visual,0.01949967410882391
victor,0.01949967410882391
victor time,0.01949967410882391
visual inspection,0.01949967410882391
mr victor,0.01949967410882391
needle,0.019437671218821735
performing drilling,0.019437671218821735
probe level,0.019437671218821735
needle stem,0.019437671218821735
positioning needle,0.019437671218821735
projection sulfuric,0.01934794688396296
operating room,0.01934794688396296
ustulation surprised,0.01934794688396296
unit final,0.019331477881874837
nail evaluation,0.019331477881874837
performing carpentry,0.019331477881874837
carried inspection,0.019321574337891726
rest,0.019314655100576787
time fragment,0.01929588818010524
opening access,0.019263467663016617
remained,0.019246846969877964
advancing,0.019199473036673364
dry,0.019185302905630166
teams,0.01918090635275049
mr francisco,0.01916929401251338
observes polyethylene,0.01916929401251338
proceeding lower,0.01916929401251338
pipe hook,0.01916929401251338
pipe thrown,0.01916929401251338
operator scoop,0.01916929401251338
percussion,0.01914260563288225
threads,0.01914260563288225
ruptured,0.01908761824641362
elbow,0.019082840224002823
team preparing,0.01907231778182423
according,0.018998025970460533
passed corner,0.018942870587364026
virdro slight,0.018942870587364026
virdro,0.018942870587364026
present,0.018924499473475683
away area,0.01890809733658922
point inlet,0.018856386457376268
warrin,0.018856386457376268
warrin welder,0.018856386457376268
attempts,0.018855034943619155
allergy,0.018843478681910723
work platform,0.01882627828720292
platform rock,0.01882627828720292
cut mesh,0.01869901891098185
storage,0.018655935737413608
exploded,0.018655935737413608
using tether,0.018641177605328095
projecting hand,0.018641177605328095
necessary hammer,0.0186391417125583
pointed fragment,0.0186391417125583
pointed,0.0186391417125583
water air,0.018604842030071126
progress,0.018604842030071126
progress helmet,0.018604842030071126
worker confipetrol,0.018604842030071126
pressure clamp,0.018604842030071126
soldering,0.01854310670126982
pom,0.018507728210991482
medical post,0.018471581409362083
platform exert,0.018461922717185535
pressure hand,0.018461922717185535
proceeding mr,0.018461922717185535
penultimate bolt,0.018461922717185535
worn proceeding,0.018461922717185535
ob personnel,0.018461922717185535
personnel begins,0.018461922717185535
unlocking soquet,0.018461922717185535
mr crist,0.018461922717185535
prevent coming,0.018461922717185535
piece occurred,0.018328744441289513
occurred impacting,0.018328744441289513
producing cut,0.018328744441289513
uniform,0.018281097575854402
hand ring,0.018198725222189988
box causing,0.018198725222189988
worker impacting,0.018195787748673607
platform broken,0.018195787748673607
truck time,0.018191268476909977
piece easel,0.01816889938648506
packaging cylindrical,0.01816889938648506
packaging,0.01816889938648506
waste bin,0.018164718000462928
bin,0.018164718000462928
pieces wood,0.018075269951449265
noticed small,0.018075269951449265
pants,0.018075269951449265
prick right,0.018075269951449265
wood aid,0.018075269951449265
pants noticed,0.018075269951449265
boot causing,0.01807515483321071
overheating bars,0.017959195830942232
overheating,0.017959195830942232
producing degree,0.017959195830942232
produced projected,0.017959195830942232
projected manages,0.017959195830942232
wasp right,0.01794882523364042
placing hand,0.01794022121667173
execution soil,0.017936663784353234
potions,0.017936663784353234
reported did,0.017936663784353234
task potions,0.017936663784353234
employee reported,0.017936663784353234
needed activity,0.017936663784353234
area pm,0.017936663784353234
pain continue,0.017936663784353234
potions area,0.017936663784353234
using time,0.017936663784353234
sampling task,0.017936663784353234
employee evaluated,0.017936663784353234
continue activity,0.017936663784353234
preparation scaffolding,0.017927284752952546
corrugated,0.017922466947184433
corrugated iron,0.017922466947184433
mesh cloth,0.0179131861217847
pressure necessary,0.017904248246412457
water pressure,0.017904248246412457
washing mixkret,0.017904248246412457
operator washing,0.017904248246412457
necessary change,0.017904248246412457
grp floor,0.01787000018771369
employee fall,0.01787000018771369
working brushcutters,0.017821428642792996
near stone,0.017821428642792996
piece metal,0.017821428642792996
projected leg,0.017821428642792996
east,0.017758362525573165
interlaced,0.017752137437610362
mr pushing,0.01771466082605914
workers technician,0.01771466082605914
pass hand,0.01771466082605914
nail equipment,0.01771466082605914
wanted pass,0.01771466082605914
performs cut,0.017686676938610656
process circumstances,0.017686676938610656
movement operator,0.017686676938610656
operator hits,0.017686676938610656
place support,0.017674410798874364
usual duties,0.017674410798874364
particle detached,0.017674410798874364
wound arm,0.017674410798874364
near drainage,0.017670014749604175
operator jib,0.017629156376863513
piston equipment,0.017629156376863513
piston,0.017629156376863513
moving drill,0.017629156376863513
causing lesion,0.01762630212479004
uneven,0.017545796672544016
uneven weight,0.017545796672544016
projected upwards,0.017545796672544016
pipe attached,0.017545796672544016
upwards pressing,0.017545796672544016
moved downward,0.017545796672544016
motorist,0.01751568867003825
assistant motorist,0.01751568867003825
product opening,0.017512823010213518
open container,0.017512823010213518
opens impacts,0.017512823010213518
opening opens,0.017512823010213518
operator samuel,0.017512823010213518
open second,0.017512823010213518
passed cep,0.0174902814712794
opposite direction,0.0174902814712794
operator stopped,0.0174902814712794
opposite,0.0174902814712794
polymer,0.017487480092002124
operator surprised,0.017467875522054636
analysis,0.017451093527904138
wrist protection,0.01741906069200967
power cord,0.01741906069200967
power outlet,0.01741906069200967
protection acted,0.01741906069200967
voltage power,0.01741906069200967
plug socket,0.01741906069200967
field inspections,0.017402334979088108
upper bank,0.017402334979088108
unexpectedly climbing,0.017402334979088108
ramp slides,0.017402334979088108
slides excavated,0.017402334979088108
empresa,0.017402334979088108
circumstance ahk,0.017402334979088108
empresa serves,0.017402334979088108
inspections upper,0.017402334979088108
area approximately,0.017402334979088108
floor occupants,0.017402334979088108
inspections,0.017402334979088108
position floor,0.017402334979088108
operational access,0.017402334979088108
climbing operational,0.017402334979088108
excavated,0.017402334979088108
cma,0.017402334979088108
cma carried,0.017402334979088108
belt complete,0.017402334979088108
operational,0.017402334979088108
access positive,0.017402334979088108
bank unexpectedly,0.017402334979088108
positive ramp,0.017402334979088108
remaining position,0.017402334979088108
supervision cma,0.017402334979088108
vehicle use,0.017402334979088108
ahk,0.017402334979088108
serves,0.017402334979088108
complete epps,0.017402334979088108
serves supervision,0.017402334979088108
high remaining,0.017402334979088108
plate empresa,0.017402334979088108
carried field,0.017402334979088108
occupants vehicle,0.017402334979088108
excavated area,0.017402334979088108
occupants,0.017402334979088108
ahk license,0.017402334979088108
pin cylinder,0.017384581544613267
press hand,0.017384581544613267
used press,0.017384581544613267
worker hit,0.01732879054709115
ppe activity,0.01732879054709115
place bolt,0.01732879054709115
hears,0.017301350222035054
zinco,0.017268841049450874
zinco rotary,0.017268841049450874
platform isc,0.01718862041371403
way fell,0.01718862041371403
platform decreasing,0.01718862041371403
detonating cord,0.017169978833664466
detonating,0.017169978833664466
unleashing saturated,0.017088602301883114
projecting fragment,0.017088602301883114
unleashing,0.017088602301883114
mason assistant,0.017084945219358407
assistant jumps,0.017084945219358407
mason,0.017084945219358407
construction,0.017084945219358407
plant operator,0.017036696184178236
operator semi,0.017036696184178236
presence debris,0.017036696184178236
muscle contracture,0.017036696184178236
muscle,0.017036696184178236
traveled,0.017023680143829472
near impacted,0.016970933334253344
overpressure,0.016970933334253344
plant moment,0.016970933334253344
work near,0.016970933334253344
overpressure acid,0.016970933334253344
water seal,0.016970933334253344
usual work,0.016970933334253344
pipe subsequently,0.01696437754777888
operator went,0.01696437754777888
pentacord crown,0.01695062878336387
movement ladder,0.01695062878336387
pentacord,0.01695062878336387
performed chicken,0.01695027739353721
using kitchen,0.01695027739353721
use specific,0.01695027739353721
unit collaborator,0.01695027739353721
room,0.016922564414184667
zinc powder,0.016887168897964128
operation zinc,0.016887168897964128
powder container,0.016887168897964128
movement push,0.016887168897964128
using crane,0.016887168897964128
wearing face,0.016880670024030826
withdrew,0.016880670024030826
withdrew foam,0.016880670024030826
mr marcelo,0.016880670024030826
waste container,0.016880670024030826
pit ii,0.016853431709539953
pit pit,0.016853431709539953
bring,0.01684490937086952
zinc section,0.016817242644201515
operator heading,0.016817242644201515
uses space,0.016817242644201515
zone lifting,0.016817242644201515
ndose left,0.016817242644201515
right left,0.016763041749097388
ip,0.016760279209956392
unbalancing employee,0.016751062807991275
unbalancing,0.016751062807991275
moving bite,0.0167481177606692
assistant wearing,0.016710566062971378
person contact,0.01671030011996093
water projection,0.01671030011996093
occurred face,0.01671030011996093
ppe injured,0.01671030011996093
projection occurred,0.01671030011996093
stone,0.016685501019433134
blade equipment,0.016685501019433134
protective lyner,0.016671211223691952
winch pulley,0.016671211223691952
polyurethane pulley,0.016671211223691952
polyurethane,0.016671211223691952
worker hip,0.016671211223691952
impacting collaborators,0.016661939359557718
proceeded sit,0.01661222916336081
places close,0.01661222916336081
worker middle,0.01661222916336081
mr claudio,0.016589140060701568
mr wilber,0.016589140060701568
vehicle using,0.016589140060701568
nuts rear,0.016589140060701568
operator readjusted,0.016589140060701568
nuts,0.016589140060701568
using wheel,0.016589140060701568
wilber held,0.016589140060701568
wilber,0.016589140060701568
wrench tube,0.016589140060701568
partner slips,0.016589140060701568
wanted,0.01658553852200026
meters high,0.016561756543235995
circumstances assistant,0.016559338311461128
initial,0.016501583946528734
voltage electric,0.016472145640419517
oxide performing,0.016472145640419517
performed task,0.016472145640419517
waelz oxide,0.016472145640419517
performing hoistings,0.016472145640419517
oxide,0.016472145640419517
performing emulsion,0.016452859027125472
use displacement,0.016452859027125472
preparation use,0.016452859027125472
warehouse place,0.016440467732407153
prepares store,0.016440467732407153
offices ajani,0.016440467732407153
place comes,0.016440467732407153
perform maintenance,0.016431740603896464
downward,0.01642743767261849
use helmet,0.016422379644433147
sides,0.016413193048789448
wheel loader,0.016375460978389232
lhd,0.01635448317149594
mx kg,0.016188271541109217
use maneuver,0.016188271541109217
heard,0.01616319410050995
place gutter,0.016147209053624
used gloves,0.016147209053624
plate cm,0.016147209053624
plate slides,0.016147209053624
workshop able,0.016147209053624
impromec,0.016110179327069124
prick,0.016105729474713483
descending ladder,0.016093027623330154
ustulaci coordination,0.01603842308760149
ustulado causing,0.01603842308760149
platform chute,0.016014139820750124
mr eriks,0.016014139820750124
passes stairs,0.016014139820750124
moved belt,0.016014139820750124
pole conveyor,0.016014139820750124
observe moment,0.016014139820750124
operator door,0.015991872017218387
used epp,0.015991872017218387
works electrician,0.015982661374750972
knee slips,0.015950786956905154
spilled,0.015950786956905154
maperu,0.015911416937649865
safety belt,0.015909753254551313
means,0.01589400853189071
observes event,0.015891526836512272
winemaker epps,0.015891526836512272
winemaker,0.015891526836512272
paralyzes displacement,0.015891526836512272
paralyzes,0.015891526836512272
spent,0.015883077868843166
barbed wire,0.015879003416112255
neck shoulder,0.015847758539198772
passing neck,0.015847758539198772
waelz conveyor,0.015847758539198772
neck collar,0.015847758539198772
product door,0.015847758539198772
operator feeding,0.015842654760974243
zn sheets,0.015842654760974243
zinc furnace,0.015842654760974243
supply,0.015810790454011577
splash,0.01580470581456921
marcelo,0.01580470581456921
preparation activity,0.015802462214340188
performs emptying,0.015802462214340188
wire chamber,0.015802462214340188
shear,0.015799593448481884
slight excoriation,0.015779203654595696
sledgehammer,0.015779203654595696
local treatment,0.01574532125949147
ndose,0.01574532125949147
center local,0.01574532125949147
accident operator,0.01573611917170655
projected reaching,0.015710620414182398
plate went,0.015706767511115122
vehicle turns,0.015706767511115122
pilot trying,0.015706767511115122
window right,0.015706767511115122
vehicle left,0.015706767511115122
plant distracted,0.015706767511115122
face neck,0.01567919448529275
pressure pump,0.01563623801220886
level operator,0.015564518727070209
rear tire,0.01553175780361989
palm right,0.01553175780361989
pot washing,0.015441791097629946
performed washing,0.015441791097629946
returned city,0.015417027175085895
bend,0.015392561764119364
averaging,0.015392561764119364
prepares,0.015392561764119364
sits,0.015392561764119364
offices,0.015392561764119364
pipe long,0.015382943299244006
pipe release,0.015382943299244006
pipe hdp,0.015382943299244006
unexpectedly instant,0.015346075599571393
plant proceeded,0.015346075599571393
proceeded turn,0.015346075599571393
verified transmission,0.015346075599571393
point finger,0.015346075599571393
verify tension,0.015346075599571393
fenced,0.015339995917971767
fenced area,0.015339995917971767
loud sound,0.015339995917971767
gratings grating,0.015304388576362427
metal gratings,0.015304388576362427
inside tank,0.015304388576362427
gratings,0.015304388576362427
pb cleaning,0.015267980268643355
phase iii,0.015267980268643355
personnel carried,0.015267980268643355
pipes generating,0.015267980268643355
work carried,0.015267980268643355
pb,0.015267980268643355
plant maintenance,0.015267980268643355
platform scissor,0.015208897320132739
assistant does,0.015156440413169167
ustulation near,0.01514479029906092
upper floor,0.01514479029906092
neck region,0.01514479029906092
near ball,0.01514479029906092
ustulaci realized,0.015111399127348537
obstructed opened,0.015111399127348537
working ustulaci,0.015111399127348537
unclog material,0.015111399127348537
opened door,0.015111399127348537
performed activity,0.015016143214000743
observe,0.014993407748627863
neck quickly,0.014983733305667463
mud particles,0.014936278113775684
particles enter,0.014936278113775684
obstructing vision,0.014936278113775684
obstructing,0.014936278113775684
projects sludge,0.014936278113775684
worker indicates,0.014936278113775684
vision worker,0.014936278113775684
vision,0.014936278113775684
bodeguero,0.014878610045564709
work pick,0.014724131639679491
pick hand,0.014724131639679491
reaching lower,0.014709234494664214
lower lip,0.014709234494664214
caustic,0.014709234494664214
chemical,0.014709234494664214
caustic soda,0.014709234494664214
soda,0.014709234494664214
unhooking,0.014687670518148937
projecting ustulado,0.014687670518148937
mouth silo,0.014687670518148937
unhooking hose,0.014687670518148937
ustulado bag,0.014687670518148937
unclog discharge,0.014687670518148937
procedure maneuver,0.014687670518148937
ustulado powder,0.014687670518148937
need unclog,0.014687670518148937
operation ustulado,0.014687670518148937
powder collaborator,0.014687670518148937
performing procedure,0.014687670518148937
mouth projecting,0.014687670518148937
kg mx,0.014685981329955125
ampoloader team,0.014685981329955125
anfoloader,0.014685981329955125
mx mx,0.014685981329955125
equipment anfoloader,0.014685981329955125
second mesh,0.014678017475171456
going,0.014649060647344597
blasting,0.01462907007186462
pipe line,0.014589514495482778
opens chuck,0.014589514495482778
pipe assistant,0.014589514495482778
pipe drill,0.014589514495482778
pipe driller,0.014589514495482778
pipe places,0.014589514495482778
moves pipe,0.014589514495482778
unit dropping,0.014589514495482778
pipe imprisoning,0.014589514495482778
noticing moves,0.014589514495482778
places hand,0.014589514495482778
wilder indicates,0.014589514495482778
wilder,0.014589514495482778
city pasco,0.014523044312825886
pasco,0.014523044312825886
welder right,0.014501355024055706
wrench crown,0.014501355024055706
union area,0.014501355024055706
plant doing,0.014501355024055706
work geho,0.014501355024055706
na,0.01447104371050222
work afternoon,0.01447104371050222
na coordinated,0.01447104371050222
continued activities,0.014459851728710508
oven,0.01444915122440337
performed sustaining,0.0144484314137707
platform assistant,0.0144484314137707
operator removes,0.014416213778418391
work fragment,0.014416213778418391
walks crew,0.014416213778418391
porvenir sub,0.014397236699646298
operators try,0.014397236699646298
operators use,0.014397236699646298
porvenir,0.014397236699646298
tecnomin,0.014367925557107123
approximately mechanic,0.014367925557107123
nd entered,0.014298139649067199
projecting violent,0.014298139649067199
violent,0.014298139649067199
noise produced,0.014298139649067199
pocket projecting,0.014298139649067199
worker generates,0.014298139649067199
nozzle communicates,0.014298139649067199
pocket level,0.014298139649067199
mr efra,0.014298139649067199
nozzle,0.014298139649067199
violent flow,0.014298139649067199
positioning right,0.014251865700053355
open metal,0.014251865700053355
piquero,0.014251865700053355
piquero civil,0.014251865700053355
near base,0.014251865700053355
operator looked,0.014251865700053355
pad gloves,0.014251865700053355
wore pad,0.014251865700053355
mechanized,0.01423949094239158
mechanized support,0.01423949094239158
windows closed,0.014228485718352566
neck causing,0.014228485718352566
wasp shoulder,0.014228485718352566
nailed,0.014228485718352566
nailed clothes,0.014228485718352566
properly closed,0.014228485718352566
vehicle pressed,0.014228485718352566
properly,0.014228485718352566
mr paulo,0.014228485718352566
parked windows,0.014228485718352566
pressed wasp,0.014228485718352566
paulo putting,0.014228485718352566
possibly bee,0.014228485718352566
project target,0.014228485718352566
small burn,0.014148207228403162
employee causing,0.014148207228403162
plug wall,0.014109799083579923
wall cx,0.014109799083579923
picks spike,0.014109799083579923
worker protector,0.014109799083579923
worker setting,0.014109799083579923
union concrete,0.014109799083579923
platform cart,0.014040988854636446
wound finger,0.014040988854636446
work colleague,0.014040988854636446
work finished,0.014025779047797832
observes hands,0.014025779047797832
workshop removes,0.014025779047797832
notices oil,0.014025779047797832
oil filling,0.014025779047797832
oil leak,0.014025779047797832
collaborator cleaning,0.013984248327629196
copper,0.013984248327629196
pink team,0.013940242486757546
pink,0.013940242486757546
pipe hdpe,0.013922290870053904
position jumbo,0.01391459518942638
ppe including,0.01391459518942638
nut help,0.01391459518942638
washing operator,0.013904380242980813
parking equipment,0.013904380242980813
operator starts,0.013904380242980813
workshop mechanic,0.013904380242980813
untimely hits,0.013904380242980813
open reaching,0.013904380242980813
nv operator,0.013819140375270211
nv decides,0.013819140375270211
vehicle suddenly,0.013819140375270211
mv,0.013819140375270211
unit ramp,0.013819140375270211
mv ee,0.013819140375270211
nv nv,0.013819140375270211
operator sees,0.013819140375270211
procedure,0.013751486837323735
wick,0.013685106595164425
position rim,0.013635688649006597
operator got,0.013635688649006597
operator fall,0.013635688649006597
position left,0.013635688649006597
place entry,0.013573647135676886
zinc stuck,0.013573647135676886
unlocking sheet,0.013573647135676886
operator deslaminadora,0.013573647135676886
medicated released,0.01354866769794528
medicated,0.01354866769794528
operator generating,0.013497332594232924
right shoulder,0.013497332594232924
hand producing,0.013479565103559518
wore gloves,0.013470412008478386
planamieto,0.013470412008478386
notebook,0.013470412008478386
notebook pen,0.013470412008478386
verify split,0.013470412008478386
notes,0.013470412008478386
pen left,0.013470412008478386
planamieto entered,0.013470412008478386
placed scissor,0.013470412008478386
work lost,0.013470412008478386
use difficult,0.013470412008478386
weight lifted,0.013398350102712661
wound time,0.013398350102712661
position edge,0.013398350102712661
possibly stump,0.013273906538448213
near residence,0.013273906538448213
pierce,0.013273906538448213
pierce sole,0.013273906538448213
pasture grazed,0.013273906538448213
wood area,0.013273906538448213
pasture,0.013273906538448213
perforation possibly,0.013273906538448213
vehicle end,0.013273906538448213
object,0.013273906538448213
object identify,0.013273906538448213
used glass,0.013267069013096188
used facial,0.013267069013096188
moon welder,0.013267069013096188
moon,0.013267069013096188
welder feels,0.013267069013096188
work backhoe,0.013267069013096188
picks,0.013210448596009571
hits worker,0.013210448596009571
ventilation plug,0.013210448596009571
worker places,0.01320380115450174
places left,0.01320380115450174
used chisel,0.01320380115450174
warps,0.01320380115450174
warps circumstances,0.01320380115450174
pm preventive,0.01320380115450174
near head,0.01320380115450174
preventive maintenance,0.01320380115450174
position staff,0.01320380115450174
position bearing,0.01320380115450174
preventive,0.01320380115450174
water leakage,0.013160520970312955
wide cm,0.013160520970312955
partner stretches,0.013160520970312955
wearing boss,0.013160520970312955
using cutter,0.013160520970312955
imprisons finger,0.01314602429152778
finished goes,0.013131783949039088
tearing,0.013131783949039088
goes medical,0.013131783949039088
packages,0.013101253517730426
packages point,0.013101253517730426
point ingot,0.013101253517730426
zamac ingots,0.013101253517730426
zamac,0.013101253517730426
worn employee,0.013101253517730426
necessary fit,0.013101253517730426
work moments,0.013100911203775198
protruding ends,0.013100911203775198
placement support,0.013100911203775198
pressing mesh,0.013100911203775198
positioned basket,0.013100911203775198
plate tipper,0.013066421296404132
particles rock,0.013066421296404132
used measuring,0.013066421296404132
notices stretch,0.013066421296404132
unloading ore,0.013066421296404132
pit driver,0.013066421296404132
line located,0.013037612506118647
steam station,0.013037612506118647
house ustulation,0.013037612506118647
inspection evaluate,0.013037612506118647
carried pump,0.013037612506118647
house thermal,0.013037612506118647
spills,0.013037612506118647
acid spills,0.013037612506118647
conducting inspection,0.013037612506118647
activity carried,0.013037612506118647
conducting,0.013037612506118647
evaluate activity,0.013037612506118647
spills line,0.013037612506118647
ustulation steam,0.013037612506118647
glasses gloves,0.013034892048291067
helmet glasses,0.013034892048291067
protection prevent,0.013032019398182566
tyrfor time,0.013032019398182566
positive slope,0.013032019398182566
work broken,0.013032019398182566
prevent engine,0.013032019398182566
welder mechanic,0.013032019398182566
weight pulling,0.013032019398182566
using key,0.013032019398182566
dumper,0.01301812303429804
area mechanic,0.01301812303429804
paint clean,0.013003927628241412
paint face,0.013003927628241412
painting pumping,0.013003927628241412
use dry,0.013003927628241412
pipe completed,0.013003927628241412
period,0.013003927628241412
period time,0.013003927628241412
second rung,0.01293831630678538
protruded long,0.012920846840908756
protruded,0.012920846840908756
water accident,0.012920846840908756
van cluster,0.012920846840908756
wooden sleepers,0.012920846840908756
nail protruded,0.012920846840908756
parking van,0.012920846840908756
wound sole,0.012920846840908756
coordinated,0.012894231502164403
place work,0.012774601152542753
wall causing,0.012774601152542753
moves left,0.012764206570868982
natclar reporting,0.012764206570868982
mouth tunel,0.012764206570868982
noticing discomfort,0.012764206570868982
noticing protruding,0.012764206570868982
operator continued,0.012764206570868982
mouth noticing,0.012764206570868982
personnel transfer,0.012764206570868982
protruding abutment,0.012764206570868982
watch reporting,0.012764206570868982
noted operator,0.012764206570868982
partner knee,0.012764206570868982
noted,0.012764206570868982
watch,0.012764206570868982
whistling sting,0.012726694738100916
moving field,0.012726694738100916
vegetation moment,0.012726694738100916
platform lose,0.012635759047394215
workers positioned,0.012635759047394215
perforation workers,0.012635759047394215
upper hold,0.012635759047394215
moving cm,0.012635759047394215
positioned low,0.012635759047394215
withdrawal kelly,0.012635759047394215
position upper,0.012635759047394215
positioning bar,0.012635759047394215
lost balance,0.01261181568574996
lost,0.01261181568574996
holding right,0.01261181568574996
performed installation,0.012562701691292083
pipe ventilation,0.012562701691292083
pipe pipe,0.012562701691292083
pipe meters,0.012562701691292083
pipe form,0.012562701691292083
pipe gets,0.012562701691292083
yard scooptram,0.012562701691292083
yard,0.012562701691292083
worker loses,0.012562701691292083
pipe causing,0.012562701691292083
worker signals,0.012562701691292083
product slight,0.012546423859276104
waiting personnel,0.012546423859276104
personnel cage,0.012546423859276104
waiting,0.012546423859276104
water fall,0.012546423859276104
visited facilities,0.012546423859276104
visited,0.012546423859276104
visit interior,0.012546423859276104
mesh placed,0.012544346964458511
platform team,0.012538484946691145
particles reaches,0.012538484946691145
performed support,0.012538484946691145
performing magnetometric,0.01245662321804812
using gps,0.01245662321804812
protector causing,0.012440969196727459
point blows,0.012440969196727459
pound rubber,0.012440969196727459
discomfort eyes,0.012421433656073783
steam,0.012407861616895536
position hitting,0.01239841543019845
positioned main,0.01236329696935094
perform rock,0.01236329696935094
prevented falling,0.01236329696935094
perceives spark,0.01236329696935094
untie chimney,0.01236329696935094
untie,0.01236329696935094
proceed perform,0.01236329696935094
thumb left,0.012362198454439043
debarking,0.012362198454439043
debarking machine,0.012362198454439043
order pinking,0.012268494324957023
proceed order,0.012268494324957023
pinking thumb,0.012268494324957023
pinking,0.012268494324957023
injured collaborator,0.01226586665006199
wash water,0.012263021041695132
use inspection,0.012263021041695132
water transferred,0.012263021041695132
water immediately,0.012263021041695132
water label,0.012263021041695132
product equipment,0.012263021041695132
pre use,0.012263021041695132
proceeds wash,0.012263021041695132
noticing water,0.012263021041695132
plastic bottle,0.012263021041695132
measuring,0.012233575109572457
performed removal,0.01220136596857979
painting,0.012175064751916095
nose ematoma,0.012171235066875192
moving trays,0.012171235066875192
performing mag,0.012105306461653842
moving acquisition,0.012105306461653842
physician,0.012105306461653842
murilo da,0.012105306461653842
murilo,0.012105306461653842
wide small,0.012105306461653842
physician injury,0.012105306461653842
leg collaborator,0.012094618190468748
remaining mesh,0.0120635635539077
mesh wicks,0.0120635635539077
wicks,0.0120635635539077
pipe fourth,0.011971542224919376
point gable,0.011971542224919376
point clamping,0.011971542224919376
work table,0.011960355414031421
tunnel,0.011960355414031421
head employee,0.011942893403700697
sketched,0.011942893403700697
bee test,0.011942893403700697
sampling region,0.011942893403700697
sketched allergy,0.011942893403700697
verifying test,0.011942893403700697
site verifying,0.011942893403700697
left site,0.011942893403700697
neck hand,0.011942893403700697
site activity,0.011942893403700697
rushed away,0.011942893403700697
attacked bee,0.011942893403700697
sting site,0.011942893403700697
bites hand,0.011942893403700697
allergy just,0.011942893403700697
test rushed,0.011942893403700697
line left,0.011942893403700697
chin chest,0.011942893403700697
chest neck,0.011942893403700697
swelling sting,0.011942893403700697
sta employees,0.011942893403700697
sta,0.011942893403700697
test remained,0.011942893403700697
activity stopped,0.011942893403700697
bites chin,0.011942893403700697
uniform sketched,0.011942893403700697
just swelling,0.011942893403700697
glove head,0.011942893403700697
glove employee,0.011942893403700697
bites left,0.011942893403700697
stopped evaluate,0.011942893403700697
place employee,0.011942893403700697
evaluate site,0.011942893403700697
employee danillo,0.011942893403700697
rushed,0.011942893403700697
employee rafael,0.011942893403700697
danillo da,0.011942893403700697
danillo took,0.011942893403700697
remained line,0.011942893403700697
region sta,0.011942893403700697
rafael took,0.011942893403700697
rafael danillo,0.011942893403700697
employee took,0.011942893403700697
employees rafael,0.011942893403700697
worker used,0.011938422095017609
slightly,0.011938422095017609
accompanied geologist,0.011915502526924082
initial position,0.011910314568803416
length cm,0.01183036302490088
pushed,0.011761962302705566
height injured,0.011761962302705566
access operator,0.011739289119493082
cocada support,0.011739289119493082
leandro,0.011728582555709823
exit radius,0.011728582555709823
inside shallow,0.011728582555709823
company leandro,0.011728582555709823
target drainage,0.011728582555709823
away box,0.011728582555709823
point inside,0.011728582555709823
avoid stings,0.011728582555709823
leandro jehov,0.011728582555709823
vazante carried,0.011728582555709823
ran meters,0.011728582555709823
meters looking,0.011728582555709823
composed members,0.011728582555709823
attack bees,0.011728582555709823
radius attack,0.011728582555709823
shallow drainage,0.011728582555709823
possible,0.011728582555709823
reaction away,0.011728582555709823
vazante,0.011728582555709823
bee carton,0.011728582555709823
carried sediment,0.011728582555709823
carton,0.011728582555709823
jehov,0.011728582555709823
jehov nio,0.011728582555709823
safe area,0.011728582555709823
breno attacked,0.011728582555709823
jehovah,0.011728582555709823
collection current,0.011728582555709823
jehovah hand,0.011728582555709823
breno,0.011728582555709823
carton reaction,0.011728582555709823
project vazante,0.011728582555709823
box quickly,0.011728582555709823
possible avoid,0.011728582555709823
belly jehovah,0.011728582555709823
belly,0.011728582555709823
current south,0.011728582555709823
bees breno,0.011728582555709823
quickly possible,0.011728582555709823
shallow,0.011728582555709823
attacked consequently,0.011728582555709823
mata,0.011728582555709823
sediment collection,0.011728582555709823
looking,0.011728582555709823
saw bee,0.011728582555709823
stings belly,0.011728582555709823
nio moving,0.011728582555709823
hand verified,0.011728582555709823
stings ran,0.011728582555709823
drainage serra,0.011728582555709823
consequently suffered,0.011728582555709823
south mata,0.011728582555709823
mata target,0.011728582555709823
drainage saw,0.011728582555709823
consequently,0.011728582555709823
wca company,0.011728582555709823
suffered stings,0.011728582555709823
area exit,0.011728582555709823
looking safe,0.011728582555709823
garrote,0.011728582555709823
garrote team,0.011728582555709823
serra,0.011728582555709823
members wca,0.011728582555709823
serra garrote,0.011728582555709823
positions feet,0.01169991532828017
partner safety,0.01169991532828017
work reinforce,0.01169084360166544
walked distant,0.01169084360166544
walked,0.01169084360166544
welder completed,0.01169084360166544
point welder,0.01169084360166544
mt point,0.01169084360166544
felt pain,0.011662645210404561
bumped field,0.011662645210404561
field hat,0.011662645210404561
hat branch,0.011662645210404561
nio bumped,0.011662645210404561
holds,0.011647988967409711
trying remove,0.011647988967409711
locks,0.011647988967409711
water cooking,0.011636629575752715
pot kg,0.011636629575752715
positioning pot,0.011636629575752715
pouring cold,0.011636629575752715
water cook,0.011636629575752715
water area,0.011636629575752715
pot jaba,0.011636629575752715
weight including,0.011636629575752715
moving pot,0.011636629575752715
post evaluation,0.011636629575752715
work concrete,0.011583737889357498
plant collaborator,0.011583737889357498
wooden handle,0.011583737889357498
wood generating,0.011583737889357498
unicon plant,0.011583737889357498
wood supplies,0.011583737889357498
nailing wood,0.011583737889357498
vertically wood,0.011583737889357498
vertically,0.011583737889357498
nailing,0.011583737889357498
water sedimentation,0.011583737889357498
workshop height,0.011579227045264292
platform locomotive,0.011579227045264292
ventilation grille,0.011579227045264292
assistant positioned,0.011575267523183825
falling rock,0.011575267523183825
work carry,0.011512844447654061
ventilation inspection,0.011512844447654061
work stops,0.011512844447654061
proceed air,0.011512844447654061
product chicoteo,0.011512844447654061
points supervision,0.011512844447654061
points toe,0.011512844447654061
person producing,0.011512844447654061
pressure breaks,0.011512844447654061
filled,0.011481383125548715
pre,0.011481383125548715
pig,0.011424189667608716
pig tail,0.011424189667608716
projected injured,0.011424189667608716
weight tn,0.011424189667608716
person left,0.011424189667608716
order cleaning,0.011424189667608716
nose metal,0.011395447536033165
road surprised,0.011343763772207503
thorns face,0.011343763772207503
thorns,0.011343763772207503
bites thorns,0.011343763772207503
following road,0.011343763772207503
vehicle following,0.011343763772207503
local hospital,0.011333721182232933
nd finger,0.011258925452932302
clamping,0.011208483001100961
inches diameter,0.011208483001100961
inches,0.011208483001100961
level level,0.011193828665073569
attack,0.011162061247432055
current,0.011162061247432055
sediment,0.011162061247432055
arm uniform,0.01108857041483169
silva attacked,0.01108857041483169
work performing,0.011021178599533183
movement equipment,0.011021178599533183
prevented employee,0.011021178599533183
paulo silva,0.011021178599533183
point holding,0.011021178599533183
performing activity,0.011021178599533183
months,0.011021178599533183
points sample,0.011021178599533183
vegetation caused,0.011021178599533183
piece sloping,0.011021178599533183
months days,0.011021178599533183
workshop end,0.011014897881390411
oxides,0.011014897881390411
uses glove,0.011014897881390411
work small,0.011014897881390411
produces flash,0.011014897881390411
produces slight,0.011014897881390411
proceeds clean,0.011014897881390411
oxides hitting,0.011014897881390411
noise upper,0.01099338240202263
positive radial,0.01099338240202263
william goes,0.01099338240202263
ob loading,0.01099338240202263
platform realized,0.01099338240202263
upper pit,0.01099338240202263
william carried,0.01099338240202263
pit detachments,0.01099338240202263
work metatarsal,0.01099338240202263
pit mr,0.01099338240202263
ones,0.01099338240202263
observed drills,0.01099338240202263
ones covered,0.01099338240202263
positions,0.01095416944680509
mesh returns,0.01095416944680509
moment assistant,0.01095416944680509
unload end,0.01093030694233869
positioning line,0.01093030694233869
proceeding unload,0.01093030694233869
verify remains,0.01093030694233869
pouring,0.010894917491786353
basin,0.010845397091095927
forest needed,0.010837064380905035
divine assistant,0.010837064380905035
forest verify,0.010837064380905035
farm,0.010837064380905035
attacks allergic,0.010837064380905035
work completed,0.010837064380905035
moment took,0.010837064380905035
forest access,0.010837064380905035
mr zaro,0.010837064380905035
moment moved,0.010837064380905035
suffered sting,0.010837064380905035
geological reconnaissance,0.010837064380905035
ciliary,0.010837064380905035
ciliary forest,0.010837064380905035
access machete,0.010837064380905035
composed felipe,0.010837064380905035
realized opening,0.010837064380905035
divino morais,0.010837064380905035
snake suffered,0.010837064380905035
bite neck,0.010837064380905035
attacked snake,0.010837064380905035
morais normal,0.010837064380905035
morais,0.010837064380905035
activity encountered,0.010837064380905035
area verified,0.010837064380905035
activity farm,0.010837064380905035
divino,0.010837064380905035
needed enter,0.010837064380905035
moved away,0.010837064380905035
reconnaissance activity,0.010837064380905035
attacks,0.010837064380905035
machete moment,0.010837064380905035
outcrop,0.010837064380905035
neck attacks,0.010837064380905035
encountered ciliary,0.010837064380905035
leaving forest,0.010837064380905035
assistant attacked,0.010837064380905035
felipe divino,0.010837064380905035
normally work,0.010837064380905035
farm mr,0.010837064380905035
access divine,0.010837064380905035
forehead moment,0.010837064380905035
took bite,0.010837064380905035
snake,0.010837064380905035
verify rock,0.010837064380905035
divine realized,0.010837064380905035
zaro,0.010837064380905035
zaro team,0.010837064380905035
outcrop divine,0.010837064380905035
completed leaving,0.010837064380905035
rock outcrop,0.010837064380905035
normal activity,0.010837064380905035
sting forehead,0.010837064380905035
surprised bites,0.010795830220774523
moving away,0.010795830220774523
area stopped,0.010795830220774523
points following,0.010795830220774523
goggles wearing,0.010795830220774523
hurried,0.010795830220774523
stopped got,0.010795830220774523
wearing gloves,0.010795830220774523
gloves enter,0.010795830220774523
meters vehicle,0.010795830220774523
highway,0.010795830220774523
aripuan,0.010795830220774523
girdle goggles,0.010795830220774523
geological points,0.010795830220774523
got vehicle,0.010795830220774523
point identified,0.010795830220774523
evaluate geological,0.010795830220774523
forest area,0.010795830220774523
vehicle point,0.010795830220774523
vehicle moving,0.010795830220774523
highway gives,0.010795830220774523
quickly hurried,0.010795830220774523
identified gps,0.010795830220774523
hurried vehicle,0.010795830220774523
drainage following,0.010795830220774523
state highway,0.010795830220774523
area allergic,0.010795830220774523
state,0.010795830220774523
gps near,0.010795830220774523
following state,0.010795830220774523
wearing girdle,0.010795830220774523
distancing,0.010795830220774523
goggles,0.010795830220774523
access aripuan,0.010795830220774523
following gps,0.010795830220774523
girdle,0.010795830220774523
aripuan area,0.010795830220774523
personnel company,0.010765985385107979
nv gearbox,0.010765985385107979
personnel lower,0.010765985385107979
personnel time,0.010765985385107979
mouth nv,0.010765985385107979
plate ajg,0.010765985385107979
nv surface,0.010765985385107979
weed,0.01076325231911301
points checked,0.01076325231911301
paused teams,0.01076325231911301
weed neck,0.01076325231911301
vehicle radio,0.01076325231911301
paused,0.01076325231911301
wearing leggings,0.01076325231911301
vehicle struck,0.01076325231911301
moved field,0.01076325231911301
order know,0.01076325231911301
way field,0.01076325231911301
passes partner,0.010744904518411886
victim worker,0.010744904518411886
worker meters,0.010744904518411886
zone intersection,0.010744904518411886
person walks,0.010744904518411886
victim passes,0.010744904518411886
person asks,0.010744904518411886
operator stop,0.010744904518411886
walks worker,0.010744904518411886
partner stuck,0.010744904518411886
pass equipment,0.010744904518411886
work stp,0.010744904518411886
worker decide,0.010744904518411886
water takes,0.010744904518411886
person steps,0.010744904518411886
rock cmx,0.01073242145375371
preparing support,0.010725240442582603
overlap,0.010725240442582603
previous mesh,0.010725240442582603
non sustained,0.010725240442582603
overlap previous,0.010725240442582603
placing cloth,0.010725240442582603
work return,0.010725240442582603
operator check,0.010725240442582603
use epps,0.010725240442582603
non,0.010725240442582603
collection point,0.010722633181766047
moving collection,0.010722633181766047
members,0.010722633181766047
used corresponding,0.010698428274180008
pilot longer,0.010698428274180008
waste cylinders,0.010698428274180008
oil solid,0.010698428274180008
plate truck,0.010698428274180008
van loses,0.010698428274180008
vehicle informs,0.010698428274180008
plant chicrin,0.010698428274180008
old dining,0.010698428274180008
nv entering,0.010698428274180008
previously performed,0.010698428274180008
vehicle trying,0.010698428274180008
performed collaborator,0.010698428274180008
shoulder causing,0.010696018381341665
neck allergic,0.010693799458938886
whistling stings,0.010693799458938886
order make,0.010693799458938886
vegetation time,0.010693799458938886
worker causing,0.01066708386583192
progressive mild,0.010603813485198467
progressive,0.010603813485198467
walking progressive,0.010603813485198467
pain ankle,0.010603813485198467
occurred worker,0.010603813485198467
pain approximately,0.010603813485198467
worker walking,0.010603813485198467
walking straight,0.010603813485198467
worker decided,0.010603813485198467
yields moving,0.010567358852376595
notices piece,0.010567358852376595
performing evacuation,0.010567358852376595
piece support,0.010567358852376595
movement using,0.010567358852376595
moving direction,0.010567358852376595
present strip,0.010567358852376595
phase notices,0.010567358852376595
positioned frame,0.010567358852376595
employee continued,0.010318695007217191
reaction continued,0.010313605739436729
work normally,0.010313605739436729
thinner,0.010312814618440599
op moment,0.010290772132824168
partner finding,0.010290772132824168
weight body,0.010290772132824168
operates swing,0.010290772132824168
workshop welder,0.010290772132824168
proceeds inspect,0.010290772132824168
problems informs,0.010290772132824168
workshop operates,0.010290772132824168
positioned mt,0.010278895821782413
using portable,0.010278895821782413
portable,0.010278895821782413
portable ladder,0.010278895821782413
protruding gables,0.010278895821782413
unload,0.010233615457246912
employee wearing,0.010079767661672085
checked,0.010077208799733497
assistant time,0.010041619778375485
sustained area,0.010041619778375485
collaborator heard,0.010009554550015452
heard noise,0.010009554550015452
noise note,0.010009554550015452
polymer maslucan,0.010009554550015452
fragmentos,0.010009554550015452
fragmentos mineral,0.010009554550015452
collaborators carried,0.010009554550015452
note belt,0.010009554550015452
belt moving,0.010009554550015452
maslucan collaborator,0.010009554550015452
belt tail,0.010009554550015452
collaborators evacuated,0.010009554550015452
inspection conveyor,0.010009554550015452
access ramp,0.010009554550015452
mineral fragments,0.010009554550015452
pulley height,0.010009554550015452
height load,0.010009554550015452
pulley fragmentos,0.010009554550015452
maslucan,0.010009554550015452
projected access,0.010009554550015452
ramp impacting,0.010009554550015452
moving tail,0.010009554550015452
fragments projected,0.010009554550015452
load polymer,0.010009554550015452
bending,0.009927932505495765
collaborator hand,0.009893801470026936
hitting collaborator,0.009893801470026936
days,0.009820274966479865
wound employee,0.009796971930073542
pm luis,0.009796971930073542
wca opening,0.009796971930073542
opening machete,0.009796971930073542
operator kneeling,0.009645496402872935
operator squatting,0.009645496402872935
operator moves,0.009645496402872935
preparing present,0.009645496402872935
weighs,0.009645496402872935
present second,0.009645496402872935
weighs approximately,0.009645496402872935
operator pulls,0.009645496402872935
platform generates,0.009645496402872935
walking means,0.009645496402872935
work rock,0.009645496402872935
moves away,0.009645496402872935
gloves pad,0.00963484422908094
swing,0.00963484422908094
weakly,0.009625775409332064
pipeline gable,0.009625775409332064
weakly split,0.009625775409332064
movement path,0.009625775409332064
motorist riding,0.009625775409332064
work meters,0.009625775409332064
pole struck,0.009625775409332064
pipeline,0.009625775409332064
wearing seatbelt,0.009625775409332064
op assistant,0.009625775409332064
path convoy,0.009625775409332064
percussion generates,0.009571302816441125
positioned roof,0.009571302816441125
performs drilling,0.009571302816441125
pressure moment,0.009571302816441125
palm victim,0.009571302816441125
percussion attempts,0.009571302816441125
operator activates,0.009571302816441125
victim left,0.009571302816441125
movement shank,0.009571302816441125
note,0.0095260668044147
plant,0.009519374534225366
soil collection,0.0094336703477477
pedro second,0.00937378642778081
opening pricked,0.00937378642778081
work evaluated,0.00937378642778081
pricked future,0.00937378642778081
portion neck,0.00937378642778081
portion,0.00937378642778081
neck beetle,0.00937378642778081
pricked,0.00937378642778081
need paralyze,0.00937378642778081
performing work,0.00937378642778081
occurred collar,0.00937378642778081
works ip,0.00937378642778081
paralyze activity,0.00937378642778081
pablo,0.00936079704254077
pm pablo,0.00936079704254077
ppe needed,0.00936079704254077
pablo moving,0.00936079704254077
wasp sleeve,0.00936079704254077
uniform using,0.00936079704254077
upper projected,0.009327967868706804
pneumatic second,0.009327967868706804
projected tires,0.009327967868706804
worker tire,0.009327967868706804
parked suffered,0.009327967868706804
place event,0.009327967868706804
proceeded perform,0.009327967868706804
presented cut,0.009327967868706804
night shift,0.009327967868706804
previous guard,0.009327967868706804
night,0.009327967868706804
moved temporary,0.009327967868706804
motor supports,0.009327967868706804
pressure approximately,0.009327967868706804
place energy,0.009327967868706804
workers area,0.009327967868706804
wooden block,0.009327967868706804
wagons moment,0.009082359000231464
wagons loaded,0.009082359000231464
passed change,0.009082359000231464
motorist traveled,0.009082359000231464
personnel directed,0.009082359000231464
operated maperu,0.009082359000231464
op waste,0.009082359000231464
position operator,0.009030698003448747
op bines,0.009012234014706546
bines,0.009012234014706546
operator performs,0.008961233473592217
shaped,0.008961233473592217
support right,0.008961233473592217
level gallery,0.008961233473592217
contact left,0.008961233473592217
polymer glass,0.008935000093856844
place stages,0.008935000093856844
moving causing,0.008935000093856844
previous blasting,0.008932210874237411
upper support,0.008932210874237411
mt height,0.008932210874237411
producing lesion,0.008932210874237411
use telescopic,0.008932210874237411
projected right,0.008932210874237411
point mt,0.008932210874237411
insects,0.008776306666072816
pedro,0.008776306666072816
responsible,0.008776306666072816
size,0.008776306666072816
energy,0.008733408555631627
place hopper,0.008663721442727795
operators mesh,0.008663721442727795
wearing pvc,0.008663721442727795
moving roll,0.008663721442727795
operators pull,0.008663721442727795
operators wearing,0.008663721442727795
person proceeds,0.008584989416832233
mooring faneles,0.008584989416832233
proceeds tie,0.008584989416832233
mooring rock,0.008584989416832233
victim time,0.008584989416832233
wick distance,0.008584989416832233
wall blocks,0.008542472609679204
zone moments,0.008542472609679204
ventilation intermediate,0.008542472609679204
wall stopper,0.008542472609679204
work used,0.008542472609679204
occurs time,0.008542472609679204
wall wall,0.008542472609679204
used personal,0.008542472609679204
mortar,0.008542472609679204
mortar blocks,0.008542472609679204
personal safety,0.008542472609679204
personal,0.008542472609679204
preparing complete,0.008542472609679204
porangatu necessary,0.00852751120935016
opening bite,0.00852751120935016
piercing,0.00852751120935016
waxed,0.00852751120935016
waxed activity,0.00852751120935016
porangatu,0.00852751120935016
piercing foot,0.00852751120935016
verified injury,0.00852751120935016
necessary employee,0.00852751120935016
washed verified,0.00852751120935016
vegetation near,0.00852751120935016
locomotive operated,0.008503454655331701
operated,0.008503454655331701
maintenance activity,0.00836548832099236
positioning scissor,0.00822242467318726
positioned blocked,0.00822242467318726
obstruct support,0.00822242467318726
noticing steps,0.00822242467318726
verify ventilation,0.00822242467318726
obstruct,0.00822242467318726
person decides,0.00822242467318726
ventilation sleeve,0.00822242467318726
lane invaded,0.008215533262287866
driver turn,0.008215533262287866
work pipe,0.008215533262287866
activity safety,0.008215533262287866
cones,0.008215533262287866
meters main,0.008215533262287866
vehicle making,0.008215533262287866
sides road,0.008215533262287866
warning sides,0.008215533262287866
moments maperu,0.008215533262287866
pipe impacting,0.008215533262287866
maperu truck,0.008215533262287866
making driver,0.008215533262287866
main gate,0.008215533262287866
truck traveling,0.008215533262287866
civilian vehicle,0.008215533262287866
unit transporting,0.008215533262287866
pasco unit,0.008215533262287866
according inthinc,0.008215533262287866
impromec doing,0.008215533262287866
melt,0.008215533262287866
hot melt,0.008215533262287866
inthinc,0.008215533262287866
sharply,0.008215533262287866
meters activity,0.008215533262287866
inthinc width,0.008215533262287866
collaborators causing,0.008215533262287866
civilian,0.008215533262287866
width,0.008215533262287866
gate lane,0.008215533262287866
plate returned,0.008215533262287866
turn sharply,0.008215533262287866
accident truck,0.008215533262287866
truck plate,0.008215533262287866
respective epp,0.008215533262287866
invaded,0.008215533262287866
traveling km,0.008215533262287866
safety cones,0.008215533262287866
transporting consultant,0.008215533262287866
right staff,0.008215533262287866
width road,0.008215533262287866
invaded civilian,0.008215533262287866
road employees,0.008215533262287866
sharply right,0.008215533262287866
injuries described,0.008215533262287866
doing hot,0.008215533262287866
consultant,0.008215533262287866
staff company,0.008215533262287866
km according,0.008215533262287866
cones warning,0.008215533262287866
road meters,0.008215533262287866
consultant meters,0.008215533262287866
melt work,0.008215533262287866
pasco profiles,0.008192161635256589
proingcom security,0.008192161635256589
provoking fright,0.008192161635256589
washed,0.007983972543883572
perforation left,0.007939501708056127
upwards little,0.007939501708056127
vegetation left,0.007939501708056127
wire known,0.007939501708056127
wire barbed,0.007939501708056127
transporting,0.007818701451636968
company impromec,0.007818701451636968
steps falls,0.0076983320482648335
equipment height,0.0076983320482648335
refuge orange,0.007669997958985883
sound heard,0.007669997958985883
disabled energized,0.007669997958985883
disassembled,0.007669997958985883
area loud,0.007669997958985883
evacuation employees,0.007669997958985883
towers,0.007669997958985883
tower previously,0.007669997958985883
base tower,0.007669997958985883
kv lt,0.007669997958985883
apparently loud,0.007669997958985883
tower old,0.007669997958985883
sound correspond,0.007669997958985883
throw floor,0.007669997958985883
oxyfuel,0.007669997958985883
old towers,0.007669997958985883
caused staff,0.007669997958985883
proingcom,0.007669997958985883
discharge cable,0.007669997958985883
area means,0.007669997958985883
kv,0.007669997958985883
profiles base,0.007669997958985883
evacuation refuge,0.007669997958985883
foreman,0.007669997958985883
inside fenced,0.007669997958985883
refuge,0.007669997958985883
alert,0.007669997958985883
staff throw,0.007669997958985883
area proceeded,0.007669997958985883
area supervising,0.007669997958985883
activity indicate,0.007669997958985883
correspond,0.007669997958985883
correspond electrical,0.007669997958985883
orange,0.007669997958985883
old kv,0.007669997958985883
detector storms,0.007669997958985883
indicated detector,0.007669997958985883
detector,0.007669997958985883
orange alert,0.007669997958985883
previously disassembled,0.007669997958985883
heard provoking,0.007669997958985883
guard passes,0.007669997958985883
located city,0.007669997958985883
activities evacuation,0.007669997958985883
electrical discharge,0.007669997958985883
profiles,0.007669997958985883
disabled,0.007669997958985883
storms evacuation,0.007669997958985883
proceeded leave,0.007669997958985883
storms,0.007669997958985883
lt disabled,0.007669997958985883
passes old,0.007669997958985883
alert indicated,0.007669997958985883
using oxyfuel,0.007669997958985883
indicate,0.007669997958985883
cable guard,0.007669997958985883
oxyfuel equipment,0.007669997958985883
suddenly pump,0.0076521942881812135
grating trying,0.0076521942881812135
metal grate,0.0076521942881812135
putty,0.0076521942881812135
tank hits,0.0076521942881812135
tank impacts,0.0076521942881812135
dragging pump,0.0076521942881812135
manual tick,0.0076521942881812135
grating upper,0.0076521942881812135
channel inside,0.0076521942881812135
grid grating,0.0076521942881812135
hits diagonal,0.0076521942881812135
cm falls,0.0076521942881812135
covered platforms,0.0076521942881812135
inside conditioning,0.0076521942881812135
conditioning tank,0.0076521942881812135
abratech,0.0076521942881812135
abratech company,0.0076521942881812135
putty work,0.0076521942881812135
employees hyt,0.0076521942881812135
tick worked,0.0076521942881812135
tank meters,0.0076521942881812135
company doing,0.0076521942881812135
doing putty,0.0076521942881812135
lookout,0.0076521942881812135
diagonal channel,0.0076521942881812135
workers rubs,0.0076521942881812135
diagonal,0.0076521942881812135
hyt company,0.0076521942881812135
moved marked,0.0076521942881812135
helmet second,0.0076521942881812135
second worker,0.0076521942881812135
marked tape,0.0076521942881812135
company carried,0.0076521942881812135
deep covered,0.0076521942881812135
bomb moved,0.0076521942881812135
grate,0.0076521942881812135
kg cm,0.0076521942881812135
pump help,0.0076521942881812135
marked,0.0076521942881812135
impacts right,0.0076521942881812135
pump hooked,0.0076521942881812135
upper employees,0.0076521942881812135
pump metal,0.0076521942881812135
worked hooked,0.0076521942881812135
release metal,0.0076521942881812135
worker crouching,0.0076521942881812135
maneuvers transfer,0.0076521942881812135
rubs helmet,0.0076521942881812135
dragging,0.0076521942881812135
help manual,0.0076521942881812135
hooked beam,0.0076521942881812135
platforms metal,0.0076521942881812135
tape,0.0076521942881812135
tape did,0.0076521942881812135
crouching,0.0076521942881812135
crouching area,0.0076521942881812135
metal grid,0.0076521942881812135
area bomb,0.0076521942881812135
grating suddenly,0.0076521942881812135
grating kg,0.0076521942881812135
did lookout,0.0076521942881812135
grate grating,0.0076521942881812135
hyt,0.0076521942881812135
tick,0.0076521942881812135
workers abratech,0.0076521942881812135
beam dragging,0.0076521942881812135
platforms,0.0076521942881812135
transfer pump,0.0076521942881812135
work inside,0.0076521942881812135
carried maneuvers,0.0076521942881812135
hooked metal,0.0076521942881812135
arm workers,0.0076521942881812135
occurs,0.0076116568807101884
height floor,0.0076116568807101884
vertical form,0.0074858216714337
passes openings,0.0074858216714337
work master,0.0074858216714337
openings mesh,0.0074858216714337
mooring blasting,0.0074858216714337
used helmet,0.0074858216714337
point small,0.0074858216714337
opening support,0.0074858216714337
openings,0.0074858216714337
verify mooring,0.0074858216714337
crossing fence,0.007433442430393169
crossing,0.007433442430393169
came break,0.007433442430393169
gable approx,0.007342990664977562
anfoloader cabin,0.007342990664977562
wall gable,0.007342990664977562
protection rops,0.007342990664977562
helmets,0.007342990664977562
minor scoria,0.007342990664977562
workers used,0.007342990664977562
cabin protection,0.007342990664977562
helper basket,0.007342990664977562
team standing,0.007342990664977562
team block,0.007342990664977562
sustained shotcreterepentinamente,0.007342990664977562
suspended height,0.007342990664977562
operator ampoloader,0.007342990664977562
superior crown,0.007342990664977562
superior,0.007342990664977562
polyontusions,0.007342990664977562
suffered polyontusions,0.007342990664977562
polyontusions minor,0.007342990664977562
right superior,0.007342990664977562
mx impacting,0.007342990664977562
mx impacts,0.007342990664977562
scoria injuries,0.007342990664977562
injures,0.007342990664977562
scoria,0.007342990664977562
injures operator,0.007342990664977562
ground equipment,0.007342990664977562
standing ground,0.007342990664977562
rock approx,0.007342990664977562
rock detached,0.007342990664977562
helmets safety,0.007342990664977562
rops,0.007342990664977562
explosives using,0.007342990664977562
used helmets,0.007342990664977562
shotcreterepentinamente,0.007342990664977562
shotcreterepentinamente right,0.007342990664977562
later block,0.007342990664977562
moments later,0.007342990664977562
impacting basket,0.007342990664977562
company incimmet,0.007342990664977562
basket helper,0.007342990664977562
basket suspended,0.007342990664977562
fops time,0.007342990664977562
fops,0.007342990664977562
work sustained,0.007342990664977562
using equipment,0.007342990664977562
accident workers,0.007342990664977562
anfoloader work,0.007342990664977562
impacts ampoloader,0.007342990664977562
block injures,0.007342990664977562
height moments,0.007342990664977562
detached wall,0.007342990664977562
boots suffered,0.007342990664977562
rops fops,0.007342990664977562
worked,0.007282573227942725
meters deep,0.007282573227942725
indicated,0.007012149526889058
helmet safety,0.007008679698667889
crown piece,0.006988304950959259
block rock,0.006988304950959259
manoel da,0.00679588314106023
wicks prevent,0.00603178177695385
presenting support,0.00603178177695385
protruding trying,0.00603178177695385
wick tip,0.00603178177695385
worker begins,0.00603178177695385
wicks tips,0.00603178177695385
work presenting,0.00603178177695385
prevent curling,0.00603178177695385
positioned edge,0.00603178177695385
presenting,0.00603178177695385
ponchos,0.00603178177695385
point tries,0.00603178177695385
prongs protruding,0.00603178177695385
ponchos originating,0.00603178177695385
poles left,0.00603178177695385
poles,0.00603178177695385
prongs,0.00603178177695385
ademir,0.005676752111881261
traveled field,0.005676752111881261
distancing meters,0.005676752111881261
field evaluate,0.005676752111881261
floor making,0.005647319471722709
workshop fell,0.0
workshop time,0.0
pasco cutting,0.0
nitric acid,0.0
partner pressure,0.0
workshop maintenance,0.0
proingcom foreman,0.0
emergency shower,0.0
wound sutured,0.0
willing,0.0
nitric,0.0
pad type,0.0
accident team,0.0
works op,0.0
official unbalanced,0.0
worker transferred,0.0
worker use,0.0
nipple pump,0.0
presence respirator,0.0
antiallergic,0.0
magazine,0.0
willing manually,0.0
lip screen,0.0
passed stump,0.0
passed facila,0.0
passed emergency,0.0
working thermal,0.0
workplace,0.0
wound wrist,0.0
workplace presence,0.0
wrench extension,0.0
paralyzed collaborator,0.0
wila prong,0.0
wila,0.0
locking,0.0
zaf,0.0
zaf marcy,0.0
zero,0.0
zero energy,0.0
zinc direction,0.0
paralyzed moments,0.0
zinc mechanics,0.0
participating general,0.0
zinc pump,0.0
zinc sheet,0.0
projected forward,0.0
ground visibility,0.0
projected forehead,0.0
paralyzed entrance,0.0
noise fabio,0.0
accident collaborator,0.0
projected left,0.0
worker producing,0.0
presence water,0.0
wrist right,0.0
wrist team,0.0
xix,0.0
performed return,0.0
xix target,0.0
gilv,0.0
performed soil,0.0
project field,0.0
performed tests,0.0
xxx,0.0
xxx mechanic,0.0
paralyzed drove,0.0
project performed,0.0
passing level,0.0
winch moment,0.0
worker preparing,0.0
perceived,0.0
process washing,0.0
protection guard,0.0
woods,0.0
woods hissing,0.0
perceived slip,0.0
occurs sulfates,0.0
manual unlocking,0.0
pain spume,0.0
painting floor,0.0
prospector assistants,0.0
propici ndose,0.0
prescribing remedy,0.0
performed chuteo,0.0
propici,0.0
presence bees,0.0
winery mr,0.0
wooden strip,0.0
protective cap,0.0
wire body,0.0
wooden board,0.0
protector dumper,0.0
wires,0.0
wire tie,0.0
wire rope,0.0
wire mining,0.0
wire mesh,0.0
perform painting,0.0
occurs collaborator,0.0
occurs injury,0.0
withdrawing,0.0
packs medical,0.0
withdrawing hands,0.0
process squares,0.0
paid,0.0
protective gloves,0.0
winery,0.0
producing aforementioned,0.0
winch inefficacy,0.0
winche control,0.0
paralysis,0.0
paralysis activities,0.0
performed lifting,0.0
samples,0.0
offices incimmet,0.0
performed negative,0.0
worker mechanic,0.0
production drills,0.0
peeling pulling,0.0
winche,0.0
worker performed,0.0
acid leaching,0.0
gilv nio,0.0
projection region,0.0
worker prepares,0.0
wires grinder,0.0
prong,0.0
performed internal,0.0
nipple,0.0
protector released,0.0
work heat,0.0
work height,0.0
packs,0.0
work indicated,0.0
peeling,0.0
pedro released,0.0
producing small,0.0
nio allergic,0.0
pear pipette,0.0
pear,0.0
worked neglected,0.0
activity collaborator,0.0
prong opening,0.0
performer,0.0
activities normally,0.0
pressed equipment,0.0
pillar,0.0
process loading,0.0
post received,0.0
operator going,0.0
plates overflow,0.0
plates broken,0.0
operator head,0.0
slipped hand,0.0
post head,0.0
pressure using,0.0
colleagues,0.0
movement lost,0.0
collection xix,0.0
moved face,0.0
unbalanced coming,0.0
unbalanced twist,0.0
branches escape,0.0
plant courier,0.0
uncoupled,0.0
necessary doctor,0.0
near tc,0.0
provoking scare,0.0
nut rods,0.0
plug ladder,0.0
play near,0.0
play,0.0
moving vial,0.0
pressing th,0.0
pressing tip,0.0
platform unbalanced,0.0
platform second,0.0
platform arranged,0.0
operator eustaquio,0.0
pressure cathode,0.0
moves hopper,0.0
near tank,0.0
platform hopper,0.0
platform gives,0.0
pressure placed,0.0
uncoupled sulfide,0.0
branches,0.0
unevenness,0.0
place way,0.0
nylon diameter,0.0
operator picks,0.0
unlocking load,0.0
unlocking rods,0.0
operator positions,0.0
press left,0.0
place winche,0.0
place split,0.0
unevenness road,0.0
untimely flow,0.0
untimely operator,0.0
place hose,0.0
upper equipment,0.0
previous turn,0.0
north ramp,0.0
upper la,0.0
unloading process,0.0
nv tecnomin,0.0
prevented insects,0.0
unload backwards,0.0
placing inch,0.0
operator lowers,0.0
places wooden,0.0
places mini,0.0
pouring water,0.0
uniform manoel,0.0
operator negative,0.0
unit abruptly,0.0
unit aid,0.0
skin,0.0
operator official,0.0
placed ventilation,0.0
placed strip,0.0
decided leave,0.0
placed staircase,0.0
mr chagua,0.0
nro circumstances,0.0
pm approx,0.0
ripped tangled,0.0
pressed tool,0.0
stinging,0.0
stinging robson,0.0
position pressing,0.0
fabio passed,0.0
notice unevenness,0.0
position introduced,0.0
ripped,0.0
mud splashes,0.0
noticed hydraulic,0.0
positioning st,0.0
strong,0.0
strong acid,0.0
positioning zone,0.0
pom roy,0.0
stump robson,0.0
sting left,0.0
fabio ahead,0.0
ndose blow,0.0
nascimento,0.0
positioned slightly,0.0
collaborator referred,0.0
ndole,0.0
ndez injured,0.0
ndez,0.0
positioned platform,0.0
pressed locking,0.0
stage,0.0
robson sting,0.0
robson manoel,0.0
robson,0.0
natclar attention,0.0
position tranfer,0.0
fabio,0.0
nascimento crossing,0.0
mud swathed,0.0
mud hopper,0.0
operator directed,0.0
team vms,0.0
tank strong,0.0
target members,0.0
note sulphide,0.0
tc,0.0
opening collection,0.0
operator daniel,0.0
team stinging,0.0
operator descending,0.0
mt scoop,0.0
teams moving,0.0
operation cutter,0.0
mr fabio,0.0
returns initial,0.0
mr duval,0.0
th finger,0.0
mr denis,0.0
tangled branches,0.0
tangled,0.0
inside play,0.0
near ground,0.0
sulphide,0.0
opening corrugated,0.0
hissing noise,0.0
hissing,0.0
operator center,0.0
mr tito,0.0
pole ce,0.0
positions basket,0.0
near collection,0.0
surprised swarm,0.0
operator change,0.0
operation protective,0.0
swarm bees,0.0
point surprised,0.0
point mr,0.0
upper limbs,0.0
motion moment,0.0
upward,0.0
negative holes,0.0
pickaxe,0.0
pick rope,0.0
photos,0.0
walk,0.0
walk slips,0.0
preparation chemical,0.0
wall container,0.0
wall time,0.0
warley took,0.0
neglected,0.0
phalanx photos,0.0
neglected key,0.0
phalanx fourth,0.0
preparation solubilization,0.0
prepared manual,0.0
wanted rim,0.0
volvo workshop,0.0
volvo,0.0
pickaxe assist,0.0
picking set,0.0
piece mallet,0.0
visibility,0.0
visibility woods,0.0
piece electrolysis,0.0
proceed heating,0.0
vista,0.0
vista martin,0.0
picks water,0.0
proceed watered,0.0
needed cleaning,0.0
attacked bees,0.0
vitaulic pipe,0.0
vms,0.0
vms project,0.0
pre estriping,0.0
warley,0.0
washed affected,0.0
vieira,0.0
opens suction,0.0
overturning truck,0.0
oxicorte,0.0
wearing rubber,0.0
oxicorte equipment,0.0
performing soil,0.0
performing sleeve,0.0
performing manual,0.0
pulling sheet,0.0
prepares cut,0.0
weight rods,0.0
confined,0.0
preparing pick,0.0
screen ripped,0.0
screen,0.0
performing adjustment,0.0
prescribing,0.0
way piece,0.0
way pear,0.0
performs defensive,0.0
watered shot,0.0
washing material,0.0
members teams,0.0
preparing change,0.0
person knee,0.0
waste inside,0.0
doctor,0.0
water increases,0.0
water initiates,0.0
water mud,0.0
water road,0.0
overturning,0.0
performs upward,0.0
water supply,0.0
water thinner,0.0
watered,0.0
vieira performed,0.0
shot,0.0
upward force,0.0
pipe stage,0.0
piping,0.0
pipette sample,0.0
pipette came,0.0
pipette,0.0
used situations,0.0
used sledgehammer,0.0
using hammer,0.0
using indicated,0.0
probe winch,0.0
north,0.0
povoado,0.0
using screen,0.0
pipe right,0.0
using strength,0.0
op worker,0.0
bees robson,0.0
piping uncoupled,0.0
used pickaxe,0.0
prick lip,0.0
pique,0.0
place cleaning,0.0
pit tilted,0.0
use emergency,0.0
use epp,0.0
use gloves,0.0
pit level,0.0
moths went,0.0
moths,0.0
pistons chain,0.0
use sunglasses,0.0
used chin,0.0
pistons,0.0
previously removed,0.0
pique support,0.0
used lever,0.0
probe tower,0.0
operator traveled,0.0
victim coordinated,0.0
verify entry,0.0
shower,0.0
verified allergic,0.0
pilot wearing,0.0
pilot pilot,0.0
pillar support,0.0
leaching stage,0.0
module,0.0
verify failure,0.0
operator tries,0.0
ndole injury,0.0
neck stings,0.0
disk,0.0
neck using,0.0
ppe hit,0.0
vial,0.0
vial nitric,0.0
operated mr,0.0
procedure effective,0.0
op places,0.0
vehicle accompanied,0.0
pipe imprisoned,0.0
ustulador,0.0
ustulador oven,0.0
bees inside,0.0
observe ordinary,0.0
op time,0.0
op positioning,0.0
monkey caused,0.0
povoado vista,0.0
valve bo,0.0
monkey,0.0
battery,0.0
operator willing,0.0
silva prick,0.0
silva near,0.0
confined space,0.0
